id,as_of,scope,metric_name,value,unit,basis,scenario,notes,fact_status,source_id,confidence,as_of_date
1,2026-06,Australia,operational_data_centres,162.0,count,actual,,"AEMO, citing DCByte. Predominantly Sydney and Melbourne. BBC separately reports 162 with 90 more planned.",VERIFIED,SRC_AEMO26,high,2026-09-18
2,2026,Australia,planned_data_centres,90.0,count,pipeline,,,REPORTED,SRC_BB2026,medium,2026-09-18
3,2026,Australia,grid_share_of_electricity,2.0,%,actual,,Today's national grid-supplied electricity use.,VERIFIED,SRC_AEMO26,high,2026-09-18
4,2026-03,Australia,transmission_connection_queue_projects,11.0,count,pipeline,,"Projects >5 MW progressing through the transmission connection process at the end of the March 2026 quarter; ~60% NSW, ~40% VIC; most at early stages.",VERIFIED,SRC_AEMO26,high,2026-09-18
5,2026-03,Australia,transmission_connection_queue_mw,5400.0,MW,pipeline,,,VERIFIED,SRC_AEMO26,high,2026-09-18
6,2026-06,Australia,transmission_connection_queue_mw,9000.0,MW,pipeline,,"Secondary reporting indicates the queue rose from 5.4 GW to 9 GW in one quarter, with 7.6 GW still at application stage. Confirm against QED Q2 2026 before publication.",REPORTED,SRC_AEMO26,low,2026-09-18
7,2026,Australia,data_centre_pipeline_investment,155.0,AUD bn,estimate,,"Westpac IQ: exceeds $155bn, or 5.6% of one year's GDP.",REPORTED,SRC_WESTPAC,medium,2026-09-18
8,2030,Australia,data_centre_energy,12.0,TWh/yr,forecast_central,,~6% of grid-supplied electricity; ~25% p.a. growth.,VERIFIED,SRC_AEMO26,high,2026-09-18
9,2050,Australia,data_centre_energy,34.0,TWh/yr,forecast_central,,~12% of grid-supplied electricity.,VERIFIED,SRC_AEMO26,high,2026-09-18
10,2026,WA,operational_data_centres_swis,15.0,count,actual,,"South West Interconnected System. WA is in the WEM, not the NEM - a scope caveat for any 'National Electricity Market' framing.",VERIFIED,SRC_AEMO26,high,2026-09-18
11,2024,Australia,deployable_capacity,1350.0,MW,actual,,"Mandala Partners, Data Centres as Enabling Infrastructure.",REPORTED,SRC_CERTSTRAT,medium,2026-09-18
12,2030,Australia,deployable_capacity,3100.0,MW,forecast_central,,Mandala Partners; requires >A$26bn of new investment.,REPORTED,SRC_CERTSTRAT,medium,2026-09-18
13,2025,Australia,live_capacity,1400.0,MW,actual,,"CBRE, August 2025.",REPORTED,SRC_CERTSTRAT,medium,2026-09-18
14,2028,Australia,live_capacity,1800.0,MW,forecast_central,,CBRE; demand outpaces supply by 0.7-1.7 GW.,REPORTED,SRC_CERTSTRAT,medium,2026-09-18
15,2026-07,NSW,operational_or_construction_data_centres,60.0,count,actual,,,REPORTED,SRC_ABCNSW26,high,2026-09-18
16,2026-07,NSW,ssd_pipeline_projects,19.0,count,pipeline,,,VERIFIED,SRC_NSWGUIDE26,high,2026-09-18
17,2026-07,NSW,ssd_pipeline_value,50.3,AUD bn,pipeline,,,VERIFIED,SRC_NSWGUIDE26,high,2026-09-18
18,2030,NSW,grid_share_of_energy,11.0,%,forecast_central,,"NSW Minister for Climate Change, Environment and Energy. AEMO forecast: doubling from 5% of NSW grid-supplied energy in 2026 to 11% by 2030, over the same period in which ~7 GW of NSW coal generation is scheduled to retire.",REPORTED,SRC_ABCNSW26,high,2026-09-18
19,2040,NEM,grid_share_step_change,6.0,%,forecast_low,,AEMO 2025 ESOO lowest-growth scenario: 3% to 6% by 2040.,REPORTED,SRC_GREENPEACE_SUB,medium,2026-09-18
20,2040,NEM,grid_share_high_growth,13.0,%,forecast_high,,AEMO highest-growth scenario; more than total EV load or total residential electrification. Step Change projection for 2040 jumped from just under 5 TWh (2024 report) to 27 TWh (2025 report).,REPORTED,SRC_GREENPEACE_SUB,medium,2026-09-18
21,2026-08,Sydney basin,large_load_connection_enquiries,20000.0,MW,enquiry,,Transgrid: insufficient capacity exists today to connect any of the 20 GW of enquiries.,VERIFIED,SRC_TRANSGRID26,high,2026-09-18
22,2024-12,Sydney West (12 km radius),data_centre_connection_enquiries,10000.0,MW,enquiry,,Equivalent to the peak winter load for the whole of NSW concentrated in one local area. Enquiries received since late 2024.,VERIFIED,SRC_TRANSGRIDCAP,high,2026-09-18
23,2026-08,Western Sydney,signed_data_centre_connection_capacity,1500.0,MW,signed,,,VERIFIED,SRC_TRANSGRID26,high,2026-09-18
24,2026-08,Western Sydney,unlockable_capacity_with_augmentation,2000.0,MW,estimate,,"Requires a new South Creek 500/330 kV substation plus substation and transmission upgrades, funded by proponents.",VERIFIED,SRC_TRANSGRID26,high,2026-09-18
25,2026,NSW,average_demand,8750.0,MW,actual,,NSW average electricity demand ranges 7.5-10 GW; midpoint shown.,VERIFIED,SRC_TRANSGRID26,high,2026-09-18
26,2025,Australia,phantom_share_of_connection_requests,85.7,%,estimate,,Oxford Economics for AEMO: 6 in every 7 MW of data centre connection requests are phantom demand.,VERIFIED,SRC_NSWGUIDE26,high,2026-09-18
27,2026,NSW,applications_likely_to_proceed,20.0,%,estimate,,Consultation with energy utilities on their connections pipeline.,VERIFIED,SRC_NSWGUIDE26,high,2026-09-18
28,2026,NSW,ssd_project_pue_average,1.3,ratio,actual,,Range 1.15-1.4 across recent EISs; latest application requirements specify 1.3.,VERIFIED,SRC_NSWGUIDE26,high,2026-09-18
29,2026,NSW,ssd_project_wue_average,1.0,L/kWh,actual,,9 of 12 proposed projects; planning requirements do not yet specify WUE.,VERIFIED,SRC_NSWGUIDE26,high,2026-09-18
30,2026,NSW,diesel_generator_unregulated_hours,200.0,hours/yr,actual,,Current regulation allows generator use up to 200 hours a year without point-source NOx limits. The largest data centres have generator capacity comparable to NSW's larger gas power plants.,VERIFIED,SRC_NSWGUIDE26,high,2026-09-18
31,2023-03 to 2026-05,NSW,renewable_projects_approved,49.0,count,actual,,"10.2 GW of new generation and over 30 GWh of storage approved. Separately, 10 GW approved and 41 GW proposed statewide.",VERIFIED,SRC_NSWGUIDE26,high,2026-09-18
32,2026-02,NSW,ssd_projects_with_ppa_commitment,50.0,%,actual,,"Over half of proposed projects in the planning system had committed to some form of PPA or longer-term renewable sourcing. PPAs to date skew to solar rather than the wind, storage and firming NSW needs.",VERIFIED,SRC_NSWGUIDE26,high,2026-09-18
33,2035,Sydney,data_centre_share_of_drinking_water,25.0,%,forecast_central,,Sydney Water projection: the equivalent of about a quarter of the city's yearly drinking water supply.,REPORTED,SRC_ABC_WATER,high,2026-09-18
34,2025,Sydney,water_price_increase_attributable,168.0,AUD/household/yr,estimate,,Sydney Water reported rising potable demand from data centres as a factor in the regulator's 2025 price determination.,REPORTED,SRC_GREENPEACE_SUB,medium,2026-09-18
35,2035,NSW,wholesale_price_impact_without_new_supply,26.0,%,forecast_central,,"Climate Council: without significant new renewable generation and storage, data centres could push NSW power prices 26% higher by 2035.",REPORTED,SRC_BB2026,medium,2026-09-18
36,2026,Western Sydney,peak_demand_vs_rest_of_city,4.0,x,estimate,,SMH investigation: the capacity increase equals the average load of more than 10 million households and at peak would demand almost four times as much power as the rest of the city.,REPORTED,SRC_SMH_WSYD,medium,2026-09-18
37,2026,VIC,data_centre_pipeline_value,51.9,AUD bn,pipeline,,Clean Energy Council reference to Victorian fast-tracked priority projects. Reconcile with the Victorian Government's own 'more than $25bn' pipeline figure - the two are not measuring the same thing.,REPORTED,SRC_CEC,low,2026-09-18
38,2026,VIC,proposed_demand_estimated_by_farmers,9000.0,MW,estimate,,Victorian Farmers Federation estimate reported second-hand: equivalent to four Loy Yang power stations. Primary VFF document required before use.,CLAIMED,SRC_MELTONCC,low,2026-09-18
39,2026,NSW,hcf_certified_strategic_facilities_national,60.0,count,actual,,"60 Certified Strategic facilities and enclaves nationally across 13 providers, unchanged during the certification pause.",REPORTED,SRC_CERTSTRAT,medium,2026-09-18
40,2024-07,Virginia (US) - comparative,load_disconnected_after_single_fault,1500.0,MW,actual,,"The empirical basis for the AEMC fault ride-through standard. Approximately 1,500 MW of data centre load disconnected following a single network fault, contributing to system instability.",VERIFIED,SRC_AEMO26,high,2026-09-18
41,2026,NEM,large_data_centre_connection_lead_time,2.0,years,estimate,,Application to energisation; large data centres then ramp over 5-10 years.,VERIFIED,SRC_AEMO26,high,2026-09-18
42,2019-20,Australia,nger_scope1_AirTrunk,132.0,t CO2-e,actual,,"Clean Energy Regulator NGER corporate data, 2019-20, published controlling corporation 'AIRTRUNK AUSTRALIA HOLDING PTY LTD'.",VERIFIED,SRC_CER_NGERS,high,2026-09-21
43,2019-20,Australia,nger_scope2_AirTrunk,94528.0,t CO2-e,actual,,"Clean Energy Regulator NGER corporate data, 2019-20, published controlling corporation 'AIRTRUNK AUSTRALIA HOLDING PTY LTD'.",VERIFIED,SRC_CER_NGERS,high,2026-09-21
44,2019-20,Australia,nger_net_energy_AirTrunk,397923.0,GJ,actual,,"Clean Energy Regulator NGER corporate data, 2019-20, published controlling corporation 'AIRTRUNK AUSTRALIA HOLDING PTY LTD'.",VERIFIED,SRC_CER_NGERS,high,2026-09-21
45,2020-21,Australia,nger_scope1_AirTrunk,328.0,t CO2-e,actual,,"Clean Energy Regulator NGER corporate data, 2020-21, published controlling corporation 'AIRTRUNK AUSTRALIA HOLDING PTY LTD'.",VERIFIED,SRC_CER_NGERS,high,2026-09-21
46,2020-21,Australia,nger_scope2_AirTrunk,157174.0,t CO2-e,actual,,"Clean Energy Regulator NGER corporate data, 2020-21, published controlling corporation 'AIRTRUNK AUSTRALIA HOLDING PTY LTD'.",VERIFIED,SRC_CER_NGERS,high,2026-09-21
47,2020-21,Australia,nger_net_energy_AirTrunk,660303.0,GJ,actual,,"Clean Energy Regulator NGER corporate data, 2020-21, published controlling corporation 'AIRTRUNK AUSTRALIA HOLDING PTY LTD'.",VERIFIED,SRC_CER_NGERS,high,2026-09-21
48,2021-22,Australia,nger_scope1_AirTrunk,918.0,t CO2-e,actual,,"Clean Energy Regulator NGER corporate data, 2021-22, published controlling corporation 'AIRTRUNK AUSTRALIA HOLDING PTY LTD'.",VERIFIED,SRC_CER_NGERS,high,2026-09-21
49,2021-22,Australia,nger_scope2_AirTrunk,257423.0,t CO2-e,actual,,"Clean Energy Regulator NGER corporate data, 2021-22, published controlling corporation 'AIRTRUNK AUSTRALIA HOLDING PTY LTD'.",VERIFIED,SRC_CER_NGERS,high,2026-09-21
50,2021-22,Australia,nger_net_energy_AirTrunk,1106671.0,GJ,actual,,"Clean Energy Regulator NGER corporate data, 2021-22, published controlling corporation 'AIRTRUNK AUSTRALIA HOLDING PTY LTD'.",VERIFIED,SRC_CER_NGERS,high,2026-09-21
51,2022-23,Australia,nger_scope1_AirTrunk,2352.0,t CO2-e,actual,,"Clean Energy Regulator NGER corporate data, 2022-23, published controlling corporation 'AIRTRUNK AUSTRALIA HOLDING PTY LTD'.",VERIFIED,SRC_CER_NGERS,high,2026-09-21
52,2022-23,Australia,nger_scope2_AirTrunk,348562.0,t CO2-e,actual,,"Clean Energy Regulator NGER corporate data, 2022-23, published controlling corporation 'AIRTRUNK AUSTRALIA HOLDING PTY LTD'.",VERIFIED,SRC_CER_NGERS,high,2026-09-21
53,2022-23,Australia,nger_net_energy_AirTrunk,1643984.0,GJ,actual,,"Clean Energy Regulator NGER corporate data, 2022-23, published controlling corporation 'AIRTRUNK AUSTRALIA HOLDING PTY LTD'.",VERIFIED,SRC_CER_NGERS,high,2026-09-21
54,2023-24,Australia,nger_scope1_AirTrunk,1826.0,t CO2-e,actual,,"Clean Energy Regulator NGER corporate data, 2023-24, published controlling corporation 'AIRTRUNK AUSTRALIA HOLDING PTY LTD'.",VERIFIED,SRC_CER_NGERS,high,2026-09-21
55,2023-24,Australia,nger_scope2_AirTrunk,450207.0,t CO2-e,actual,,"Clean Energy Regulator NGER corporate data, 2023-24, published controlling corporation 'AIRTRUNK AUSTRALIA HOLDING PTY LTD'.",VERIFIED,SRC_CER_NGERS,high,2026-09-21
56,2023-24,Australia,nger_net_energy_AirTrunk,2275838.0,GJ,actual,,"Clean Energy Regulator NGER corporate data, 2023-24, published controlling corporation 'AIRTRUNK AUSTRALIA HOLDING PTY LTD'.",VERIFIED,SRC_CER_NGERS,high,2026-09-21
57,2024-25,Australia,nger_scope1_AirTrunk,4165.0,t CO2-e,actual,,"Clean Energy Regulator NGER corporate data, 2024-25, published controlling corporation 'AIRTRUNK AUSTRALIA HOLDING PTY LTD'.",VERIFIED,SRC_CER_NGERS,high,2026-09-21
58,2024-25,Australia,nger_scope2_AirTrunk,553344.0,t CO2-e,actual,,"Clean Energy Regulator NGER corporate data, 2024-25, published controlling corporation 'AIRTRUNK AUSTRALIA HOLDING PTY LTD'.",VERIFIED,SRC_CER_NGERS,high,2026-09-21
59,2024-25,Australia,nger_net_energy_AirTrunk,2886668.0,GJ,actual,,"Clean Energy Regulator NGER corporate data, 2024-25, published controlling corporation 'AIRTRUNK AUSTRALIA HOLDING PTY LTD'.",VERIFIED,SRC_CER_NGERS,high,2026-09-21
60,2019-20,Australia,nger_scope1_NEXTDC,433.0,t CO2-e,actual,,"Clean Energy Regulator NGER corporate data, 2019-20, published controlling corporation 'NEXTDC LIMITED'.",VERIFIED,SRC_CER_NGERS,high,2026-09-21
61,2019-20,Australia,nger_scope2_NEXTDC,218605.0,t CO2-e,actual,,"Clean Energy Regulator NGER corporate data, 2019-20, published controlling corporation 'NEXTDC LIMITED'.",VERIFIED,SRC_CER_NGERS,high,2026-09-21
62,2019-20,Australia,nger_net_energy_NEXTDC,906422.0,GJ,actual,,"Clean Energy Regulator NGER corporate data, 2019-20, published controlling corporation 'NEXTDC LIMITED'.",VERIFIED,SRC_CER_NGERS,high,2026-09-21
63,2020-21,Australia,nger_scope1_NEXTDC,663.0,t CO2-e,actual,,"Clean Energy Regulator NGER corporate data, 2020-21, published controlling corporation 'NEXTDC LIMITED'.",VERIFIED,SRC_CER_NGERS,high,2026-09-21
64,2020-21,Australia,nger_scope2_NEXTDC,293797.0,t CO2-e,actual,,"Clean Energy Regulator NGER corporate data, 2020-21, published controlling corporation 'NEXTDC LIMITED'.",VERIFIED,SRC_CER_NGERS,high,2026-09-21
65,2020-21,Australia,nger_net_energy_NEXTDC,1257868.0,GJ,actual,,"Clean Energy Regulator NGER corporate data, 2020-21, published controlling corporation 'NEXTDC LIMITED'.",VERIFIED,SRC_CER_NGERS,high,2026-09-21
66,2021-22,Australia,nger_scope1_NEXTDC,1289.0,t CO2-e,actual,,"Clean Energy Regulator NGER corporate data, 2021-22, published controlling corporation 'NEXTDC LIMITED'.",VERIFIED,SRC_CER_NGERS,high,2026-09-21
67,2021-22,Australia,nger_scope2_NEXTDC,350049.0,t CO2-e,actual,,"Clean Energy Regulator NGER corporate data, 2021-22, published controlling corporation 'NEXTDC LIMITED'.",VERIFIED,SRC_CER_NGERS,high,2026-09-21
68,2021-22,Australia,nger_net_energy_NEXTDC,1536358.0,GJ,actual,,"Clean Energy Regulator NGER corporate data, 2021-22, published controlling corporation 'NEXTDC LIMITED'.",VERIFIED,SRC_CER_NGERS,high,2026-09-21
69,2022-23,Australia,nger_scope1_NEXTDC,923.0,t CO2-e,actual,,"Clean Energy Regulator NGER corporate data, 2022-23, published controlling corporation 'NEXTDC LIMITED'.",VERIFIED,SRC_CER_NGERS,high,2026-09-21
70,2022-23,Australia,nger_scope2_NEXTDC,348765.0,t CO2-e,actual,,"Clean Energy Regulator NGER corporate data, 2022-23, published controlling corporation 'NEXTDC LIMITED'.",VERIFIED,SRC_CER_NGERS,high,2026-09-21
71,2022-23,Australia,nger_net_energy_NEXTDC,1689015.0,GJ,actual,,"Clean Energy Regulator NGER corporate data, 2022-23, published controlling corporation 'NEXTDC LIMITED'.",VERIFIED,SRC_CER_NGERS,high,2026-09-21
72,2023-24,Australia,nger_scope1_NEXTDC,1614.0,t CO2-e,actual,,"Clean Energy Regulator NGER corporate data, 2023-24, published controlling corporation 'NEXTDC LIMITED'.",VERIFIED,SRC_CER_NGERS,high,2026-09-21
73,2023-24,Australia,nger_scope2_NEXTDC,335627.0,t CO2-e,actual,,"Clean Energy Regulator NGER corporate data, 2023-24, published controlling corporation 'NEXTDC LIMITED'.",VERIFIED,SRC_CER_NGERS,high,2026-09-21
74,2023-24,Australia,nger_net_energy_NEXTDC,1744228.0,GJ,actual,,"Clean Energy Regulator NGER corporate data, 2023-24, published controlling corporation 'NEXTDC LIMITED'.",VERIFIED,SRC_CER_NGERS,high,2026-09-21
75,2024-25,Australia,nger_scope1_NEXTDC,7919.0,t CO2-e,actual,,"Clean Energy Regulator NGER corporate data, 2024-25, published controlling corporation 'NEXTDC LIMITED'.",VERIFIED,SRC_CER_NGERS,high,2026-09-21
76,2024-25,Australia,nger_scope2_NEXTDC,358353.0,t CO2-e,actual,,"Clean Energy Regulator NGER corporate data, 2024-25, published controlling corporation 'NEXTDC LIMITED'.",VERIFIED,SRC_CER_NGERS,high,2026-09-21
77,2024-25,Australia,nger_net_energy_NEXTDC,1971147.0,GJ,actual,,"Clean Energy Regulator NGER corporate data, 2024-25, published controlling corporation 'NEXTDC LIMITED'.",VERIFIED,SRC_CER_NGERS,high,2026-09-21
78,2020-21,Australia,nger_scope1_CDC Data Centres,163.0,t CO2-e,actual,,"Clean Energy Regulator NGER corporate data, 2020-21, published controlling corporation 'CDC GROUP HOLDINGS PTY LTD'.",VERIFIED,SRC_CER_NGERS,high,2026-09-21
79,2020-21,Australia,nger_scope2_CDC Data Centres,150136.0,t CO2-e,actual,,"Clean Energy Regulator NGER corporate data, 2020-21, published controlling corporation 'CDC GROUP HOLDINGS PTY LTD'.",VERIFIED,SRC_CER_NGERS,high,2026-09-21
80,2020-21,Australia,nger_net_energy_CDC Data Centres,669621.0,GJ,actual,,"Clean Energy Regulator NGER corporate data, 2020-21, published controlling corporation 'CDC GROUP HOLDINGS PTY LTD'.",VERIFIED,SRC_CER_NGERS,high,2026-09-21
81,2021-22,Australia,nger_scope1_CDC Data Centres,171.0,t CO2-e,actual,,"Clean Energy Regulator NGER corporate data, 2021-22, published controlling corporation 'CDC GROUP HOLDINGS PTY LTD'.",VERIFIED,SRC_CER_NGERS,high,2026-09-21
82,2021-22,Australia,nger_scope2_CDC Data Centres,187397.0,t CO2-e,actual,,"Clean Energy Regulator NGER corporate data, 2021-22, published controlling corporation 'CDC GROUP HOLDINGS PTY LTD'.",VERIFIED,SRC_CER_NGERS,high,2026-09-21
83,2021-22,Australia,nger_net_energy_CDC Data Centres,856414.0,GJ,actual,,"Clean Energy Regulator NGER corporate data, 2021-22, published controlling corporation 'CDC GROUP HOLDINGS PTY LTD'.",VERIFIED,SRC_CER_NGERS,high,2026-09-21
84,2022-23,Australia,nger_scope1_CDC Data Centres,199.0,t CO2-e,actual,,"Clean Energy Regulator NGER corporate data, 2022-23, published controlling corporation 'CDC GROUP HOLDINGS PTY LTD'.",VERIFIED,SRC_CER_NGERS,high,2026-09-21
85,2022-23,Australia,nger_scope2_CDC Data Centres,212744.0,t CO2-e,actual,,"Clean Energy Regulator NGER corporate data, 2022-23, published controlling corporation 'CDC GROUP HOLDINGS PTY LTD'.",VERIFIED,SRC_CER_NGERS,high,2026-09-21
86,2022-23,Australia,nger_net_energy_CDC Data Centres,1052002.0,GJ,actual,,"Clean Energy Regulator NGER corporate data, 2022-23, published controlling corporation 'CDC GROUP HOLDINGS PTY LTD'.",VERIFIED,SRC_CER_NGERS,high,2026-09-21
87,2023-24,Australia,nger_scope1_CDC Data Centres,301.0,t CO2-e,actual,,"Clean Energy Regulator NGER corporate data, 2023-24, published controlling corporation 'CDC GROUP HOLDINGS PTY LTD'.",VERIFIED,SRC_CER_NGERS,high,2026-09-21
88,2023-24,Australia,nger_scope2_CDC Data Centres,257540.0,t CO2-e,actual,,"Clean Energy Regulator NGER corporate data, 2023-24, published controlling corporation 'CDC GROUP HOLDINGS PTY LTD'.",VERIFIED,SRC_CER_NGERS,high,2026-09-21
89,2023-24,Australia,nger_net_energy_CDC Data Centres,1367770.0,GJ,actual,,"Clean Energy Regulator NGER corporate data, 2023-24, published controlling corporation 'CDC GROUP HOLDINGS PTY LTD'.",VERIFIED,SRC_CER_NGERS,high,2026-09-21
90,2024-25,Australia,nger_scope1_CDC Data Centres,215.0,t CO2-e,actual,,"Clean Energy Regulator NGER corporate data, 2024-25, published controlling corporation 'CDC GROUP HOLDINGS PTY LTD'.",VERIFIED,SRC_CER_NGERS,high,2026-09-21
91,2024-25,Australia,nger_scope2_CDC Data Centres,317465.0,t CO2-e,actual,,"Clean Energy Regulator NGER corporate data, 2024-25, published controlling corporation 'CDC GROUP HOLDINGS PTY LTD'.",VERIFIED,SRC_CER_NGERS,high,2026-09-21
92,2024-25,Australia,nger_net_energy_CDC Data Centres,1729124.0,GJ,actual,,"Clean Energy Regulator NGER corporate data, 2024-25, published controlling corporation 'CDC GROUP HOLDINGS PTY LTD'.",VERIFIED,SRC_CER_NGERS,high,2026-09-21
93,2019-20,Australia,nger_scope1_Amazon Web Services,771.0,t CO2-e,actual,,"Clean Energy Regulator NGER corporate data, 2019-20, published controlling corporation 'AMAZON CORPORATE SERVICES PTY LTD'.",VERIFIED,SRC_CER_NGERS,high,2026-09-21
94,2019-20,Australia,nger_scope2_Amazon Web Services,134104.0,t CO2-e,actual,,"Clean Energy Regulator NGER corporate data, 2019-20, published controlling corporation 'AMAZON CORPORATE SERVICES PTY LTD'.",VERIFIED,SRC_CER_NGERS,high,2026-09-21
95,2019-20,Australia,nger_net_energy_Amazon Web Services,606756.0,GJ,actual,,"Clean Energy Regulator NGER corporate data, 2019-20, published controlling corporation 'AMAZON CORPORATE SERVICES PTY LTD'.",VERIFIED,SRC_CER_NGERS,high,2026-09-21
96,2020-21,Australia,nger_scope1_Amazon Web Services,605.0,t CO2-e,actual,,"Clean Energy Regulator NGER corporate data, 2020-21, published controlling corporation 'AMAZON CORPORATE SERVICES PTY LTD'.",VERIFIED,SRC_CER_NGERS,high,2026-09-21
97,2020-21,Australia,nger_scope2_Amazon Web Services,192062.0,t CO2-e,actual,,"Clean Energy Regulator NGER corporate data, 2020-21, published controlling corporation 'AMAZON CORPORATE SERVICES PTY LTD'.",VERIFIED,SRC_CER_NGERS,high,2026-09-21
98,2020-21,Australia,nger_net_energy_Amazon Web Services,861976.0,GJ,actual,,"Clean Energy Regulator NGER corporate data, 2020-21, published controlling corporation 'AMAZON CORPORATE SERVICES PTY LTD'.",VERIFIED,SRC_CER_NGERS,high,2026-09-21
99,2021-22,Australia,nger_scope1_Amazon Web Services,626.0,t CO2-e,actual,,"Clean Energy Regulator NGER corporate data, 2021-22, published controlling corporation 'AMAZON CORPORATE SERVICES PTY LTD'.",VERIFIED,SRC_CER_NGERS,high,2026-09-21
100,2021-22,Australia,nger_scope2_Amazon Web Services,260583.0,t CO2-e,actual,,"Clean Energy Regulator NGER corporate data, 2021-22, published controlling corporation 'AMAZON CORPORATE SERVICES PTY LTD'.",VERIFIED,SRC_CER_NGERS,high,2026-09-21
101,2021-22,Australia,nger_net_energy_Amazon Web Services,1188419.0,GJ,actual,,"Clean Energy Regulator NGER corporate data, 2021-22, published controlling corporation 'AMAZON CORPORATE SERVICES PTY LTD'.",VERIFIED,SRC_CER_NGERS,high,2026-09-21
102,2022-23,Australia,nger_scope1_Amazon Web Services,739.0,t CO2-e,actual,,"Clean Energy Regulator NGER corporate data, 2022-23, published controlling corporation 'AMAZON CORPORATE SERVICES PTY LTD'.",VERIFIED,SRC_CER_NGERS,high,2026-09-21
103,2022-23,Australia,nger_scope2_Amazon Web Services,305732.0,t CO2-e,actual,,"Clean Energy Regulator NGER corporate data, 2022-23, published controlling corporation 'AMAZON CORPORATE SERVICES PTY LTD'.",VERIFIED,SRC_CER_NGERS,high,2026-09-21
104,2022-23,Australia,nger_net_energy_Amazon Web Services,1507903.0,GJ,actual,,"Clean Energy Regulator NGER corporate data, 2022-23, published controlling corporation 'AMAZON CORPORATE SERVICES PTY LTD'.",VERIFIED,SRC_CER_NGERS,high,2026-09-21
105,2023-24,Australia,nger_scope1_Amazon Web Services,583.0,t CO2-e,actual,,"Clean Energy Regulator NGER corporate data, 2023-24, published controlling corporation 'AMAZON CORPORATE SERVICES PTY LTD'.",VERIFIED,SRC_CER_NGERS,high,2026-09-21
106,2023-24,Australia,nger_scope2_Amazon Web Services,319138.0,t CO2-e,actual,,"Clean Energy Regulator NGER corporate data, 2023-24, published controlling corporation 'AMAZON CORPORATE SERVICES PTY LTD'.",VERIFIED,SRC_CER_NGERS,high,2026-09-21
107,2023-24,Australia,nger_net_energy_Amazon Web Services,1684160.0,GJ,actual,,"Clean Energy Regulator NGER corporate data, 2023-24, published controlling corporation 'AMAZON CORPORATE SERVICES PTY LTD'.",VERIFIED,SRC_CER_NGERS,high,2026-09-21
108,2024-25,Australia,nger_scope1_Amazon Web Services,1007.0,t CO2-e,actual,,"Clean Energy Regulator NGER corporate data, 2024-25, published controlling corporation 'AMAZON CORPORATE SERVICES PTY LTD'.",VERIFIED,SRC_CER_NGERS,high,2026-09-21
109,2024-25,Australia,nger_scope2_Amazon Web Services,405217.0,t CO2-e,actual,,"Clean Energy Regulator NGER corporate data, 2024-25, published controlling corporation 'AMAZON CORPORATE SERVICES PTY LTD'.",VERIFIED,SRC_CER_NGERS,high,2026-09-21
110,2024-25,Australia,nger_net_energy_Amazon Web Services,2207911.0,GJ,actual,,"Clean Energy Regulator NGER corporate data, 2024-25, published controlling corporation 'AMAZON CORPORATE SERVICES PTY LTD'.",VERIFIED,SRC_CER_NGERS,high,2026-09-21
111,2019-20,Australia,nger_scope1_Equinix,1198.0,t CO2-e,actual,,"Clean Energy Regulator NGER corporate data, 2019-20, published controlling corporation 'EQUINIX AUSTRALIA PTY LIMITED'.",VERIFIED,SRC_CER_NGERS,high,2026-09-21
112,2019-20,Australia,nger_scope2_Equinix,297414.0,t CO2-e,actual,,"Clean Energy Regulator NGER corporate data, 2019-20, published controlling corporation 'EQUINIX AUSTRALIA PTY LIMITED'.",VERIFIED,SRC_CER_NGERS,high,2026-09-21
113,2019-20,Australia,nger_net_energy_Equinix,1271291.0,GJ,actual,,"Clean Energy Regulator NGER corporate data, 2019-20, published controlling corporation 'EQUINIX AUSTRALIA PTY LIMITED'.",VERIFIED,SRC_CER_NGERS,high,2026-09-21
114,2020-21,Australia,nger_scope1_Equinix,969.0,t CO2-e,actual,,"Clean Energy Regulator NGER corporate data, 2020-21, published controlling corporation 'EQUINIX AUSTRALIA PTY LIMITED'.",VERIFIED,SRC_CER_NGERS,high,2026-09-21
115,2020-21,Australia,nger_scope2_Equinix,299083.0,t CO2-e,actual,,"Clean Energy Regulator NGER corporate data, 2020-21, published controlling corporation 'EQUINIX AUSTRALIA PTY LIMITED'.",VERIFIED,SRC_CER_NGERS,high,2026-09-21
116,2020-21,Australia,nger_net_energy_Equinix,1283804.0,GJ,actual,,"Clean Energy Regulator NGER corporate data, 2020-21, published controlling corporation 'EQUINIX AUSTRALIA PTY LIMITED'.",VERIFIED,SRC_CER_NGERS,high,2026-09-21
117,2021-22,Australia,nger_scope1_Equinix,826.0,t CO2-e,actual,,"Clean Energy Regulator NGER corporate data, 2021-22, published controlling corporation 'EQUINIX AUSTRALIA PTY LIMITED'.",VERIFIED,SRC_CER_NGERS,high,2026-09-21
118,2021-22,Australia,nger_scope2_Equinix,309100.0,t CO2-e,actual,,"Clean Energy Regulator NGER corporate data, 2021-22, published controlling corporation 'EQUINIX AUSTRALIA PTY LIMITED'.",VERIFIED,SRC_CER_NGERS,high,2026-09-21
119,2021-22,Australia,nger_net_energy_Equinix,1359210.0,GJ,actual,,"Clean Energy Regulator NGER corporate data, 2021-22, published controlling corporation 'EQUINIX AUSTRALIA PTY LIMITED'.",VERIFIED,SRC_CER_NGERS,high,2026-09-21
120,2022-23,Australia,nger_scope1_Equinix,1106.0,t CO2-e,actual,,"Clean Energy Regulator NGER corporate data, 2022-23, published controlling corporation 'EQUINIX AUSTRALIA PTY LIMITED'.",VERIFIED,SRC_CER_NGERS,high,2026-09-21
121,2022-23,Australia,nger_scope2_Equinix,286428.0,t CO2-e,actual,,"Clean Energy Regulator NGER corporate data, 2022-23, published controlling corporation 'EQUINIX AUSTRALIA PTY LIMITED'.",VERIFIED,SRC_CER_NGERS,high,2026-09-21
122,2022-23,Australia,nger_net_energy_Equinix,1392552.0,GJ,actual,,"Clean Energy Regulator NGER corporate data, 2022-23, published controlling corporation 'EQUINIX AUSTRALIA PTY LIMITED'.",VERIFIED,SRC_CER_NGERS,high,2026-09-21
123,2023-24,Australia,nger_scope1_Equinix,799.0,t CO2-e,actual,,"Clean Energy Regulator NGER corporate data, 2023-24, published controlling corporation 'EQUINIX AUSTRALIA PTY LIMITED'.",VERIFIED,SRC_CER_NGERS,high,2026-09-21
124,2023-24,Australia,nger_scope2_Equinix,279218.0,t CO2-e,actual,,"Clean Energy Regulator NGER corporate data, 2023-24, published controlling corporation 'EQUINIX AUSTRALIA PTY LIMITED'.",VERIFIED,SRC_CER_NGERS,high,2026-09-21
125,2023-24,Australia,nger_net_energy_Equinix,1449889.0,GJ,actual,,"Clean Energy Regulator NGER corporate data, 2023-24, published controlling corporation 'EQUINIX AUSTRALIA PTY LIMITED'.",VERIFIED,SRC_CER_NGERS,high,2026-09-21
126,2024-25,Australia,nger_scope1_Equinix,1869.0,t CO2-e,actual,,"Clean Energy Regulator NGER corporate data, 2024-25, published controlling corporation 'EQUINIX AUSTRALIA PTY LIMITED'.",VERIFIED,SRC_CER_NGERS,high,2026-09-21
127,2024-25,Australia,nger_scope2_Equinix,288374.0,t CO2-e,actual,,"Clean Energy Regulator NGER corporate data, 2024-25, published controlling corporation 'EQUINIX AUSTRALIA PTY LIMITED'.",VERIFIED,SRC_CER_NGERS,high,2026-09-21
128,2024-25,Australia,nger_net_energy_Equinix,1557358.0,GJ,actual,,"Clean Energy Regulator NGER corporate data, 2024-25, published controlling corporation 'EQUINIX AUSTRALIA PTY LIMITED'.",VERIFIED,SRC_CER_NGERS,high,2026-09-21
129,2019-20,Australia,nger_scope1_Global Switch Australia,92.0,t CO2-e,actual,,"Clean Energy Regulator NGER corporate data, 2019-20, published controlling corporation 'GLOBAL SWITCH AUSTRALIA PTY LIMITED'.",VERIFIED,SRC_CER_NGERS,high,2026-09-21
130,2019-20,Australia,nger_scope2_Global Switch Australia,137617.0,t CO2-e,actual,,"Clean Energy Regulator NGER corporate data, 2019-20, published controlling corporation 'GLOBAL SWITCH AUSTRALIA PTY LIMITED'.",VERIFIED,SRC_CER_NGERS,high,2026-09-21
131,2019-20,Australia,nger_net_energy_Global Switch Australia,612953.0,GJ,actual,,"Clean Energy Regulator NGER corporate data, 2019-20, published controlling corporation 'GLOBAL SWITCH AUSTRALIA PTY LIMITED'.",VERIFIED,SRC_CER_NGERS,high,2026-09-21
132,2020-21,Australia,nger_scope1_Global Switch Australia,85.0,t CO2-e,actual,,"Clean Energy Regulator NGER corporate data, 2020-21, published controlling corporation 'GLOBAL SWITCH AUSTRALIA PTY LIMITED'.",VERIFIED,SRC_CER_NGERS,high,2026-09-21
133,2020-21,Australia,nger_scope2_Global Switch Australia,129503.0,t CO2-e,actual,,"Clean Energy Regulator NGER corporate data, 2020-21, published controlling corporation 'GLOBAL SWITCH AUSTRALIA PTY LIMITED'.",VERIFIED,SRC_CER_NGERS,high,2026-09-21
134,2020-21,Australia,nger_net_energy_Global Switch Australia,576792.0,GJ,actual,,"Clean Energy Regulator NGER corporate data, 2020-21, published controlling corporation 'GLOBAL SWITCH AUSTRALIA PTY LIMITED'.",VERIFIED,SRC_CER_NGERS,high,2026-09-21
135,2021-22,Australia,nger_scope1_Global Switch Australia,211.0,t CO2-e,actual,,"Clean Energy Regulator NGER corporate data, 2021-22, published controlling corporation 'GLOBAL SWITCH AUSTRALIA PTY LIMITED'.",VERIFIED,SRC_CER_NGERS,high,2026-09-21
136,2021-22,Australia,nger_scope2_Global Switch Australia,119619.0,t CO2-e,actual,,"Clean Energy Regulator NGER corporate data, 2021-22, published controlling corporation 'GLOBAL SWITCH AUSTRALIA PTY LIMITED'.",VERIFIED,SRC_CER_NGERS,high,2026-09-21
137,2021-22,Australia,nger_net_energy_Global Switch Australia,548110.0,GJ,actual,,"Clean Energy Regulator NGER corporate data, 2021-22, published controlling corporation 'GLOBAL SWITCH AUSTRALIA PTY LIMITED'.",VERIFIED,SRC_CER_NGERS,high,2026-09-21
138,2022-23,Australia,nger_scope1_Global Switch Australia,184.0,t CO2-e,actual,,"Clean Energy Regulator NGER corporate data, 2022-23, published controlling corporation 'GLOBAL SWITCH AUSTRALIA HOLDINGS PTY LIMITED'.",VERIFIED,SRC_CER_NGERS,high,2026-09-21
139,2022-23,Australia,nger_scope2_Global Switch Australia,94827.0,t CO2-e,actual,,"Clean Energy Regulator NGER corporate data, 2022-23, published controlling corporation 'GLOBAL SWITCH AUSTRALIA HOLDINGS PTY LIMITED'.",VERIFIED,SRC_CER_NGERS,high,2026-09-21
140,2022-23,Australia,nger_net_energy_Global Switch Australia,470265.0,GJ,actual,,"Clean Energy Regulator NGER corporate data, 2022-23, published controlling corporation 'GLOBAL SWITCH AUSTRALIA HOLDINGS PTY LIMITED'.",VERIFIED,SRC_CER_NGERS,high,2026-09-21
141,2023-24,Australia,nger_scope1_Global Switch Australia,311.0,t CO2-e,actual,,"Clean Energy Regulator NGER corporate data, 2023-24, published controlling corporation 'GLOBAL SWITCH AUSTRALIA HOLDINGS PTY LIMITED'.",VERIFIED,SRC_CER_NGERS,high,2026-09-21
142,2023-24,Australia,nger_scope2_Global Switch Australia,78961.0,t CO2-e,actual,,"Clean Energy Regulator NGER corporate data, 2023-24, published controlling corporation 'GLOBAL SWITCH AUSTRALIA HOLDINGS PTY LIMITED'.",VERIFIED,SRC_CER_NGERS,high,2026-09-21
143,2023-24,Australia,nger_net_energy_Global Switch Australia,422466.0,GJ,actual,,"Clean Energy Regulator NGER corporate data, 2023-24, published controlling corporation 'GLOBAL SWITCH AUSTRALIA HOLDINGS PTY LIMITED'.",VERIFIED,SRC_CER_NGERS,high,2026-09-21
144,2019-20,Australia,nger_scope1_Telstra,36019.0,t CO2-e,actual,,"Clean Energy Regulator NGER corporate data, 2019-20, published controlling corporation 'TELSTRA CORPORATION LIMITED'.",VERIFIED,SRC_CER_NGERS,high,2026-09-21
145,2019-20,Australia,nger_scope2_Telstra,1140573.0,t CO2-e,actual,,"Clean Energy Regulator NGER corporate data, 2019-20, published controlling corporation 'TELSTRA CORPORATION LIMITED'.",VERIFIED,SRC_CER_NGERS,high,2026-09-21
146,2019-20,Australia,nger_net_energy_Telstra,5593779.0,GJ,actual,,"Clean Energy Regulator NGER corporate data, 2019-20, published controlling corporation 'TELSTRA CORPORATION LIMITED'.",VERIFIED,SRC_CER_NGERS,high,2026-09-21
147,2020-21,Australia,nger_scope1_Telstra,32815.0,t CO2-e,actual,,"Clean Energy Regulator NGER corporate data, 2020-21, published controlling corporation 'TELSTRA CORPORATION LIMITED'.",VERIFIED,SRC_CER_NGERS,high,2026-09-21
148,2020-21,Australia,nger_scope2_Telstra,1080491.0,t CO2-e,actual,,"Clean Energy Regulator NGER corporate data, 2020-21, published controlling corporation 'TELSTRA CORPORATION LIMITED'.",VERIFIED,SRC_CER_NGERS,high,2026-09-21
149,2020-21,Australia,nger_net_energy_Telstra,5358340.0,GJ,actual,,"Clean Energy Regulator NGER corporate data, 2020-21, published controlling corporation 'TELSTRA CORPORATION LIMITED'.",VERIFIED,SRC_CER_NGERS,high,2026-09-21
150,2021-22,Australia,nger_scope1_Telstra,31543.0,t CO2-e,actual,,"Clean Energy Regulator NGER corporate data, 2021-22, published controlling corporation 'TELSTRA CORPORATION LIMITED'.",VERIFIED,SRC_CER_NGERS,high,2026-09-21
151,2021-22,Australia,nger_scope2_Telstra,1040346.0,t CO2-e,actual,,"Clean Energy Regulator NGER corporate data, 2021-22, published controlling corporation 'TELSTRA CORPORATION LIMITED'.",VERIFIED,SRC_CER_NGERS,high,2026-09-21
152,2021-22,Australia,nger_net_energy_Telstra,5284566.0,GJ,actual,,"Clean Energy Regulator NGER corporate data, 2021-22, published controlling corporation 'TELSTRA CORPORATION LIMITED'.",VERIFIED,SRC_CER_NGERS,high,2026-09-21
153,2022-23,Australia,nger_scope1_Telstra,30465.0,t CO2-e,actual,,"Clean Energy Regulator NGER corporate data, 2022-23, published controlling corporation 'TELSTRA GROUP LIMITED'.",VERIFIED,SRC_CER_NGERS,high,2026-09-21
154,2022-23,Australia,nger_scope2_Telstra,856726.0,t CO2-e,actual,,"Clean Energy Regulator NGER corporate data, 2022-23, published controlling corporation 'TELSTRA GROUP LIMITED'.",VERIFIED,SRC_CER_NGERS,high,2026-09-21
155,2022-23,Australia,nger_net_energy_Telstra,4933447.0,GJ,actual,,"Clean Energy Regulator NGER corporate data, 2022-23, published controlling corporation 'TELSTRA GROUP LIMITED'.",VERIFIED,SRC_CER_NGERS,high,2026-09-21
156,2023-24,Australia,nger_scope1_Telstra,32771.0,t CO2-e,actual,,"Clean Energy Regulator NGER corporate data, 2023-24, published controlling corporation 'TELSTRA GROUP LIMITED'.",VERIFIED,SRC_CER_NGERS,high,2026-09-21
157,2023-24,Australia,nger_scope2_Telstra,757967.0,t CO2-e,actual,,"Clean Energy Regulator NGER corporate data, 2023-24, published controlling corporation 'TELSTRA GROUP LIMITED'.",VERIFIED,SRC_CER_NGERS,high,2026-09-21
158,2023-24,Australia,nger_net_energy_Telstra,4657693.0,GJ,actual,,"Clean Energy Regulator NGER corporate data, 2023-24, published controlling corporation 'TELSTRA GROUP LIMITED'.",VERIFIED,SRC_CER_NGERS,high,2026-09-21
159,2024-25,Australia,nger_scope1_Telstra,31422.0,t CO2-e,actual,,"Clean Energy Regulator NGER corporate data, 2024-25, published controlling corporation 'TELSTRA GROUP LIMITED'.",VERIFIED,SRC_CER_NGERS,high,2026-09-21
160,2024-25,Australia,nger_scope2_Telstra,677664.0,t CO2-e,actual,,"Clean Energy Regulator NGER corporate data, 2024-25, published controlling corporation 'TELSTRA GROUP LIMITED'.",VERIFIED,SRC_CER_NGERS,high,2026-09-21
161,2024-25,Australia,nger_net_energy_Telstra,4310554.0,GJ,actual,,"Clean Energy Regulator NGER corporate data, 2024-25, published controlling corporation 'TELSTRA GROUP LIMITED'.",VERIFIED,SRC_CER_NGERS,high,2026-09-21
162,2024-25,Australia,nger_market_based_scope2_fujitsu,28945.0,t CO2-e,actual,,CER market-based scope 2 table 2024-25; coverage flag: Yes.,VERIFIED,SRC_CER_MARKETS2,high,2026-09-21
163,2024-25,Australia,nger_market_based_scope2_nextdc,345432.0,t CO2-e,actual,,CER market-based scope 2 table 2024-25; coverage flag: No (94% of facilities).,VERIFIED,SRC_CER_MARKETS2,high,2026-09-21
164,2026-03,NSW,ida_endorsed_data_centre_investment,51.9,AUD bn,pipeline,,"15 projects endorsed in Round 1 of the NSW Investment Delivery Authority, announced with proponent names and local government areas.",VERIFIED,SRC_NSW_IDA,high,2026-09-18
165,2026-03,NSW,ida_rejected_data_centre_investment,40.7,AUD bn,pipeline,,Proposals the IDA declined to endorse as premature or overly speculative. The single best government-side measure of phantom demand in Australia.,VERIFIED,SRC_NSW_IDA,high,2026-09-18
166,2026-03,NSW,ida_endorsed_energy_projects,34.0,AUD bn,pipeline,,14 renewable energy and energy security projects endorsed earlier in March 2026.,VERIFIED,SRC_NSW_IDA,high,2026-09-18
167,2026-03,NSW,operational_data_centres_nsw_release,90.0,count,actual,,"Figure used in the 27 March 2026 ministerial release. CONFLICTS with the ~60 figure in the NSW Data Centre Guidelines of 17 August 2026, which says ~60 'once double counting associated with projects developed through multiple stages is accounted for'. Both are NSW Government numbers five months apart; the Guidelines figure is the methodologically qualified one and should be preferred.",VERIFIED,SRC_NSW_IDA,high,2026-09-18
168,2026-03,NSW,dc_share_of_nonresidential_building_investment,12.0,%,actual,,Data centres are 12% of all non-residential building investment in NSW; investment value has grown 65% per year on average over three years.,VERIFIED,SRC_NSW_IDA,high,2026-09-18
169,2026-03,NSW,dc_projects_approved_past_year,8.0,count,actual,,"Eight data centre projects worth more than $10bn approved in the preceding year, including the biggest data centre in the Southern Hemisphere (CDC Marsden Park, separately reported at A$3.1bn).",VERIFIED,SRC_NSW_IDA,high,2026-09-18
170,2026-07,Australia,operational_data_centres_guardian_abs,285.0,count,actual,,"Guardian Australia, July 2026. CONFLICTS with AEMO's 162 (June 2026, citing DCByte) and with the NSW release's 90 for NSW alone. Almost certainly a different definition of 'data centre' - likely counting all colocation and enterprise rooms rather than facilities above a capacity threshold. Recorded as a conflict, not resolved.",REPORTED,SRC_GUARD_PLUMPTON,low,2026-09-18
171,2026-01,Australia,commercial_building_approvals_dc_spike,5.0,AUD bn,actual,,"ABS building approvals for commercial buildings not elsewhere classified, a series the ABS states is spiking because of data centres.",REPORTED,SRC_GUARD_PLUMPTON,medium,2026-09-18
172,2023-07,NSW,msft_kemps_creek_generators,61.0,count,actual,,"Generators in the SSD-10101987 consent for Microsoft's Kemps Creek campus, alongside 30 diesel storage tanks. Compare 846 generators and >18,000 kL of diesel storage in the adjacent proposed 1 GW Mamre Road campus.",VERIFIED,SRC_NSWPORTAL_KC,high,2026-09-18
173,2026-09,NSW,glendenning_road_approved_mw,202.4,MW,actual,,"Approved 16 September 2026, one month after the NSW Data Centre Guidelines took effect, over Blacktown City Council's objection.",VERIFIED,SRC_NSWPORTAL_GLEN,high,2026-09-18
174,2026-07,VIC,plumpton_ai_hub_max_capacity,2400.0,MW,pipeline,,"Reported maximum capacity across four buildings on 350 ha at Plumpton; would exceed Loy Yang A. From secondary and community reporting, not from a lodged application - no application reference located yet.",REPORTED,SRC_GUARD_PLUMPTON,low,2026-09-18
175,2026-07,VIC,plumpton_petition_signatures,3600.0,count,actual,,Signatures on the petition for careful assessment.,REPORTED,SRC_GUARD_PLUMPTON,high,2026-09-18
176,2026-09,NSW - Bayside,nsw_dc_ssd_projects,1.0,count,actual,,"Data centre State Significant Development project records on the NSW Planning Portal, harvested 18 September 2026. Includes modification applications.",VERIFIED,SRC_NSWPORTAL_REGISTER,high,2026-09-18
177,2026-09,NSW - Blacktown,nsw_dc_ssd_projects,13.0,count,actual,,"Data centre State Significant Development project records on the NSW Planning Portal, harvested 18 September 2026. Includes modification applications.",VERIFIED,SRC_NSWPORTAL_REGISTER,high,2026-09-18
178,2026-09,NSW - Camden,nsw_dc_ssd_projects,2.0,count,actual,,"Data centre State Significant Development project records on the NSW Planning Portal, harvested 18 September 2026. Includes modification applications.",VERIFIED,SRC_NSWPORTAL_REGISTER,high,2026-09-18
179,2026-09,NSW - Cessnock City,nsw_dc_ssd_projects,1.0,count,actual,,"Data centre State Significant Development project records on the NSW Planning Portal, harvested 18 September 2026. Includes modification applications.",VERIFIED,SRC_NSWPORTAL_REGISTER,high,2026-09-18
180,2026-09,NSW - City of Parramatta,nsw_dc_ssd_projects,1.0,count,actual,,"Data centre State Significant Development project records on the NSW Planning Portal, harvested 18 September 2026. Includes modification applications.",VERIFIED,SRC_NSWPORTAL_REGISTER,high,2026-09-18
181,2026-09,NSW - City of Ryde,nsw_dc_ssd_projects,9.0,count,actual,,"Data centre State Significant Development project records on the NSW Planning Portal, harvested 18 September 2026. Includes modification applications.",VERIFIED,SRC_NSWPORTAL_REGISTER,high,2026-09-18
182,2026-09,NSW - City of Sydney,nsw_dc_ssd_projects,2.0,count,actual,,"Data centre State Significant Development project records on the NSW Planning Portal, harvested 18 September 2026. Includes modification applications.",VERIFIED,SRC_NSWPORTAL_REGISTER,high,2026-09-18
183,2026-09,NSW - Cumberland,nsw_dc_ssd_projects,1.0,count,actual,,"Data centre State Significant Development project records on the NSW Planning Portal, harvested 18 September 2026. Includes modification applications.",VERIFIED,SRC_NSWPORTAL_REGISTER,high,2026-09-18
184,2026-09,NSW - Fairfield City,nsw_dc_ssd_projects,3.0,count,actual,,"Data centre State Significant Development project records on the NSW Planning Portal, harvested 18 September 2026. Includes modification applications.",VERIFIED,SRC_NSWPORTAL_REGISTER,high,2026-09-18
185,2026-09,NSW - Lane Cove,nsw_dc_ssd_projects,5.0,count,actual,,"Data centre State Significant Development project records on the NSW Planning Portal, harvested 18 September 2026. Includes modification applications.",VERIFIED,SRC_NSWPORTAL_REGISTER,high,2026-09-18
186,2026-09,NSW - Penrith,nsw_dc_ssd_projects,5.0,count,actual,,"Data centre State Significant Development project records on the NSW Planning Portal, harvested 18 September 2026. Includes modification applications.",VERIFIED,SRC_NSWPORTAL_REGISTER,high,2026-09-18
187,2026-09,NSW - Queanbeyan-Palerang Regional,nsw_dc_ssd_projects,1.0,count,actual,,"Data centre State Significant Development project records on the NSW Planning Portal, harvested 18 September 2026. Includes modification applications.",VERIFIED,SRC_NSWPORTAL_REGISTER,high,2026-09-18
188,2026-09,NSW - Sutherland Shire,nsw_dc_ssd_projects,1.0,count,actual,,"Data centre State Significant Development project records on the NSW Planning Portal, harvested 18 September 2026. Includes modification applications.",VERIFIED,SRC_NSWPORTAL_REGISTER,high,2026-09-18
189,2026-09,NSW - The Hills Shire,nsw_dc_ssd_projects,1.0,count,actual,,"Data centre State Significant Development project records on the NSW Planning Portal, harvested 18 September 2026. Includes modification applications.",VERIFIED,SRC_NSWPORTAL_REGISTER,high,2026-09-18
190,2026-09,NSW - Willoughby City,nsw_dc_ssd_projects,2.0,count,actual,,"Data centre State Significant Development project records on the NSW Planning Portal, harvested 18 September 2026. Includes modification applications.",VERIFIED,SRC_NSWPORTAL_REGISTER,high,2026-09-18
191,2026-09,NSW,nsw_dc_ssd_stage_determination,24.0,count,actual,,Projects at stage 'Determination' in the harvested register.,VERIFIED,SRC_NSWPORTAL_REGISTER,high,2026-09-18
192,2026-09,NSW,nsw_dc_ssd_stage_withdrawn,3.0,count,actual,,Projects at stage 'Withdrawn' in the harvested register.,VERIFIED,SRC_NSWPORTAL_REGISTER,high,2026-09-18
193,2026-09,NSW,nsw_dc_ssd_stage_assessment,5.0,count,actual,,Projects at stage 'Assessment' in the harvested register.,VERIFIED,SRC_NSWPORTAL_REGISTER,high,2026-09-18
194,2026-09,NSW,nsw_dc_ssd_stage_prepare_eis,9.0,count,actual,,Projects at stage 'Prepare EIS' in the harvested register.,VERIFIED,SRC_NSWPORTAL_REGISTER,high,2026-09-18
195,2026-09,NSW,nsw_dc_ssd_stage_response_to_submissions,4.0,count,actual,,Projects at stage 'Response to Submissions' in the harvested register.,VERIFIED,SRC_NSWPORTAL_REGISTER,high,2026-09-18
196,2026-09,NSW,nsw_dc_ssd_stage_unrecorded,1.0,count,actual,,Projects at stage 'unrecorded' in the harvested register.,VERIFIED,SRC_NSWPORTAL_REGISTER,high,2026-09-18
197,2026-09,NSW,nsw_dc_ssd_withdrawn,3.0,count,actual,,"Augusta Street (Blacktown, SSD-10469), 52 Turner Road (Camden, SSD-60185233) and Mowbray Road (Lane Cove, SSD-13475973). Withdrawn applications are the only direct evidence in the planning record of proposals that did not survive, and they belong in any phantom-demand analysis alongside the IDA's $40.7bn of non-endorsed proposals and Transgrid's 20 GW of unconverted enquiries.",VERIFIED,SRC_NSWPORTAL_REGISTER,high,2026-09-18
198,2026-09,NSW,nsw_dc_ssd_no_hyperscaler_branded_project,0.0,count,actual,,"Zero of the 46 harvested NSW data centre SSD records is titled with AWS, Amazon, Google or Meta. Microsoft appears only through its proponent entity on the Kemps Creek consent and the Honeman Close application. Hyperscaler facilities are therefore either leased from third-party landlords, held under codenames (Project Duke, Atlas, Echidna, Apollo, Pluto, Mars), or in another state. This is the concrete finding for RG-023: the NSW planning record cannot be used to map hyperscaler footprints, and the route is ASIC resolution of the codename SPVs plus landlord tenancy disclosure.",VERIFIED,SRC_NSWPORTAL_REGISTER,high,2026-09-18
199,2026-09,NSW,glendenning_consent_total_power_mw,235.0,MW,actual,,Total power consumption permitted by the signed consent. The portal summary and assessment record state 202.4 MW; the discrepancy is unexplained on the public record.,VERIFIED,SRC_SSD73761707_CONSENT,high,2026-09-18
200,2026-09,NSW,glendenning_backup_generation_cap_mw,267.45,MW,actual,,Condition A6(a): maximum total installed back-up generating capacity.,VERIFIED,SRC_SSD73761707_CONSENT,high,2026-09-18
201,2026-09,NSW,glendenning_generator_hours_cap,170.0,hours/yr,actual,,"Condition A7(a). LOWER than the 200 hours per year that NSW Government guidance identifies as the current unregulated window, and subject to concurrency, evening and daily testing limits. Real-time counting prevents concurrent testing from multiplying the allowance.",VERIFIED,SRC_SSD73761707_CONSENT,high,2026-09-18
202,2026-09,NSW,glendenning_diesel_storage_cap,2000.0,tonnes,actual,,"Condition A7(e): maximum diesel fuel storage on site at any one time. Compare >18,000 kL (about 15,300 t at 0.85 kg/L) proposed at the Mamre Road campus.",VERIFIED,SRC_SSD73761707_CONSENT,high,2026-09-18
203,2026-09,NSW,glendenning_nox_cap,10.0,t/yr,actual,,"Condition B14(b): absolute annual cap on total NOx as NO2-equivalent from back-up generator operation, not applying during unplanned power outage events. Derived implied concentration at full load for the full 170 hours is roughly 465 mg/m3, the same order as the 450 mg/m3 Group 6 limit, but an absolute mass cap binds harder.",VERIFIED,SRC_SSD73761707_CONSENT,high,2026-09-18
204,2026-09,NSW,glendenning_stack_height,45.0,m,actual,,Condition B14(a): generator flue gases vented through vertical stacks 45 m above ground level.,VERIFIED,SRC_SSD73761707_CONSENT,high,2026-09-18
205,2026-09,NSW,glendenning_data_halls,22.0,count,actual,,22 data halls across three five-storey buildings.,VERIFIED,SRC_SSD73761707_CONSENT,high,2026-09-18
206,2025-06,NSW,glendenning_parking_required_dcp,823.0,spaces,actual,,Required under the Blacktown Development Control Plan per council's objection.,VERIFIED,SRC_BLACKTOWN_OBJ,high,2026-09-18
207,2025-06,NSW,glendenning_parking_proposed,165.0,spaces,actual,,"Proposed. The Transport for NSW Guide to Transport Impact Assessment (2024) yields 179 for this use, still 14 more than proposed.",VERIFIED,SRC_BLACKTOWN_OBJ,high,2026-09-18
208,2025-06,NSW,glendenning_warehouses_displaced,3.0,count,actual,,"Existing warehouses on the site whose employment was not netted off in the proponent's Social and Economic Impact Assessment, per Blacktown City Council.",VERIFIED,SRC_BLACKTOWN_OBJ,high,2026-09-18
209,2025-04,NSW,knbdc_stack_incorporation_start,2025.25,year,actual,,"Earliest KNBDC entity registration (AU Financing Holdco, 3 April 2025); the SYD4 trusts follow on 19 June 2025. All NSW 2060 North Sydney.",VERIFIED,SRC_ABR_KNBDC,high,2026-09-18
210,2026-05,Australia,dca_member_share_of_operational_capacity,86.0,%,actual,,"Belinda Dennett, CEO of Data Centres Australia, under parliamentary privilege: 'Our members represent 86 per cent of operational data centre capacity across the country.' DCA launched on 28 November 2025 and grew out of five data centre operators that began meeting about two and a half years earlier.",VERIFIED,SRC_INQ_T_0501,high,2026-09-18
211,2030,Australia,dc_operator_energy_infrastructure_payments,10.3,AUD bn,forecast_central,,Claimed by Data Centres Australia: operators will pay $10.3 billion in energy infrastructure to 2030. Asserted alongside the claim that the national electricity rules require all large load users including data centres to pay 100 per cent of connection costs and augmentations.,CLAIMED,SRC_INQ_T_0501,medium,2026-09-18
212,2030,Australia,dc_excess_capacity_available_for_public_use,1.1,AUD bn,forecast_central,,"Data Centres Australia: of the $10.3 billion, $1.1 billion is excess capacity available for public use. This is the industry's own version of the 'no net cost to consumers' principle and should be tested against network business capital plans.",CLAIMED,SRC_INQ_T_0501,medium,2026-09-18
213,2026,Australia,dc_share_of_national_water_use_dca_claim,0.04,%,estimate,,"Data Centres Australia, citing the ABS water accounts: data centre water use is 0.04 per cent of Australia's water use and less than 1 per cent of Sydney's. Directly contradicts Sydney Water's projection of up to 25 per cent of Greater Sydney drinking water demand by 2035. The two are probably measuring different things - current measured use against a ten-year forward projection based on applications received - but the gap is four orders of magnitude in framing and the committee put it to both parties.",CLAIMED,SRC_INQ_T_0501,medium,2026-09-18
214,2026,Australia,dc_share_of_water_use_dca_estimate,1.9,%,estimate,,"Figure attributed to Data Centres Australia by the Chair when putting the discrepancy to Sydney Water's Managing Director on 22 May 2026: 'DCA say that they estimate 1.9 per cent of water will be used for data centres, which is very different to your 25 per cent.' Note this is a second, different DCA water figure from the 0.04 per cent / less than 1 per cent given on 1 May.",REPORTED,SRC_INQ_T_0522,medium,2026-09-18
215,2026-05,Sydney,sydney_water_stands_by_25pct,25.0,%,forecast_high,,"Darren Cleary, Managing Director of Sydney Water, under questioning: 'We do [stand by the 25 per cent forecast demand], and we acknowledge the uncertainty.' He added that the current applications alone represent water demand 'the equivalent of a new suburb connecting to our system', that the ten-year figure could be 20, 10 or 5 per cent, and that Sydney Water removes obviously duplicative or entirely speculative applications but otherwise forecasts on applications actually received. On phantom demand specifically: water applications are less likely to be phantom than energy applications because by the time a proponent applies for water it has typically already secured its energy connection, so its project is more mature.",VERIFIED,SRC_INQ_T_0522,high,2026-09-18
216,2026-05,Sydney,medium_dc_water_demand_equivalent_homes,9000.0,homes,estimate,,"UDIA: a medium-sized data centre using around five megalitres per day has a water demand broadly equivalent to around 9,000 homes.",VERIFIED,SRC_INQ_T_0522,high,2026-09-18
217,2026-05,South-west Sydney,housing_lots_constrained_water_sewer,121000.0,lots,actual,,"UDIA: the Department of Planning's Urban Development Program identifies around 121,000 housing lots still to be created across three south-west Sydney growth areas, constrained by a lack of water and sewer infrastructure.",VERIFIED,SRC_INQ_T_0522,high,2026-09-18
218,2026-05,Sydney,dwellings_blocked_by_water_servicing_pct,62.0,%,actual,,"UDIA survey work representing more than 36,000 planned dwellings found 22,400 of them - 62 per cent - unable to proceed because of a lack of committed water or wastewater infrastructure. This is the strongest quantified evidence in the inquiry record that data centre water demand competes directly with housing delivery.",VERIFIED,SRC_INQ_T_0522,high,2026-09-18
219,2026-05,Sydney,sydney_water_funding_shortfall_vs_housing_accord,100000.0,homes,estimate,,"UDIA: Sydney Water's IPART determination means it is funded for 100,000 fewer homes in its servicing area over the next five years than the National Housing Accord target requires Sydney to deliver.",REPORTED,SRC_INQ_T_0522,medium,2026-09-18
220,2026-05,NSW,transgrid_enquiries_vs_formal_applications_gw,6.0,GW,pipeline,,"Transgrid's submission, put to it by the Chair: more than 10 GW of connection inquiries from data centres, with approximately 6 GW progressing to formal applications. Jason Krstanoski confirmed the 10 GW is the inquiry stage and the 6 GW is where proponents are paying money and progressing through technical assessments.",VERIFIED,SRC_INQ_T_0522,high,2026-09-18
221,2026-05,NSW,transgrid_committed_data_centre_connections,0.0,count,actual,,"Jason Krstanoski, Executive General Manager Network, Transgrid, on 22 May 2026: 'We are very close but we haven't had a data centre actually commit yet. We're on the eve of that now.' As at that date NO data centre had committed to a transmission connection on Transgrid's network, against 10 GW of inquiries and 6 GW of formal applications. This is the single hardest quantification of phantom demand in the Australian record and it comes from the network business itself.",VERIFIED,SRC_INQ_T_0522,high,2026-09-18
222,2026-05,NSW,inquiry_witnesses,37.0,count,actual,,"Distinct witnesses across five hearings (1, 8, 22, 29 May and 2 July 2026), recovered from the transcript appearance formula. 15 appeared on 22 May alone, including Sydney Water, Transgrid, WSAA, UDIA, Business NSW, Unions NSW, the Nature Conservation Council, Greenpeace, the Premier's Department and Infrastructure NSW.",VERIFIED,SRC_INQ_T_0522,high,2026-09-18
223,2026-09,NSW,nsw_dc_consent_modifications_harvested,17.0,count,actual,,Post-consent modification records for data centre SSDs on the NSW Planning Portal.,VERIFIED,SRC_NSWPORTAL_MODS,high,2026-09-18
224,2026-09,NSW,nsw_dc_modifications_approved,14.0,count,actual,,14 of 17 determined modifications were Approved. One was Withdrawn (a scale reduction at 51 Huntingwood Drive) and two remain undetermined.,VERIFIED,SRC_NSWPORTAL_MODS,high,2026-09-18
225,2026-09,NSW,nsw_dc_modifications_materiality_4plus,5.0,count,actual,,"Modifications scored 4 or 5 for materiality, i.e. changing the capacity, generator or fuel envelope the original consent was assessed against: Roberts Road Mod 2 (additional generators and diesel storage), Eastern Creek Mod 2 (power consumption increase), Lane Cove West Mod 1 (fuel storage), Talavera Road Mod 1 (expansion), Roberts Road Mod 4 (operational infrastructure, undetermined).",VERIFIED,SRC_NSWPORTAL_MODS,high,2026-09-18
226,2026-08,NSW,nsw_dc_modifications_approved_aug2026,3.0,count,actual,,"Modifications approved between 5 and 28 August 2026, i.e. either side of the NSW Data Centre Guidelines taking effect on 17 August 2026: Eastern Creek Mod 2 (5 Aug, power consumption increase), Lanceley Place Mod 3 (11 Aug, fire access and switchroom), 51 Huntingwood Drive Mod 2 (28 Aug, design updates). None of the three is described as being assessed against the Guidelines, and the Guidelines themselves say nothing about modifications.",VERIFIED,SRC_NSWPORTAL_MODS,high,2026-09-18
227,2026,VIC,dfp_threshold_regional,10000000.0,AUD,actual,,Construction cost above which a data centre may access the Development Facilitation Program in regional Victoria.,REPORTED,SRC_GADENS_VIC,high,2026-09-18
228,2026,VIC,dfp_threshold_metro,20000000.0,AUD,actual,,"Construction cost above which a data centre may access the DFP in metropolitan Melbourne. Modern facilities routinely exceed both thresholds, so the DFP is effectively available to all significant proposals.",REPORTED,SRC_GADENS_VIC,high,2026-09-18
229,2021,VIC,nextdc_m3_original_objections,80.0,count,actual,,"Objections to the original NEXTDC M3 permit at West Footscray, assessed through the standard council pathway. Approved by Maribyrnong City Council in 2021.",REPORTED,SRC_GADENS_VIC,high,2026-09-18
230,2026-08,VIC,nextdc_m3_expansion_objections_dfp,5.0,count,actual,,"Objections to the NEXTDC M3 EXPANSION lodged through the DFP, including one from Maribyrnong City Council. Determined by the Minister for Planning with no VCAT appeal available.",REPORTED,SRC_GADENS_VIC,high,2026-09-18
231,2026,Australia,dc_share_of_electricity_gadens,3.5,%,estimate,,"Gadens: data centres currently consume approximately 2-5% of Australia's electricity, forecast to triple by 2030-31 to approximately 15.6 TWh, about 6% of national demand. Midpoint of the stated range shown. Compare AEMO's own figure of about 2% today rising to about 6% by 2030 - the endpoints agree even though the framing differs.",REPORTED,SRC_GADENS_VIC,medium,2026-09-18
232,2031,Australia,dc_energy_forecast_gadens,15.6,TWh/yr,forecast_central,,"Gadens forecast for 2030-31, about 6% of national demand.",REPORTED,SRC_GADENS_VIC,medium,2026-09-18
233,2026-08,QLD,zerra_secured_capacity_global,920.0,MW,estimate,,"AGP, which owns Zerra DC, claims 920 MW of secured capacity across the US, India, Japan and Australia. Proponent claim.",CLAIMED,SRC_DCD_ZERRA,low,2026-09-18
234,2026-08,QLD,western_downs_phase1_substation,540.0,MVA,pipeline,,Phase 1 of Western Downs Digital Park includes a 540 MVA substation and an on-site battery-backed power conditioning system.,REPORTED,SRC_DCD_ZERRA,medium,2026-09-18
235,2026-08,QLD,western_downs_feedlot_head,24000.0,head,actual,,"The 725.5 ha site is currently a 24,000-head cattle feedlot owned by the Wambo Cattle Company. Relevant to the inquiry's terms of reference (f) on the opportunity cost of land conversion, and to agricultural land use conflict.",REPORTED,SRC_DCD_ZERRA,medium,2026-09-18
236,2026-06,NSW,kurri_kurri_dc_capacity,540.0,MW,pipeline,,"SEARs application for a 540 MW data centre on 21 ha at Loxford, connecting via two substations to the existing 132 kV Ausgrid line, adjacent to Snowy Hydro's 660 MW Kurri Kurri gas power station.",REPORTED,SRC_DCD_KURRI,high,2026-09-18
237,2020,NSW,loxford_waters_homes_displaced,2000.0,dwellings,estimate,,"The former Kurri Kurri smelter site was sold in 2020 to Stevens Group and McCloy Group to develop 'Loxford Waters', a 2,000-hectare suburb with 2,000 new homes plus industrial estates and a business park. The 540 MW data centre is now proposed on 21 ha of that site. Direct evidence for the inquiry's terms of reference (f)(iii)-(iv) on whether data centre resource demands impinge on new housing supply.",REPORTED,SRC_DCD_KURRI,medium,2026-09-18
238,2026-08,QLD,wddp_it_load,2160.0,MW,pipeline,,"From the lodged Town Planning Report: the ultimate campus is designed to support approximately 2,160 MW of IT load across six data buildings, delivered in four stages.",VERIFIED,SRC_WDDP_TPR,high,2026-09-18
239,2026-08,QLD,wddp_total_facility_demand,3240.0,MVA,pipeline,,"From the lodged Town Planning Report: approximately 3,240 MVA total facility demand against 2,160 MW of IT load. Three 540 MVA transformers per stage with continuous N+1 redundancy.",VERIFIED,SRC_WDDP_TPR,high,2026-09-18
240,2026-08,QLD,wddp_implied_design_pue,1.5,ratio,estimate,,"DERIVED by the Observatory, not stated in the application: 3,240 MVA total facility demand divided by 2,160 MW IT load = 1.50 on an apparent-power basis, and higher once power factor is accounted for. For comparison the NSW Guidelines set dPUE ceilings of 1.25 or 1.3, recent NSW EISs range 1.15-1.4 averaging 1.3, and the most recent NSW application requirements specify 1.3. A design PUE of 1.5 means roughly 1,080 MW of the facility's demand is non-IT overhead - more than the entire IT load of the 612 MW NEXTDC S7 project. Consistent with choosing air cooling over evaporative cooling in a hot inland climate, which is the trade the S7 design change also made.",VERIFIED,SRC_WDDP_TPR,medium,2026-09-18
241,2026-08,QLD,wddp_data_hall_floor_space,144000.0,sqm,pipeline,,"Four stages each with a 36,000 sqm data hall. The report describes 'four large Research and Technology Industry buildings delivered across four stages' while the capacity paragraph says 'six data buildings' - an unresolved internal inconsistency in the lodged document.",VERIFIED,SRC_WDDP_TPR,high,2026-09-18
242,2026-08,QLD,wddp_construction_workforce,1500.0,workers,pipeline,,"Temporary workforce accommodation for up to 1,500 construction workers during construction of all stages, with a temporary hub and an on-site concrete batching plant operational for the duration.",VERIFIED,SRC_WDDP_TPR,high,2026-09-18
243,2026-08,QLD,wddp_nearest_town_water_km,1.0,km,estimate,,"The report states there is no reticulated town water network in the vicinity of the site, the nearest reticulated water infrastructure being approximately this distance - the sentence is truncated in the decoded extract and the figure must be re-read from the source PDF before publication. Primary potable supply is by road tanker to on-site storage tanks.",VERIFIED,SRC_WDDP_TPR,low,2026-09-18
244,2026-08,QLD,wddp_adjacent_gas_capacity,981.4,MW,actual,,"Existing fossil generation adjacent to the site as described in the application: Braemar 1 (~504 MW) and Braemar 2 (~450 MW), fuelled by natural gas and coal seam gas, plus the APA-operated Daandine CGPF (~27.4 MW). The report acknowledges supply 'via the gas power stations and generators' while also describing the locality as one of the largest renewable energy hubs. Snowy Hydro's 660 MW Kurri Kurri station is NOT here - that is the separate NSW project.",VERIFIED,SRC_WDDP_TPR,high,2026-09-18
245,2026-08,NSW,fresh_spv_days_before_lodgement_wddp,4.0,days,actual,,"Zerra WDDP Asset Manager Pty Ltd and Zerra WDDP Investments AU Pty Ltd were both registered on 10 August 2026, four days before the Town Planning Report was dated (14 August) and eight or nine days before lodgement (18-19 August). Zerra Operator FinCo Pty Ltd followed on 5 August 2026. Neither project SPV is registered for GST. Compare the Mamre Road proponent stack: KNBDC AU Financing Holdco (3 April 2025), KNBDC AU Development (15 May 2025), and the SYD4 Land, Hold and Intermediate Hold Trusts (all 19 June 2025). Two of Australia's three largest data centre proposals are fronted by purpose-built SPVs incorporated days or weeks before lodgement, with no operating history and no publicly disclosed ownership.",VERIFIED,SRC_ABR_ZERRA,high,2026-09-18
246,2020-07-14,NSW,ssd_10330_genset_installed_mw,170.0,MW,actual,,"Roberts Road Data Centre (SSD-10330), applicant Canberra Data Centres Pty Ltd. From the signed consent.",VERIFIED,SRC_SSD10330_CONSENT,high,2026-09-18
247,2020-07-14,NSW,ssd_10330_generator_hours_cap,200.0,hours/yr,actual,,"Roberts Road Data Centre (SSD-10330), applicant Canberra Data Centres Pty Ltd. From the signed consent.",VERIFIED,SRC_SSD10330_CONSENT,high,2026-09-18
248,2020-07-14,NSW,ssd_10330_diesel_storage_cap_t,2000.0,tonnes,actual,,"Roberts Road Data Centre (SSD-10330), applicant Canberra Data Centres Pty Ltd. From the signed consent.",VERIFIED,SRC_SSD10330_CONSENT,high,2026-09-18
249,2024-12-20,NSW,ssd_59416728_genset_installed_mw,181.92,MW,actual,,"Davis Road Data Centre (Cundall), Wetherill Park (SSD-59416728), applicant Cundall Johnston and Partners Pty Ltd. From the signed consent.",VERIFIED,SRC_SSD59416728_CONSENT,high,2026-09-18
250,2024-12-20,NSW,ssd_59416728_generator_hours_cap,200.0,hours/yr,actual,,"Davis Road Data Centre (Cundall), Wetherill Park (SSD-59416728), applicant Cundall Johnston and Partners Pty Ltd. From the signed consent.",VERIFIED,SRC_SSD59416728_CONSENT,high,2026-09-18
251,2024-12-20,NSW,ssd_59416728_total_power_cap_mw,160.85,MW,actual,,"Davis Road Data Centre (Cundall), Wetherill Park (SSD-59416728), applicant Cundall Johnston and Partners Pty Ltd. From the signed consent.",VERIFIED,SRC_SSD59416728_CONSENT,high,2026-09-18
252,2026,NSW,dci_poplars_genset_installed_mw,35.0,MW,actual,,"DCI Poplars Data Centre Project (DCI Poplars), applicant The Trustee for NineZero DC Sub Trust I. From the signed consent.",VERIFIED,SRC_DCI_POPLARS_CONSENT,high,2026-09-18
253,2026,NSW,dci_poplars_generator_hours_cap,200.0,hours/yr,actual,,"DCI Poplars Data Centre Project (DCI Poplars), applicant The Trustee for NineZero DC Sub Trust I. From the signed consent.",VERIFIED,SRC_DCI_POPLARS_CONSENT,high,2026-09-18
254,2026,NSW,dci_poplars_diesel_storage_cap_t,2000.0,tonnes,actual,,"DCI Poplars Data Centre Project (DCI Poplars), applicant The Trustee for NineZero DC Sub Trust I. From the signed consent.",VERIFIED,SRC_DCI_POPLARS_CONSENT,high,2026-09-18
255,2026-09-16,NSW,ssd_73761707_genset_installed_mw,267.45,MW,actual,,"Glendenning Road Data Centre (SSD-73761707), applicant Lehr Consultants International (Australia) Pty Ltd. From the signed consent.",VERIFIED,SRC_SSD73761707_CONSENT,high,2026-09-18
256,2026-09-16,NSW,ssd_73761707_generator_hours_cap,170.0,hours/yr,actual,,"Glendenning Road Data Centre (SSD-73761707), applicant Lehr Consultants International (Australia) Pty Ltd. From the signed consent.",VERIFIED,SRC_SSD73761707_CONSENT,high,2026-09-18
257,2026-09-16,NSW,ssd_73761707_diesel_storage_cap_t,2000.0,tonnes,actual,,"Glendenning Road Data Centre (SSD-73761707), applicant Lehr Consultants International (Australia) Pty Ltd. From the signed consent.",VERIFIED,SRC_SSD73761707_CONSENT,high,2026-09-18
258,2026-09-16,NSW,ssd_73761707_total_power_cap_mw,235.0,MW,actual,,"Glendenning Road Data Centre (SSD-73761707), applicant Lehr Consultants International (Australia) Pty Ltd. From the signed consent.",VERIFIED,SRC_SSD73761707_CONSENT,high,2026-09-18
259,2026-09,NSW,consents_with_200_hour_condition_sample_of_4,3.0,count,actual,,"SUPERSEDED BY RG-060, which extended this to all 20 determined consents (after the 2026-09-18 pypdf re-extraction: 17 of 20 carry a generator hours cap, 14 of them the 200 hour template value). Retained as the four-consent sample. Three of the four consents read - Roberts Road (2020), Davis Road (2024) and DCI Poplars - cap generator operation at exactly 200 hours per year including testing. This settles the status of the '200-hour loophole': it is not merely the absence of a regulation, it is a STANDARD CONSENT CONDITION the Department has written into data centre consents since at least 2020, matching the figure the NSW Data Centre Guidelines describe as the current unregulated window. Glendenning (2026) is the first departure, at 170 hours.",VERIFIED,SRC_SSD10330_CONSENT,high,2026-09-18
260,2026-09,NSW,consents_with_renewable_condition_sample_of_4,1.0,count,actual,,"Within this four-consent sample, only Glendenning Road (signed 14 September 2026, determined 16 September) contains a renewable procurement condition - the full RG-060 battery finds such conditions in 5 of 20. Roberts Road (2020), Davis Road (2024) and DCI Poplars contain NO power purchase agreement, renewable procurement, additionality or matching condition of any kind. The all-times additional firmed renewable requirement is therefore brand new in NSW consents, not established practice - which means it cannot be assumed to appear in the next consent either (RG-038 stays open as a monitoring task).",VERIFIED,SRC_SSD73761707_CONSENT,high,2026-09-18
261,2026-09,NSW,consents_with_pue_or_wue_sample_of_4,1.0,count,actual,,"Only Glendenning Road mentions PUE or WUE at all, and even there it is an annual reporting and continual-improvement obligation with NO numeric ceiling. The NSW Guidelines' dPUE bands of <=1.25 / <=1.3 and their dWUE bands do not appear in any of the four consents.",VERIFIED,SRC_SSD73761707_CONSENT,high,2026-09-18
262,2026-09,NSW,consents_with_nox_mass_cap_sample_of_4,1.0,count,actual,,"Only Glendenning Road imposes an absolute NOx mass cap (below 10 t/yr as NO2-equivalent), a stack height (45 m vertical) or annual emissions testing. The three earlier consents contain none of the three.",VERIFIED,SRC_SSD73761707_CONSENT,high,2026-09-18
263,2026-09,NSW,backup_exceeds_load_sample_of_4,4.0,count,actual,,"In every consent where both figures are stated, installed back-up generating capacity EXCEEDS the facility's total power consumption cap: Glendenning 267.45 MW installed against 235 MW (ratio 1.14); Davis Road 181.92 MW against 160.85 MW (ratio 1.13). Roberts Road caps installed back-up at 170 MW with no stated consumption cap; DCI Poplars at 35 MW. These are not standby reserves sized for a fraction of load - they are effectively parallel power stations sized to carry the whole facility. That reframes the diesel question entirely: the issue is not that generators might run 200 hours a year, it is that the installed capacity to run the entire data centre on diesel already exists behind every consent, and in three of the four cases is subject to no NOx mass cap and no stack height requirement.",VERIFIED,SRC_SSD59416728_CONSENT,high,2026-09-18
264,2026-09,NSW,applicants_that_are_operating_companies_sample_of_4,1.0,count,actual,,"Of four signed consents, exactly ONE names an operating data centre company as the applicant: Canberra Data Centres Pty Ltd at Roberts Road (2020). The other three name a consulting engineer (Cundall Johnston and Partners Pty Ltd at Davis Road, 2024), a planning and engineering consultancy (Lehr Consultants International (Australia) Pty Ltd at Glendenning Road, 2026), and a trust trustee (The Trustee for NineZero DC Sub Trust I at DCI Poplars). Adding Mamre Road's KNBDC SYD4 Pty Ltd and Western Downs' WDDP Pty Ltd, four of the six largest or most consequential Australian applications name an entity that is not an identifiable operator. The trend is also chronological: the oldest consent is the only one naming a real operator.",VERIFIED,SRC_SSD59416728_CONSENT,high,2026-09-18
265,2026-08,NSW,guidelines_sears_commitment_months,2.0,months,actual,,"Section 3 commitment to provide Secretary's Environmental Assessment Requirements within two months, proportional to the assessment rather than a generalised list.",VERIFIED,SRC_NSWGUIDE_S3,high,2026-09-18
266,2026-08,NSW,guidelines_da_assessment_commitment_days,75.0,days,actual,,"Section 3 commitment that development application assessment takes no longer than 75 days in state government hands, calculated per DPHI key performance indicators.",VERIFIED,SRC_NSWGUIDE_S3,high,2026-09-18
267,2026-09,NSW,consents_analysed_reliably,20.0,count,actual,,"20 of 20 signed consents extracted above the reliability floor, so their negative findings are safe to rely on. This is the denominator for every consents_with_* battery metric in this pack.",VERIFIED,SRC_NSWPORTAL_CONSENTS,high,2026-09-18
268,2026-09,NSW,consents_extraction_limited,0.0,count,actual,,0 of 20 consents fell below the extraction reliability floor. Recorded so that nobody treats a keyword miss in them as evidence of absence. Cross-reference reports/extraction_audit.md.,VERIFIED,SRC_NSWPORTAL_CONSENTS,high,2026-09-18
269,2026-09,NSW,consents_with_generator_hours_cap,17.0,count,actual,,"Of 20 reliably extracted signed consents, 17 contain a generator hours cap provision of any value. Distinct from consents_with_200_hour_generator_cap, which counts only the 200 hour template value - the gap between the two is where site-specific departures such as Glendenning's 170 hours live.",VERIFIED,SRC_NSWPORTAL_CONSENTS,high,2026-09-18
270,2026-09,NSW,consents_with_renewable_ppa_additionality,5.0,count,actual,,"Of 20 reliably extracted signed consents for determined NSW data centre SSDs, 5 contain a renewable energy supply or power purchase agreement condition. Population: all 20 determined and approved data centre SSDs on the NSW Planning Portal as at 18 September 2026; every instrument extracted above the reliability floor after the 2026-09-18 pypdf re-extraction, so this count is complete for the population.",VERIFIED,SRC_NSWPORTAL_CONSENTS,high,2026-09-18
271,2026-09,NSW,consents_with_pue,7.0,count,actual,,"Of 20 reliably extracted signed consents for determined NSW data centre SSDs, 7 contain any PUE or power usage effectiveness provision. Population: all 20 determined and approved data centre SSDs on the NSW Planning Portal as at 18 September 2026; every instrument extracted above the reliability floor after the 2026-09-18 pypdf re-extraction, so this count is complete for the population.",VERIFIED,SRC_NSWPORTAL_CONSENTS,high,2026-09-18
272,2026-09,NSW,consents_with_wue,4.0,count,actual,,"Of 20 reliably extracted signed consents for determined NSW data centre SSDs, 4 contain any WUE or water usage effectiveness provision. Population: all 20 determined and approved data centre SSDs on the NSW Planning Portal as at 18 September 2026; every instrument extracted above the reliability floor after the 2026-09-18 pypdf re-extraction, so this count is complete for the population.",VERIFIED,SRC_NSWPORTAL_CONSENTS,high,2026-09-18
273,2026-09,NSW,consents_with_recycled_or_nonpotable_water,5.0,count,actual,,"Of 20 reliably extracted signed consents for determined NSW data centre SSDs, 5 contain a recycled or non-potable water provision. Population: all 20 determined and approved data centre SSDs on the NSW Planning Portal as at 18 September 2026; every instrument extracted above the reliability floor after the 2026-09-18 pypdf re-extraction, so this count is complete for the population.",VERIFIED,SRC_NSWPORTAL_CONSENTS,high,2026-09-18
274,2026-09,NSW,consents_with_nox_mass_cap,2.0,count,actual,,"Of 20 reliably extracted signed consents for determined NSW data centre SSDs, 2 contain an absolute NOx mass cap (tonnes per year). Both instances verified by reading the condition text: Glendenning Road B14(b) below 10 t/yr as NO2-equivalent with 45 m stacks, excluding unplanned outage events; NEXTDC S4 Horsley Park below 5.5 t/yr as NO2-equivalent INCLUDING testing and commissioning, with 38.7 m stacks. Population: all 20 determined and approved data centre SSDs on the NSW Planning Portal as at 18 September 2026; every instrument extracted above the reliability floor after the 2026-09-18 pypdf re-extraction, so this count is complete for the population.",VERIFIED,SRC_NSWPORTAL_CONSENTS,high,2026-09-18
275,2026-09,NSW,consents_with_nox_concentration_limit,0.0,count,actual,,"Of 20 reliably extracted signed consents for determined NSW data centre SSDs, 0 contain an NOx concentration limit (mg/m3). Note this pattern returned zero across all 18 consents, but Glendenning B13 requires compliance with the POEO (Clean Air) Regulation 2022 which incorporates the Group 6 concentration limits by reference, so zero here means 'no numerically stated concentration limit', not 'no concentration obligation'. Population: all 20 determined and approved data centre SSDs on the NSW Planning Portal as at 18 September 2026; every instrument extracted above the reliability floor after the 2026-09-18 pypdf re-extraction, so this count is complete for the population.",VERIFIED,SRC_NSWPORTAL_CONSENTS,high,2026-09-18
276,2026-09,NSW,consents_with_stack_height,3.0,count,actual,,"Of 20 reliably extracted signed consents for determined NSW data centre SSDs, 3 contain a generator stack height requirement. Population: all 20 determined and approved data centre SSDs on the NSW Planning Portal as at 18 September 2026; every instrument extracted above the reliability floor after the 2026-09-18 pypdf re-extraction, so this count is complete for the population.",VERIFIED,SRC_NSWPORTAL_CONSENTS,high,2026-09-18
277,2026-09,NSW,consents_with_annual_emissions_testing,6.0,count,actual,,"Of 20 reliably extracted signed consents for determined NSW data centre SSDs, 6 contain an annual emissions testing requirement. Population: all 20 determined and approved data centre SSDs on the NSW Planning Portal as at 18 September 2026; every instrument extracted above the reliability floor after the 2026-09-18 pypdf re-extraction, so this count is complete for the population.",VERIFIED,SRC_NSWPORTAL_CONSENTS,high,2026-09-18
278,2026-09,NSW,consents_with_tier_standard,2.0,count,actual,,"Of 20 reliably extracted signed consents for determined NSW data centre SSDs, 2 contain any reference to a US EPA Tier standard or best available technology. Population: all 20 determined and approved data centre SSDs on the NSW Planning Portal as at 18 September 2026; every instrument extracted above the reliability floor after the 2026-09-18 pypdf re-extraction, so this count is complete for the population.",VERIFIED,SRC_NSWPORTAL_CONSENTS,high,2026-09-18
279,2026-09,NSW,consents_with_guidelines_cited,0.0,count,actual,,"Of 20 reliably extracted signed consents for determined NSW data centre SSDs, 0 contain any citation of the NSW Data Centre Guidelines. Population: all 20 determined and approved data centre SSDs on the NSW Planning Portal as at 18 September 2026; every instrument extracted above the reliability floor after the 2026-09-18 pypdf re-extraction, so this count is complete for the population.",VERIFIED,SRC_NSWPORTAL_CONSENTS,high,2026-09-18
280,2026-09,NSW,consents_with_diesel_storage_cap,14.0,count,actual,,"Of 20 reliably extracted signed consents for determined NSW data centre SSDs, 14 contain a diesel storage cap. Population: all 20 determined and approved data centre SSDs on the NSW Planning Portal as at 18 September 2026; every instrument extracted above the reliability floor after the 2026-09-18 pypdf re-extraction, so this count is complete for the population.",VERIFIED,SRC_NSWPORTAL_CONSENTS,high,2026-09-18
281,2026-09,NSW,consents_with_installed_genset_cap,14.0,count,actual,,"Of 20 reliably extracted signed consents for determined NSW data centre SSDs, 14 contain a cap on total installed back-up generating capacity. Population: all 20 determined and approved data centre SSDs on the NSW Planning Portal as at 18 September 2026; every instrument extracted above the reliability floor after the 2026-09-18 pypdf re-extraction, so this count is complete for the population.",VERIFIED,SRC_NSWPORTAL_CONSENTS,high,2026-09-18
282,2026-09,NSW,consents_with_battery_storage,8.0,count,actual,,"Of 20 reliably extracted signed consents for determined NSW data centre SSDs, 8 contain a battery storage provision. Population: all 20 determined and approved data centre SSDs on the NSW Planning Portal as at 18 September 2026; every instrument extracted above the reliability floor after the 2026-09-18 pypdf re-extraction, so this count is complete for the population.",VERIFIED,SRC_NSWPORTAL_CONSENTS,high,2026-09-18
283,2026-09,NSW,consents_with_website_disclosure,19.0,count,actual,,"Of 20 reliably extracted signed consents for determined NSW data centre SSDs, 19 contain a website public disclosure requirement. Population: all 20 determined and approved data centre SSDs on the NSW Planning Portal as at 18 September 2026; every instrument extracted above the reliability floor after the 2026-09-18 pypdf re-extraction, so this count is complete for the population.",VERIFIED,SRC_NSWPORTAL_CONSENTS,high,2026-09-18
284,2026-09,NSW,consents_with_200_hour_generator_cap,14.0,count,actual,,"Distribution of generator hours caps across the 20 reliably extracted consents: 200 hours in 14, 170 hours in 1, 187 hours in 1, 173 hours in 1. The 200 hour figure is the overwhelming standard, which confirms it is a Department template condition rather than a site-specific assessment outcome, and matches the window the NSW Data Centre Guidelines describe as free of point source NOx limits.",VERIFIED,SRC_NSWPORTAL_CONSENTS,high,2026-09-18
285,2026-09,NSW,consents_where_backup_exceeds_load,6.0,count,actual,,"In every consent that states both an installed back-up generating capacity cap and a total power consumption cap, the back-up capacity EXCEEDS the load: Glendenning Road 267.45 MW against 235.0 MW (ratio 1.14); Davis Road (Cundall) 181.92 MW against 160.85 MW (ratio 1.13); NEXTDC S4 Horsley Park 360.0 MW against 294.0 MW (ratio 1.22); Project Pluto 170.0 MW against 100.0 MW (ratio 1.70); Project Apollo Macquarie Park 185.0 MW against 135.0 MW (ratio 1.37); Apollo Place 63.8 MW against 45.0 MW (ratio 1.42). These are parallel power stations sized to carry the whole facility, not standby reserves. 51 Huntingwood Drive caps installed back-up at 632 MW with no stated consumption cap, the largest in the sample.",VERIFIED,SRC_NSWPORTAL_CONSENTS,high,2026-09-18
286,2026-09,NSW,consents_naming_an_operating_company,4.0,count,actual,,"All 20 Schedule 1 applicants now parse (RG-065 resolved 2026-09-18). 4 companies operating data centres or holding the asset in their own group name hold 5 of the 20 consents: Canberra Data Centres Pty Ltd (Roberts Road); NEXTDC Limited (S4 Horsley Park); Macquarie Data Centres Pty Ltd (Talavera Road); Goodman Property Services (Aust) Pty Limited/Ltd (Project Apollo AND Project Pluto - one company, two consents). Equinix is resolvable through its project SPV (Equinix Hyperscale 2 (SY10) Pty Limited, Grand Avenue). The rest: TWO property-group entities (Stockland Development Pty Limited at Khartoum Road; Stockland Trust Management Limited at Macquarie Park); one listed end-user (Dicker Data Limited, a warehouse and distribution centre); SEVEN consents held by consultancies or an architectural practice (ARUP Pty Ltd at Turner Road and ARUP Australia Pty Ltd at Echidna - two distinct Arup legal entities; Cundall Johnston and Partners at Davis Road original and Mod 1; Lehr Consultants at Glendenning Road and Station Road; Greenbox Architecture at Lane Cove West); and FOUR held by opaque vehicles (EMKC Cubed Management Pty Ltd twice, HDI SYD1 Property Holdings Limited, The Trustee for NineZero DC Sub Trust I). So in 11 of 20 consents the legal person responsible for every condition is either a consultancy or an entity whose controller is not disclosed on the instrument.",VERIFIED,SRC_NSWPORTAL_CONSENTS,high,2026-09-18
287,2026,Australia,bca_member_ceos,120.0,count,actual,,"The BCA states it represents more than 120 chief executives from leading companies across a wide range of sectors, and describes itself as representing Australia's largest employers.",VERIFIED,SRC_BCA_ABOUT,high,2026-09-18
288,2026,Australia,bca_board_data_centre_seats,1.0,count,actual,,"One of nine published BCA board seats is held by a data centre operator: Robin Khuda, founder and CEO of AirTrunk. The other non-executive seats carry Telstra, Commonwealth Bank, Wesfarmers, Google Australia and New Zealand, BHP Australia and Gilbert + Tobin.",VERIFIED,SRC_BCA_ABOUT,high,2026-09-18
289,2026,Australia,bca_board_hyperscaler_members,4.0,count,actual,,"Amazon, Apple, Google and AirTrunk are all BCA members per the published membership logos, and Google Australia and New Zealand's managing director sits on the board. So all four hyperscalers that are absent from every NSW planning record the Observatory harvested have coordinated policy representation through the BCA - which is the most likely answer to RG-023's puzzle about where hyperscaler influence is exercised, if not where their buildings are.",VERIFIED,SRC_BCA_ABOUT,high,2026-09-18
290,2025,Australia,aem_dc_connection_requests_gw,44.0,GW,enquiry,,Oxford Economics for the BCA: AEMO received around 44 GW of connection requests linked to data centre proposals in 2025. Compare Transgrid alone reporting 20 GW of large-load enquiries and 10 GW within a 12 km radius of Sydney West since late 2024.,REPORTED,SRC_BCA_SUB116,medium,2026-09-18
291,2025,Australia,dc_expected_to_proceed_gw,6.0,GW,estimate,,"Oxford Economics for the BCA: of the 44 GW of requests, about 6 GW of project capacity is expected to proceed.",REPORTED,SRC_BCA_SUB116,medium,2026-09-18
292,2025,Australia,dc_actual_draw_at_maturity_gw,2.8,GW,estimate,,"Oxford Economics for the BCA: only 2.8 GW of actual electricity draw once facilities reach maturity, described as '15 times lower than what is sometimes reported'. This is the most important single number in the whole pipeline debate and it comes from industry-commissioned research: it means neither 44 GW nor 20 GW should be reported as demand. It is also consistent with AEMO's own position and with the 20 per cent proceeds-likelihood that NSW utilities gave the government.",REPORTED,SRC_BCA_SUB116,medium,2026-09-18
293,2026,Australia,dc_water_use_gl_per_year,5.5,GL/yr,estimate,,"BCA Submission No 116: data centres consume around 5.5 gigalitres of water a year nationally, approximately 0.04 per cent of national potable water use and about 0.7 per cent of total Sydney water consumption, with industry projections that use remains below two per cent of total potable supply through 2030. THIS IS THE SOURCE of the 0.04 per cent figure that Data Centres Australia gave orally to the inquiry on 1 May 2026 - the two peak bodies are using the same numbers. Compare Sydney Water's projection of demand equivalent to about 25 per cent of Greater Sydney drinking water by 2035, built on applications actually received. For scale: the Mamre Road EIS alone claims 22.4 ML a year, so 5.5 GL is roughly 245 such facilities.",CLAIMED,SRC_BCA_SUB116,medium,2026-09-18
294,2030,Australia,dc_recycled_water_investment,0.8,AUD bn,forecast_central,,"BCA: projected industry investment in recycled water infrastructure of $500 million to $1.1 billion by 2030; midpoint shown. The submission argues this benefits the broader community and that in NSW 'access remains constrained', so policy should support broader availability of recycled water for industrial users 'where demand and funding are already place'. That is the same infrastructure-sequencing failure the Observatory identified independently at NEXTDC S7, where recycled water was abandoned because pipeline planning permission was unavailable - and here the industry is asking government to fix it, which is a point of agreement rather than conflict.",CLAIMED,SRC_BCA_SUB116,medium,2026-09-18
295,2026,Australia,airtrunk_recycled_water_share_pct,55.0,%,actual,,"BCA Submission No 116, footnote 23: 'recycled water now supplies 55 per cent of AirTrunk's total use, and its Singapore site runs entirely on reclaimed water.' This is a specific, checkable claim made about a named operator by a peak body to a parliamentary inquiry, and it is the strongest water credential claimed for AirTrunk anywhere in the record. It is recorded as CLAIMED because no site-level water data has been verified: the Observatory holds no metered water figures for SYD1 Huntingwood, SYD2 Lane Cove or MEL1 Derrimut, and Sydney Water agreements are not public (RG-017). If true it materially weakens the potable-water critique as applied to AirTrunk specifically.",CLAIMED,SRC_BCA_SUB116,medium,2026-09-18
296,2026,Australia,dc_electricity_offset_by_renewables_pct,70.0,%,estimate,,"BCA Submission No 116: 'around 70 per cent of electricity used by data centres is already offset by renewable energy, through a mix of on-site solar generation and long-term renewable power purchase agreements'. This is a market-based accounting claim about the sector as a whole.",CLAIMED,SRC_BCA_SUB116,low,2026-09-18
297,2026,Australia,hyperscaler_contracted_renewables_gw,1.0,GW,actual,,"BCA: since 2020 Amazon, Microsoft and Equinix have contracted close to 1 GW of renewable electricity capacity from wind and solar projects in Australia. Checkable against the CER's LRET supply data and the NSW renewable approvals pipeline (49 projects, 10.2 GW approved between March 2023 and May 2026).",CLAIMED,SRC_BCA_SUB116,medium,2026-09-18
298,2026-09,Australia,senate_inquiry_submissions,116.0,count,actual,,"Submissions received by the Senate Environment and Communications References Committee inquiry into artificial intelligence and data centres, referred 13 May 2026, closed 1 September 2026, reporting 16 November 2026. Only the first 20 are retrievable without a browser session because the list is a JavaScript-postback pager (RG-066); those 20 include the Climate Council of Australia, the Canterbury Bankstown Climate Action Network, the Conservation Council of Western Australia, the Australian Writers' Guild, Ethica Labs, Cetus AI, AQ Intelligence, the Australasian Society for Computers and Law, the Australasian Institute of Digital Health, Soroptimist International Australia and Voices of Bennelong.",VERIFIED,SRC_SENATE_AI_DC,high,2026-09-18
299,2026-09-18,national,TCS Australian public sector contract portfolio - published aggregator total,352735957.18,AUD,,,"GovMarket published figure: 'Total portfolio $352,735,957.18', 'Contracts won 65'. This is the number in public circulation and the number supplied to this project. It is INFLATED - see the de-duplicated metric below.",REPORTED,SRC_GOVMARKET_TCS,medium,2026-09-18
300,2026-09-18,national,TCS Australian public sector contract portfolio - Observatory de-duplicated total,234423257.18,AUD,,,"$352,735,957.18 less ONE confirmed duplicate of $118,312,700 (the Transport Equipment Centre of Excellence, published on both buy.nsw as CAN-100812 and in the aggregator's own contract record with identical value, identical 29 March 2018 award date and identical 30 June 2027 expiry). 45 of 65 records are paywalled so further duplicates cannot be excluded: this is a CEILING on distinct spend, not a floor. The overstatement is $118,312,700, or 50.5% of the corrected figure.",VERIFIED,SRC_GOVMARKET_TECOE,high,2026-09-18
301,2026-09-18,national,TCS distinct Australian public contracts,64.0,count,,,65 published less one confirmed duplicate.,VERIFIED,SRC_GOVMARKET_TECOE,high,2026-09-18
302,2026-09-18,national,TCS portfolio share attributable to a single nine-year sole-sourced contract,50.5,percent of corrected total,,,"$118,312,700 of $234,423,257. Half of the tracked Australian public-sector exposure to this firm is one directly negotiated contract running 29 March 2018 to 30 June 2027.",VERIFIED,SRC_BUYNsw_CAN100812,high,2026-09-18
303,2026-09-18,national,Transport Equipment Centre of Excellence contract term,9.25,years,,,29 March 2018 to 30 June 2027. GovMarket's own contract record states '9y 3mo term - 92% elapsed'. Method of tendering: direct negotiation.,VERIFIED,SRC_BUYNsw_CAN100812,high,2026-09-18
304,2026-09-18,national,TCS median Australian government contract win (implied),222810.0,AUD,,,"DERIVED, NOT PUBLISHED. The aggregator states the $118.3M contract is '~531x their median win', which implies a median of about $222,810. Recorded as a derived estimate at low confidence because it is arithmetic performed on the aggregator's own characterisation.",REPORTED,SRC_GOVMARKET_TECOE,low,2026-09-18
305,2026-09-18,national,TCS contracts with Melbourne Water,27.0,count,,,"$5.3M across 27 contracts - the highest contract count of any buyer, at an average of about $196k. Nine of the 27 are individually visible and sum to $1,794,000 (average $199,333, against a published average of $196,296), leaving 18 records and $3,506,000 behind the paywall. Consistent with a panel or standing-offer drawdown rather than 27 separate competitions.",REPORTED,SRC_GOVMARKET_TCS,medium,2026-09-18
306,2026-09-18,NSW,Share of NSW data centre planning records handled by the two most-assigned officers,65.1,percent,,,"Shaun Williams 25 of 63 (39.7%) and Patrick Copas 16 of 63 (25.4%), together 41 of 63. Eleven named officers in total across the 63 records. Published on the portal, so this is disclosed accountability.",VERIFIED,SRC_PORTAL_PLANNERS,high,2026-09-18
307,2026-09-18,NSW,NSW data centre consents issued under a delegation executed after the Guidelines,2.0,count,,,"Glendenning Road SSD-73761707 (signed 14 September 2026) and Project Apollo Macquarie Park (signed 2 September 2026), both under a ministerial delegation executed 18 August 2026 - one day after the NSW Data Centre Guidelines were published on 17 August 2026. Eleven further consents were issued under a 9 March 2022 delegation and one under 9 March 2020.",VERIFIED,SRC_CONSENT_DELEGATIONS,high,2026-09-18
308,2026-09-18,NSW,NSW data centre consents where the Schedule 1 applicant is a consultancy,4.0,count,,,"ARUP Pty Ltd (43-61 Turner Road); Cundall Johnston and Partners Pty Ltd (Davis Road and its Mod 1); Lehr Consultants International (Australia) Pty Ltd (Glendenning Road SSD-73761707, 235 MW). Of 13 consents whose Schedule 1 applicant parsed.",VERIFIED,SRC_CONSENT_APPLICANTS,high,2026-09-18
309,2026-09-18,NSW,NSW data centre consents where the Schedule 1 applicant is an opaque SPV or trust trustee,4.0,count,,,"EMKC Cubed Management Pty Ltd (two consents: 51 Huntingwood Drive SSD-41589232 with 632 MW installed back-up, and Apollo Place SSD-67407231); HDI SYD1 Property Holdings Limited (DigiCo SYD1 expansion SSD-69637456); The Trustee for NineZero DC Sub Trust I (DCI Poplars). Beneficial ownership unresolved in all four (RG-064).",VERIFIED,SRC_CONSENT_APPLICANTS,high,2026-09-18
310,2026-09-18,NSW,NSW data centre consents where the Schedule 1 applicant is the identifiable operator,5.0,count,,,"Five, and they are: NEXTDC Limited; Goodman Property Services (Aust) Pty Limited; Canberra Data Centres Pty Ltd; Macquarie Data Centres Pty Ltd; Equinix Hyperscale 2 (SY10) Pty Limited. The 13 parsed consents therefore divide 4 consultancy applicants + 4 opaque SPV or trust applicants + 5 identifiable operators. So in 8 of the 13 parsed consents - a clear majority - the party legally named as the applicant is NOT the operator of the facility.",VERIFIED,SRC_CONSENT_APPLICANTS,high,2026-09-18
311,2026-09-18,NSW,NSW data centre projects with an identifiable independent peer review of acoustic evidence,3.0,count,,,"DigiCo SYD1 expansion ('a14-acoustic-peer-review'); Lane Cove West mod 3 ('peer-review-acoustic-assessment'); 51 Huntingwood Drive mod 1 ('appendix-b4-acoustic-review-statement' x2). Three of 63 projects, i.e. about 5%. Across the same 63 projects there are 181 acoustic and noise attachments. Independent checking of the amenity evidence is the exception, not the norm. Evidence tier: attachment filename only (RG-073).",REPORTED,SRC_ATTACHMENT_CONSULTANTS,medium,2026-09-18
312,2026-09-18,national,TCS portfolio by buyer (aggregator published): Transport for NSW,278900000.0,AUD,,,"GovMarket publishes 15 contracts and 79% of portfolio for Transport for NSW. For Transport for NSW this INCLUDES the $118,312,700 duplicate, so the distinct figure is $160,587,300 across 14 contracts - which is 68.5% of the de-duplicated portfolio, not 79%. The other four buyers are not known to contain duplicates.",REPORTED,SRC_GOVMARKET_TCS,medium,2026-09-18
313,2026-09-18,national,TCS portfolio by buyer (aggregator published): Reserve Bank of Australia,39900000.0,AUD,,,"Aggregator arithmetic, not verified against a portal notice.",REPORTED,SRC_GOVMARKET_TCS,medium,2026-09-18
314,2026-09-18,national,TCS portfolio by buyer (aggregator published): Insurance and Care NSW (icare),8500000.0,AUD,,,"Aggregator arithmetic, not verified against a portal notice.",REPORTED,SRC_GOVMARKET_TCS,medium,2026-09-18
315,2026-09-18,national,TCS portfolio by buyer (aggregator published): Department of Customer Service,6600000.0,AUD,,,"Aggregator arithmetic, not verified against a portal notice.",REPORTED,SRC_GOVMARKET_TCS,medium,2026-09-18
316,2026-09-18,national,TCS portfolio by buyer (aggregator published): Melbourne Water,5300000.0,AUD,,,"Aggregator arithmetic, not verified against a portal notice.",REPORTED,SRC_GOVMARKET_TCS,medium,2026-09-18
317,2026-09,NSW,consents_with_determination_date,20.0,count,actual,,"All 20 signed consents in the battery now carry a determination date: 17 parsed from the instrument's own cover-page execution line, 3 from portal node metadata because the execution date is an image stamp absent from the text layer (Dicker Data, Lane Cove West; Talavera Road's cover carries the year only). RG-079's blocker is cleared.",VERIFIED,SRC_NSWPORTAL_CONSENTS,high,2026-09-18
318,2026-09,NSW,consents_determined_post_guidelines,2.0,count,actual,,"2 of 20 consents were determined on or after 2026-08-17, when the NSW Data Centre Guidelines took effect: project-apollo-data-centre-macquarie-park (2026-09-02, officer Patrick Copas, signed by Joanna Bakopanos); glendenning-road-data-centre (2026-09-14, officer Shaun Williams, signed by Joanna Bakopanos).",VERIFIED,SRC_NSWPORTAL_CONSENTS,high,2026-09-18
319,2026-09,NSW,post_guidelines_consents_citing_guidelines,0.0,count,actual,,"Neither post-Guidelines consent cites the NSW Data Centre Guidelines. Across all 20 instruments the citation count is zero (battery column guidelines_cited). The Guidelines are guidance, not a mandatory instrument, and the first two determinations after they took effect do not reference them.",VERIFIED,SRC_NSWPORTAL_CONSENTS,high,2026-09-18
320,2026-09,NSW,consents_signed_under_delegation_2026_08_18,2.0,count,actual,,"Consents signed under the ministerial delegation executed 18 August 2026 - ONE DAY AFTER the Guidelines took effect: Project Apollo (2026-09-02) and Glendenning Road (signed 2026-09-14, registered 2026-09-16), both by Joanna Bakopanos, A/Director Industry Assessments. Verified from the instruments' own cover pages ('As delegate of the Minister for Planning and Public Spaces under delegation executed on 18 August 2026').",VERIFIED,SRC_NSWPORTAL_CONSENTS,high,2026-09-18
321,2026-09,NSW,consents_signed_under_delegation_2022_03_09,12.0,count,actual,,12 of 20 instruments were signed under the single ministerial delegation executed 9 March 2022 - the standing regime from 2022 until the 18 August 2026 delegation. Full regime distribution: (none/IPC determination): 1; 2017-10-11: 2; 2020-03-09: 1; 2021-04-26: 1; 2022-03-09: 12; 2022-06-14: 1; 2026-08-18: 2.,VERIFIED,SRC_NSWPORTAL_CONSENTS,high,2026-09-18
322,2026-09,NSW,distinct_consent_signatories,5.0,count,actual,,Five signature blocks across 20 instruments: Joanna Bakopanos 9; Chris Ritchie 6; Anthea Sargeant 3; [Name of Commissioner] 1; Catriona Shirley 1. The Talavera Road block is the unfilled template placeholder '[Name of Commissioner]' (RG-085). One A/Director signs 45% of the sample and both post-Guidelines consents.,VERIFIED,SRC_NSWPORTAL_CONSENTS,high,2026-09-18
323,2026-09,NSW,determined_consents_officered_by_top_two,15.0,count,actual,,"Shaun Williams (9) and Patrick Copas (6) are the case officers for 15 of the 20 determined consents (75%), mirroring their 65% share of the 63-project live pipeline (v_case_officer_load). Both post-Guidelines determinations sit with them (2 of 2): Glendenning=Williams, Project Apollo=Copas.",VERIFIED,SRC_NSWPORTAL_CONSENTS,high,2026-09-18
324,2026-09,NSW,officers_who_managed_and_signed_sample_consents,1.0,count,actual,,"Joanna Bakopanos appears on BOTH sides of the record: case planner for the Talavera Road campus expansion (SSD-24299707, planner_assignments.json) and, as A/Director Industry Assessments, signatory of 9 of the 20 determined consents including both post-Guidelines determinations. Not evidence of impropriety - assessment and determination are separate functions and the Talavera determination was the IPC's - but the same small office both manages and signs the pipeline, which is the structural point RG-079 was opened to test.",VERIFIED,SRC_NSWPORTAL_CONSENTS,high,2026-09-18
325,2026-09,NSW,mean_strictness_index_post_guidelines,12.5,index,actual,,"Documented strictness index (formula in scripts/curate_rg079.py). The two post-Guidelines consents score 11 (project-apollo-data-centre-macquarie-park), 14 (glendenning-road-data-centre) - at or above the top of the pre-Guidelines distribution (mean 3.89, range 0-11 across 18). BUT the index rewards provisions that only became standard in late-2024 instruments, so the honest control is the recent pre-Guidelines cohort (determined from 2024-12 onward, n=10): mean 5.1, range 0-11. Project Apollo ties the cohort top (NEXTDC S4, determined 2025-12-24 on proponent commitments); Glendenning exceeds it on air-quality conditions (170-hour cap, NOx mass cap, 45 m stacks, annual testing) that RG-026/RG-060 attribute to site-specific assessment, not to the Guidelines - which NEITHER consent cites. Reading: the tightening trend predates 17 August 2026 and continues through it; the Guidelines added no citable requirement to either instrument.",VERIFIED,SRC_NSWPORTAL_CONSENTS,high,2026-09-18
326,2026-09,Australia,nvidia_dsx_au_buildout_ceiling,2000.0,MW,forecast_high,,"NVIDIA's 9 Sep 2026 release: 'up to a 2-gigawatt buildout by 2027' of DSX AI factories across eight Australian partners (Firmus, Sharon AI, IREN, ResetData, Megaport/Latitude.sh, CDC, NEXTDC, AirTrunk). A ceiling, not a commitment: no per-partner or per-site allocation is published, and 'land, power and shell capacity designed to host' is not energised IT load. Never sum with the observatory's site capacities.",CLAIMED,SRC_NVIDIA_AU_2GW,medium,2026-09-09
327,2026-09,Australia,sharon_ai_nvidia_gpu_deployment_ceiling,68000.0,GPUs,forecast_high,,"'Up to 68,000 NVIDIA GPUs' - Sharon AI's own figure inside the NVIDIA release; no location, generation split or energised status published.",CLAIMED,SRC_NVIDIA_AU_2GW,low,2026-09-09
328,2026-09,South Australia,iren_bundey_campus_capacity,800.0,MW,pipeline,,IREN's '800-megawatt Bundey campus in South Australia' named in the NVIDIA release as a DSX deployment site. Not in the observatory's 93-site register; reconcile against SA planning records (RG-091).,CLAIMED,SRC_NVIDIA_AU_2GW,medium,2026-09-09
329,2026-09,Australia / New Zealand,cdc_operating_capacity_claim_nvidia_release,550.0,MW,actual,,"CDC CEO Greg Boorer in the NVIDIA release: 'more than 550 megawatts of capacity across Australia and New Zealand, with a further 800 megawatts under construction'. Company claim at a partner announcement; the observatory's own consent-based CDC rows are the check against it - do not merge (RG-091).",CLAIMED,SRC_NVIDIA_AU_2GW,medium,2026-09-09
330,2026-09,Australia / New Zealand,cdc_under_construction_claim_nvidia_release,800.0,MW,pipeline,,"Second half of the Boorer claim above. Basis pipeline, not actual.",CLAIMED,SRC_NVIDIA_AU_2GW,medium,2026-09-09
331,2026-02,Australia,defence_palantir_spend_since_2013,26.0,AUD m,actual,,"Crikey's analysis of AusTender: Defence 'has now spent more than $26 million on Palantir contracts since 2013'. A floor ('more than'), not an exact total. The five notices catalogued in this pack sum to less - the balance sits in older notices not yet pulled (historical AusTender data on data.gov.au); full ledger is RG-086.",REPORTED,SRC_CRIKEY_DEF_FEB26,medium,2026-02-17
332,2025-12-31,Australia,futurefund_palantir_holding,165307100.0,AUD,actual,,"620,169 shares (code BN78DQ4), 0.06% of the Future Fund - read directly from the archived Periodic Investment Report CSV (sha256 5354c9dff...efeab). Trajectory: A$1,616,512.92 (Feb 2023, Crikey citing FF) -> A$103,649,987 / 498,339 shares (30 Jun 2025, Crikey citing FF) -> A$165,307,100 (31 Dec 2025, primary). Share count rose ~24% Jun->Dec 2025; value rose ~60% (price + accumulation - the split is not computed here).",VERIFIED,SRC_FF_PIR_DEC25,high,2025-12-31
333,2025-06-30,Australia,futurefund_palantir_holding_jun2025,103649987.0,AUD,actual,,"498,339 shares as of 30 June 2025 per Crikey citing the Future Fund periodic report. The June-2025 CSV was not re-downloaded (the FF site now serves the December 2025 report); verification against the primary file is RG-094.",REPORTED,SRC_CRIKEY_FF_JAN26,high,2026-01-29
334,2025-05,United States,maven_smart_system_idiq_ceiling,1300.0,USD m,signed,,"Maven Smart System IDIQ ceiling raised from US$480m (May 2024) to US$1.3bn (May 2025); Reuters (Mar 2026) and DefenseScoop (May 2025) agree. On 9 Mar 2026 the Deputy SecDef directed Maven become an official program of record. USD, not AUD - never sum with Australian contract rows.",REPORTED,SRC_REUTERS_MAVEN_MAR26,high,2026-03-20
335,2025-07,United States,army_palantir_enterprise_agreement_ceiling,10.0,USD bn,signed,,"10-year Army enterprise agreement 'worth up to $10 billion' consolidating 75 contracts (15 prime, 60 related); announced 31 Jul 2025 (army.mil release; DefenseScoop/Breaking Defense/Washington Technology corroborate). A ceiling across a decade, not an award.",REPORTED,SRC_ARMY_EA_JUL25,high,2025-07-31
336,2025-09,United Kingdom,uk_palantir_investment_pledge,1.5,GBP bn,forecast_high,,'Up to £1.5bn' Palantir investment in the UK under the 18 Sep 2025 strategic partnership signed by the Defence Secretary; up to 350 jobs; London as European defence HQ; MoD opportunities 'worth up to £750 million over the next five years'. A pledge and an opportunity estimate in a government release - not contracted spend.,CLAIMED,SRC_GOVUK_PALANTIR_SEP25,medium,2025-09-18
337,2026-03,United States,palantir_market_cap,360.0,USD bn,estimate,,"Reuters, 20 Mar 2026: contract wins 'helped double the company's stock price in the past year, lifting its market value to nearly $360 billion'. Approximate and time-varying; context for the scale asymmetry between the vendor and its second-tier-government customers.",REPORTED,SRC_REUTERS_MAVEN_MAR26,medium,2026-03-20
338,2026-07,Western Australia,wa_frt_trial_week1_faces_scanned,130000.0,faces scanned,actual,,"WA Police real-time facial recognition trial (from 2 Jul 2026, Perth): one mobile van scanned 130,000+ faces in crowded public spaces in week one; 33 alerts; 19 arrests; two acknowledged false alerts; database ~4,000 people. NOT a Palantir system on any evidence found - vendor undisclosed (RG-093). Recorded because it is the verified Australian baseline against which 'pre-crime' claims must be measured.",REPORTED,SRC_GUARDIAN_WA_FRT,high,2026-07-20
339,2026-07,Western Australia,wa_frt_trial_week1_arrests,19.0,arrests,actual,,"Week-one arrests from the 33 alerts above, including one executed live during the commissioner's media conference. Two welfare checks; 21 registered sex offenders 'engaged with'.",REPORTED,SRC_GUARDIAN_WA_FRT,high,2026-07-20
340,2026,Australia,australians_frt_biggest_privacy_risk,45.0,% of respondents,actual,,"2026 Australian Community Attitudes to Privacy Survey (OAIC, cited via the Guardian): 45% of Australians consider facial recognition the biggest privacy risk they face, up from 27% in 2023; comfort with police biometric use down to 57%. The perception-side datapoint for this thread.",REPORTED,SRC_GUARDIAN_WA_FRT,medium,2026-07-20
