site_id,site,state,status,fact_status,source_type,source_grade,population,field,label,batch,fallback,bucket,council_candidate,archived,site_rgs,batch_rgs,proposed_reason,note
SITE_KHARTOUM,1-5 Khartoum Road Data Centre,NSW,approved,VERIFIED,primary_planning_portal,A,P,operator,Operator,S2,S7,research,Ryde,portal record; consent text,,RG-034 RG-037 RG-053 RG-073,,
SITE_KHARTOUM,1-5 Khartoum Road Data Centre,NSW,approved,VERIFIED,primary_planning_portal,A,P,total_capacity_mw,Total capacity,S2,,research,Ryde,portal record; consent text,,RG-034 RG-037 RG-053 RG-073,,
SITE_KHARTOUM,1-5 Khartoum Road Data Centre,NSW,approved,VERIFIED,primary_planning_portal,A,P,first_phase_mw,First phase capacity,S2,,research,Ryde,portal record; consent text,,RG-034 RG-037 RG-053 RG-073,,
SITE_KHARTOUM,1-5 Khartoum Road Data Centre,NSW,approved,VERIFIED,primary_planning_portal,A,P,live_capacity_mw,Live capacity,S7,,research,Ryde,portal record; consent text,,RG-017 RG-021 RG-035 RG-036 RG-052 RG-059 RG-064 RG-081,not_applicable,never filled from it_capacity_mw
SITE_KHARTOUM,1-5 Khartoum Road Data Centre,NSW,approved,VERIFIED,primary_planning_portal,A,P,cooling_type,Cooling type,S2,S7,research,Ryde,portal record; consent text,,RG-034 RG-037 RG-053 RG-073,,
SITE_KHARTOUM,1-5 Khartoum Road Data Centre,NSW,approved,VERIFIED,primary_planning_portal,A,P,rack_density_kw,Rack density,S2,S7,research,Ryde,portal record; consent text,,RG-034 RG-037 RG-053 RG-073,,
SITE_KHARTOUM,1-5 Khartoum Road Data Centre,NSW,approved,VERIFIED,primary_planning_portal,A,P,grid_connection,Grid connection,LOADER,,in pipeline,Ryde,portal record; consent text,,,,power_profile.connection_type holds a value; the loader does not map it
SITE_KHARTOUM,1-5 Khartoum Road Data Centre,NSW,approved,VERIFIED,primary_planning_portal,A,P,water_usage,Water usage,S2,S7,research,Ryde,portal record; consent text,,RG-034 RG-037 RG-053 RG-073,,
SITE_KHARTOUM,1-5 Khartoum Road Data Centre,NSW,approved,VERIFIED,primary_planning_portal,A,P,hcf_certified,HCF certification,S3,,research,Ryde,portal record; consent text,,,not_applicable,not on the HCF register (RG-096)
SITE_KHARTOUM,1-5 Khartoum Road Data Centre,NSW,approved,VERIFIED,primary_planning_portal,A,P,campus_area_ha,Campus area,S2,,research,Ryde,portal record; consent text,,RG-034 RG-037 RG-053 RG-073,,
SITE_KHARTOUM,1-5 Khartoum Road Data Centre,NSW,approved,VERIFIED,primary_planning_portal,A,P,gfa_sqm,Gross floor area,S2,,research,Ryde,portal record; consent text,,RG-034 RG-037 RG-053 RG-073,,
SITE_KHARTOUM,1-5 Khartoum Road Data Centre,NSW,approved,VERIFIED,primary_planning_portal,A,P,capital_cost_aud,Capital cost,S2,,research,Ryde,portal record; consent text,,RG-034 RG-037 RG-053 RG-073,,
SITE_KHARTOUM,1-5 Khartoum Road Data Centre,NSW,approved,VERIFIED,primary_planning_portal,A,P,construction_jobs,Construction jobs,S2,,research,Ryde,portal record; consent text,,RG-034 RG-037 RG-053 RG-073,,
SITE_KHARTOUM,1-5 Khartoum Road Data Centre,NSW,approved,VERIFIED,primary_planning_portal,A,P,operational_jobs,Operational jobs,S2,,research,Ryde,portal record; consent text,,RG-034 RG-037 RG-053 RG-073,,
SITE_KHARTOUM,1-5 Khartoum Road Data Centre,NSW,approved,VERIFIED,primary_planning_portal,A,P,operational_from,Operational from,S2,S4,research,Ryde,portal record; consent text,,RG-034 RG-037 RG-053 RG-073,,
SITE_KHARTOUM,1-5 Khartoum Road Data Centre,NSW,approved,VERIFIED,primary_planning_portal,A,P,target_completion,Target completion,S2,S4,research,Ryde,portal record; consent text,,RG-034 RG-037 RG-053 RG-073,,
SITE_ORIORDAN,"22 O'Riordan Street, Alexandria - Data Centre",NSW,pre_lodgement,VERIFIED,primary_planning_portal,A,P,operator,Operator,S2,S7,research,,portal record,,RG-034 RG-037 RG-053 RG-073,,
SITE_ORIORDAN,"22 O'Riordan Street, Alexandria - Data Centre",NSW,pre_lodgement,VERIFIED,primary_planning_portal,A,P,proponent,Proponent,S2,S7,research,,portal record,,RG-034 RG-037 RG-053 RG-073,,
SITE_ORIORDAN,"22 O'Riordan Street, Alexandria - Data Centre",NSW,pre_lodgement,VERIFIED,primary_planning_portal,A,P,total_capacity_mw,Total capacity,S2,,research,,portal record,,RG-034 RG-037 RG-053 RG-073,,
SITE_ORIORDAN,"22 O'Riordan Street, Alexandria - Data Centre",NSW,pre_lodgement,VERIFIED,primary_planning_portal,A,P,first_phase_mw,First phase capacity,S2,,research,,portal record,,RG-034 RG-037 RG-053 RG-073,,
SITE_ORIORDAN,"22 O'Riordan Street, Alexandria - Data Centre",NSW,pre_lodgement,VERIFIED,primary_planning_portal,A,P,live_capacity_mw,Live capacity,S7,,research,,portal record,,RG-017 RG-021 RG-035 RG-036 RG-052 RG-059 RG-064 RG-081,not_applicable,never filled from it_capacity_mw
SITE_ORIORDAN,"22 O'Riordan Street, Alexandria - Data Centre",NSW,pre_lodgement,VERIFIED,primary_planning_portal,A,P,cooling_type,Cooling type,S2,S7,research,,portal record,,RG-034 RG-037 RG-053 RG-073,,
SITE_ORIORDAN,"22 O'Riordan Street, Alexandria - Data Centre",NSW,pre_lodgement,VERIFIED,primary_planning_portal,A,P,rack_density_kw,Rack density,S2,S7,research,,portal record,,RG-034 RG-037 RG-053 RG-073,,
SITE_ORIORDAN,"22 O'Riordan Street, Alexandria - Data Centre",NSW,pre_lodgement,VERIFIED,primary_planning_portal,A,P,grid_connection,Grid connection,S2,S7,research,,portal record,,RG-034 RG-037 RG-053 RG-073,,
SITE_ORIORDAN,"22 O'Riordan Street, Alexandria - Data Centre",NSW,pre_lodgement,VERIFIED,primary_planning_portal,A,P,water_usage,Water usage,S2,S7,research,,portal record,,RG-034 RG-037 RG-053 RG-073,,
SITE_ORIORDAN,"22 O'Riordan Street, Alexandria - Data Centre",NSW,pre_lodgement,VERIFIED,primary_planning_portal,A,P,hcf_certified,HCF certification,S3,,research,,portal record,,,not_applicable,not on the HCF register (RG-096)
SITE_ORIORDAN,"22 O'Riordan Street, Alexandria - Data Centre",NSW,pre_lodgement,VERIFIED,primary_planning_portal,A,P,campus_area_ha,Campus area,S2,,research,,portal record,,RG-034 RG-037 RG-053 RG-073,,
SITE_ORIORDAN,"22 O'Riordan Street, Alexandria - Data Centre",NSW,pre_lodgement,VERIFIED,primary_planning_portal,A,P,gfa_sqm,Gross floor area,S2,,research,,portal record,,RG-034 RG-037 RG-053 RG-073,,
SITE_ORIORDAN,"22 O'Riordan Street, Alexandria - Data Centre",NSW,pre_lodgement,VERIFIED,primary_planning_portal,A,P,capital_cost_aud,Capital cost,S2,,research,,portal record,,RG-034 RG-037 RG-053 RG-073,,
SITE_ORIORDAN,"22 O'Riordan Street, Alexandria - Data Centre",NSW,pre_lodgement,VERIFIED,primary_planning_portal,A,P,construction_jobs,Construction jobs,S2,,research,,portal record,,RG-034 RG-037 RG-053 RG-073,,
SITE_ORIORDAN,"22 O'Riordan Street, Alexandria - Data Centre",NSW,pre_lodgement,VERIFIED,primary_planning_portal,A,P,operational_jobs,Operational jobs,S2,,research,,portal record,,RG-034 RG-037 RG-053 RG-073,,
SITE_ORIORDAN,"22 O'Riordan Street, Alexandria - Data Centre",NSW,pre_lodgement,VERIFIED,primary_planning_portal,A,P,operational_from,Operational from,S2,S4,research,,portal record,,RG-034 RG-037 RG-053 RG-073,,
SITE_ORIORDAN,"22 O'Riordan Street, Alexandria - Data Centre",NSW,pre_lodgement,VERIFIED,primary_planning_portal,A,P,target_completion,Target completion,S2,S4,research,,portal record,,RG-034 RG-037 RG-053 RG-073,,
SITE_23_25_WATERLOO,23-25 Waterloo Road Data Centre,NSW,pre_lodgement,VERIFIED,primary_planning_portal,A,P,operator,Operator,S2,S7,research,Ryde,portal record,,RG-034 RG-037 RG-053 RG-073,,
SITE_23_25_WATERLOO,23-25 Waterloo Road Data Centre,NSW,pre_lodgement,VERIFIED,primary_planning_portal,A,P,proponent,Proponent,S2,S7,research,Ryde,portal record,,RG-034 RG-037 RG-053 RG-073,,
SITE_23_25_WATERLOO,23-25 Waterloo Road Data Centre,NSW,pre_lodgement,VERIFIED,primary_planning_portal,A,P,total_capacity_mw,Total capacity,S2,,research,Ryde,portal record,,RG-034 RG-037 RG-053 RG-073,,
SITE_23_25_WATERLOO,23-25 Waterloo Road Data Centre,NSW,pre_lodgement,VERIFIED,primary_planning_portal,A,P,first_phase_mw,First phase capacity,S2,,research,Ryde,portal record,,RG-034 RG-037 RG-053 RG-073,,
SITE_23_25_WATERLOO,23-25 Waterloo Road Data Centre,NSW,pre_lodgement,VERIFIED,primary_planning_portal,A,P,live_capacity_mw,Live capacity,S7,,research,Ryde,portal record,,RG-017 RG-021 RG-035 RG-036 RG-052 RG-059 RG-064 RG-081,not_applicable,never filled from it_capacity_mw
SITE_23_25_WATERLOO,23-25 Waterloo Road Data Centre,NSW,pre_lodgement,VERIFIED,primary_planning_portal,A,P,cooling_type,Cooling type,S2,S7,research,Ryde,portal record,,RG-034 RG-037 RG-053 RG-073,,
SITE_23_25_WATERLOO,23-25 Waterloo Road Data Centre,NSW,pre_lodgement,VERIFIED,primary_planning_portal,A,P,rack_density_kw,Rack density,S2,S7,research,Ryde,portal record,,RG-034 RG-037 RG-053 RG-073,,
SITE_23_25_WATERLOO,23-25 Waterloo Road Data Centre,NSW,pre_lodgement,VERIFIED,primary_planning_portal,A,P,grid_connection,Grid connection,S2,S7,research,Ryde,portal record,,RG-034 RG-037 RG-053 RG-073,,
SITE_23_25_WATERLOO,23-25 Waterloo Road Data Centre,NSW,pre_lodgement,VERIFIED,primary_planning_portal,A,P,water_usage,Water usage,S2,S7,research,Ryde,portal record,,RG-034 RG-037 RG-053 RG-073,,
SITE_23_25_WATERLOO,23-25 Waterloo Road Data Centre,NSW,pre_lodgement,VERIFIED,primary_planning_portal,A,P,hcf_certified,HCF certification,S3,,research,Ryde,portal record,,,not_applicable,not on the HCF register (RG-096)
SITE_23_25_WATERLOO,23-25 Waterloo Road Data Centre,NSW,pre_lodgement,VERIFIED,primary_planning_portal,A,P,campus_area_ha,Campus area,S2,,research,Ryde,portal record,,RG-034 RG-037 RG-053 RG-073,,
SITE_23_25_WATERLOO,23-25 Waterloo Road Data Centre,NSW,pre_lodgement,VERIFIED,primary_planning_portal,A,P,gfa_sqm,Gross floor area,S2,,research,Ryde,portal record,,RG-034 RG-037 RG-053 RG-073,,
SITE_23_25_WATERLOO,23-25 Waterloo Road Data Centre,NSW,pre_lodgement,VERIFIED,primary_planning_portal,A,P,capital_cost_aud,Capital cost,S2,,research,Ryde,portal record,,RG-034 RG-037 RG-053 RG-073,,
SITE_23_25_WATERLOO,23-25 Waterloo Road Data Centre,NSW,pre_lodgement,VERIFIED,primary_planning_portal,A,P,construction_jobs,Construction jobs,S2,,research,Ryde,portal record,,RG-034 RG-037 RG-053 RG-073,,
SITE_23_25_WATERLOO,23-25 Waterloo Road Data Centre,NSW,pre_lodgement,VERIFIED,primary_planning_portal,A,P,operational_jobs,Operational jobs,S2,,research,Ryde,portal record,,RG-034 RG-037 RG-053 RG-073,,
SITE_23_25_WATERLOO,23-25 Waterloo Road Data Centre,NSW,pre_lodgement,VERIFIED,primary_planning_portal,A,P,operational_from,Operational from,S2,S4,research,Ryde,portal record,,RG-034 RG-037 RG-053 RG-073,,
SITE_23_25_WATERLOO,23-25 Waterloo Road Data Centre,NSW,pre_lodgement,VERIFIED,primary_planning_portal,A,P,target_completion,Target completion,S2,S4,research,Ryde,portal record,,RG-034 RG-037 RG-053 RG-073,,
SITE_43_61_TURNER,43-61 Turner Road Data Centre,NSW,approved,VERIFIED,primary_planning_portal,A,P,operator,Operator,S2,S7,research,,portal record; consent text,,RG-034 RG-037 RG-053 RG-073,,
SITE_43_61_TURNER,43-61 Turner Road Data Centre,NSW,approved,VERIFIED,primary_planning_portal,A,P,total_capacity_mw,Total capacity,S2,,research,,portal record; consent text,,RG-034 RG-037 RG-053 RG-073,,
SITE_43_61_TURNER,43-61 Turner Road Data Centre,NSW,approved,VERIFIED,primary_planning_portal,A,P,it_capacity_mw,IT capacity,S2,,research,,portal record; consent text,,RG-034 RG-037 RG-053 RG-073,,
SITE_43_61_TURNER,43-61 Turner Road Data Centre,NSW,approved,VERIFIED,primary_planning_portal,A,P,max_capacity_mw,Maximum capacity,S2,,research,,portal record; consent text,,RG-034 RG-037 RG-053 RG-073,,
SITE_43_61_TURNER,43-61 Turner Road Data Centre,NSW,approved,VERIFIED,primary_planning_portal,A,P,first_phase_mw,First phase capacity,S2,,research,,portal record; consent text,,RG-034 RG-037 RG-053 RG-073,,
SITE_43_61_TURNER,43-61 Turner Road Data Centre,NSW,approved,VERIFIED,primary_planning_portal,A,P,live_capacity_mw,Live capacity,S7,,research,,portal record; consent text,,RG-017 RG-021 RG-035 RG-036 RG-052 RG-059 RG-064 RG-081,not_applicable,never filled from it_capacity_mw
SITE_43_61_TURNER,43-61 Turner Road Data Centre,NSW,approved,VERIFIED,primary_planning_portal,A,P,cooling_type,Cooling type,S2,S7,research,,portal record; consent text,,RG-034 RG-037 RG-053 RG-073,,
SITE_43_61_TURNER,43-61 Turner Road Data Centre,NSW,approved,VERIFIED,primary_planning_portal,A,P,rack_density_kw,Rack density,S2,S7,research,,portal record; consent text,,RG-034 RG-037 RG-053 RG-073,,
SITE_43_61_TURNER,43-61 Turner Road Data Centre,NSW,approved,VERIFIED,primary_planning_portal,A,P,grid_connection,Grid connection,LOADER,,in pipeline,,portal record; consent text,,,,power_profile.connection_type holds a value; the loader does not map it
SITE_43_61_TURNER,43-61 Turner Road Data Centre,NSW,approved,VERIFIED,primary_planning_portal,A,P,water_usage,Water usage,S2,S7,research,,portal record; consent text,,RG-034 RG-037 RG-053 RG-073,,
SITE_43_61_TURNER,43-61 Turner Road Data Centre,NSW,approved,VERIFIED,primary_planning_portal,A,P,hcf_certified,HCF certification,S3,,research,,portal record; consent text,,,not_applicable,not on the HCF register (RG-096)
SITE_43_61_TURNER,43-61 Turner Road Data Centre,NSW,approved,VERIFIED,primary_planning_portal,A,P,campus_area_ha,Campus area,S2,,research,,portal record; consent text,,RG-034 RG-037 RG-053 RG-073,,
SITE_43_61_TURNER,43-61 Turner Road Data Centre,NSW,approved,VERIFIED,primary_planning_portal,A,P,gfa_sqm,Gross floor area,S2,,research,,portal record; consent text,,RG-034 RG-037 RG-053 RG-073,,
SITE_43_61_TURNER,43-61 Turner Road Data Centre,NSW,approved,VERIFIED,primary_planning_portal,A,P,capital_cost_aud,Capital cost,S2,,research,,portal record; consent text,,RG-034 RG-037 RG-053 RG-073,,
SITE_43_61_TURNER,43-61 Turner Road Data Centre,NSW,approved,VERIFIED,primary_planning_portal,A,P,construction_jobs,Construction jobs,S2,,research,,portal record; consent text,,RG-034 RG-037 RG-053 RG-073,,
SITE_43_61_TURNER,43-61 Turner Road Data Centre,NSW,approved,VERIFIED,primary_planning_portal,A,P,operational_jobs,Operational jobs,S2,,research,,portal record; consent text,,RG-034 RG-037 RG-053 RG-073,,
SITE_43_61_TURNER,43-61 Turner Road Data Centre,NSW,approved,VERIFIED,primary_planning_portal,A,P,operational_from,Operational from,S2,S4,research,,portal record; consent text,,RG-034 RG-037 RG-053 RG-073,,
SITE_43_61_TURNER,43-61 Turner Road Data Centre,NSW,approved,VERIFIED,primary_planning_portal,A,P,target_completion,Target completion,S2,S4,research,,portal record; consent text,,RG-034 RG-037 RG-053 RG-073,,
SITE_51_HUNTINGWOOD,51 Huntingwood Drive Data Centre,NSW,approved,VERIFIED,primary_planning_portal,A,P,operator,Operator,S2,S7,research,Blacktown,portal record; consent text,RG-064,RG-034 RG-037 RG-053 RG-073,,
SITE_51_HUNTINGWOOD,51 Huntingwood Drive Data Centre,NSW,approved,VERIFIED,primary_planning_portal,A,P,total_capacity_mw,Total capacity,S2,,research,Blacktown,portal record; consent text,RG-064,RG-034 RG-037 RG-053 RG-073,,
SITE_51_HUNTINGWOOD,51 Huntingwood Drive Data Centre,NSW,approved,VERIFIED,primary_planning_portal,A,P,it_capacity_mw,IT capacity,S2,,research,Blacktown,portal record; consent text,RG-064,RG-034 RG-037 RG-053 RG-073,,
SITE_51_HUNTINGWOOD,51 Huntingwood Drive Data Centre,NSW,approved,VERIFIED,primary_planning_portal,A,P,max_capacity_mw,Maximum capacity,S2,,research,Blacktown,portal record; consent text,RG-064,RG-034 RG-037 RG-053 RG-073,,
SITE_51_HUNTINGWOOD,51 Huntingwood Drive Data Centre,NSW,approved,VERIFIED,primary_planning_portal,A,P,first_phase_mw,First phase capacity,S2,,research,Blacktown,portal record; consent text,RG-064,RG-034 RG-037 RG-053 RG-073,,
SITE_51_HUNTINGWOOD,51 Huntingwood Drive Data Centre,NSW,approved,VERIFIED,primary_planning_portal,A,P,live_capacity_mw,Live capacity,S7,,research,Blacktown,portal record; consent text,RG-064,RG-017 RG-021 RG-035 RG-036 RG-052 RG-059 RG-064 RG-081,not_applicable,never filled from it_capacity_mw
SITE_51_HUNTINGWOOD,51 Huntingwood Drive Data Centre,NSW,approved,VERIFIED,primary_planning_portal,A,P,cooling_type,Cooling type,S2,S7,research,Blacktown,portal record; consent text,RG-064,RG-034 RG-037 RG-053 RG-073,,
SITE_51_HUNTINGWOOD,51 Huntingwood Drive Data Centre,NSW,approved,VERIFIED,primary_planning_portal,A,P,rack_density_kw,Rack density,S2,S7,research,Blacktown,portal record; consent text,RG-064,RG-034 RG-037 RG-053 RG-073,,
SITE_51_HUNTINGWOOD,51 Huntingwood Drive Data Centre,NSW,approved,VERIFIED,primary_planning_portal,A,P,grid_connection,Grid connection,LOADER,,in pipeline,Blacktown,portal record; consent text,RG-064,,,power_profile.connection_type holds a value; the loader does not map it
SITE_51_HUNTINGWOOD,51 Huntingwood Drive Data Centre,NSW,approved,VERIFIED,primary_planning_portal,A,P,water_usage,Water usage,S2,S7,research,Blacktown,portal record; consent text,RG-064,RG-034 RG-037 RG-053 RG-073,,
SITE_51_HUNTINGWOOD,51 Huntingwood Drive Data Centre,NSW,approved,VERIFIED,primary_planning_portal,A,P,hcf_certified,HCF certification,S3,,research,Blacktown,portal record; consent text,RG-064,,not_applicable,not on the HCF register (RG-096)
SITE_51_HUNTINGWOOD,51 Huntingwood Drive Data Centre,NSW,approved,VERIFIED,primary_planning_portal,A,P,campus_area_ha,Campus area,S2,,research,Blacktown,portal record; consent text,RG-064,RG-034 RG-037 RG-053 RG-073,,
SITE_51_HUNTINGWOOD,51 Huntingwood Drive Data Centre,NSW,approved,VERIFIED,primary_planning_portal,A,P,gfa_sqm,Gross floor area,S2,,research,Blacktown,portal record; consent text,RG-064,RG-034 RG-037 RG-053 RG-073,,
SITE_51_HUNTINGWOOD,51 Huntingwood Drive Data Centre,NSW,approved,VERIFIED,primary_planning_portal,A,P,capital_cost_aud,Capital cost,S2,,research,Blacktown,portal record; consent text,RG-064,RG-034 RG-037 RG-053 RG-073,,
SITE_51_HUNTINGWOOD,51 Huntingwood Drive Data Centre,NSW,approved,VERIFIED,primary_planning_portal,A,P,construction_jobs,Construction jobs,S2,,research,Blacktown,portal record; consent text,RG-064,RG-034 RG-037 RG-053 RG-073,,
SITE_51_HUNTINGWOOD,51 Huntingwood Drive Data Centre,NSW,approved,VERIFIED,primary_planning_portal,A,P,operational_jobs,Operational jobs,S2,,research,Blacktown,portal record; consent text,RG-064,RG-034 RG-037 RG-053 RG-073,,
SITE_51_HUNTINGWOOD,51 Huntingwood Drive Data Centre,NSW,approved,VERIFIED,primary_planning_portal,A,P,operational_from,Operational from,S2,S4,research,Blacktown,portal record; consent text,RG-064,RG-034 RG-037 RG-053 RG-073,,
SITE_51_HUNTINGWOOD,51 Huntingwood Drive Data Centre,NSW,approved,VERIFIED,primary_planning_portal,A,P,target_completion,Target completion,S2,S4,research,Blacktown,portal record; consent text,RG-064,RG-034 RG-037 RG-053 RG-073,,
SITE_TURNER_RD,52 Turner Road Data Centre,NSW,withdrawn,VERIFIED,primary_planning_portal,A,P,operator,Operator,S2,S7,research,,portal record,,RG-034 RG-037 RG-053 RG-073,,
SITE_TURNER_RD,52 Turner Road Data Centre,NSW,withdrawn,VERIFIED,primary_planning_portal,A,P,proponent,Proponent,S2,S7,research,,portal record,,RG-034 RG-037 RG-053 RG-073,,
SITE_TURNER_RD,52 Turner Road Data Centre,NSW,withdrawn,VERIFIED,primary_planning_portal,A,P,total_capacity_mw,Total capacity,S2,,research,,portal record,,RG-034 RG-037 RG-053 RG-073,,
SITE_TURNER_RD,52 Turner Road Data Centre,NSW,withdrawn,VERIFIED,primary_planning_portal,A,P,first_phase_mw,First phase capacity,S2,,research,,portal record,,RG-034 RG-037 RG-053 RG-073,,
SITE_TURNER_RD,52 Turner Road Data Centre,NSW,withdrawn,VERIFIED,primary_planning_portal,A,P,live_capacity_mw,Live capacity,S7,,research,,portal record,,RG-017 RG-021 RG-035 RG-036 RG-052 RG-059 RG-064 RG-081,not_applicable,never filled from it_capacity_mw
SITE_TURNER_RD,52 Turner Road Data Centre,NSW,withdrawn,VERIFIED,primary_planning_portal,A,P,cooling_type,Cooling type,S2,S7,research,,portal record,,RG-034 RG-037 RG-053 RG-073,,
SITE_TURNER_RD,52 Turner Road Data Centre,NSW,withdrawn,VERIFIED,primary_planning_portal,A,P,rack_density_kw,Rack density,S2,S7,research,,portal record,,RG-034 RG-037 RG-053 RG-073,,
SITE_TURNER_RD,52 Turner Road Data Centre,NSW,withdrawn,VERIFIED,primary_planning_portal,A,P,grid_connection,Grid connection,S2,S7,research,,portal record,,RG-034 RG-037 RG-053 RG-073,,
SITE_TURNER_RD,52 Turner Road Data Centre,NSW,withdrawn,VERIFIED,primary_planning_portal,A,P,water_usage,Water usage,S2,S7,research,,portal record,,RG-034 RG-037 RG-053 RG-073,,
SITE_TURNER_RD,52 Turner Road Data Centre,NSW,withdrawn,VERIFIED,primary_planning_portal,A,P,hcf_certified,HCF certification,S3,,research,,portal record,,,not_applicable,stored as the string 'unknown'; not on the HCF register (RG-096)
SITE_TURNER_RD,52 Turner Road Data Centre,NSW,withdrawn,VERIFIED,primary_planning_portal,A,P,campus_area_ha,Campus area,S2,,research,,portal record,,RG-034 RG-037 RG-053 RG-073,,
SITE_TURNER_RD,52 Turner Road Data Centre,NSW,withdrawn,VERIFIED,primary_planning_portal,A,P,gfa_sqm,Gross floor area,S2,,research,,portal record,,RG-034 RG-037 RG-053 RG-073,,
SITE_TURNER_RD,52 Turner Road Data Centre,NSW,withdrawn,VERIFIED,primary_planning_portal,A,P,capital_cost_aud,Capital cost,S2,,research,,portal record,,RG-034 RG-037 RG-053 RG-073,,
SITE_TURNER_RD,52 Turner Road Data Centre,NSW,withdrawn,VERIFIED,primary_planning_portal,A,P,construction_jobs,Construction jobs,S2,,research,,portal record,,RG-034 RG-037 RG-053 RG-073,,
SITE_TURNER_RD,52 Turner Road Data Centre,NSW,withdrawn,VERIFIED,primary_planning_portal,A,P,operational_jobs,Operational jobs,S2,,research,,portal record,,RG-034 RG-037 RG-053 RG-073,,
SITE_TURNER_RD,52 Turner Road Data Centre,NSW,withdrawn,VERIFIED,primary_planning_portal,A,P,operational_from,Operational from,S2,S4,research,,portal record,,RG-034 RG-037 RG-053 RG-073,not_applicable,
SITE_TURNER_RD,52 Turner Road Data Centre,NSW,withdrawn,VERIFIED,primary_planning_portal,A,P,target_completion,Target completion,S2,S4,research,,portal record,,RG-034 RG-037 RG-053 RG-073,not_applicable,
SITE_AIMS_BELLA,AIMS Bella Vista Data Centre Campus,NSW,lodged,VERIFIED,primary_government,A,O,address,Address,S4,,research,,,,RG-013 RG-024 RG-071 RG-091,,
SITE_AIMS_BELLA,AIMS Bella Vista Data Centre Campus,NSW,lodged,VERIFIED,primary_government,A,O,lat,Coordinates,S4,,research,,,,RG-013 RG-024 RG-071 RG-091,,
SITE_AIMS_BELLA,AIMS Bella Vista Data Centre Campus,NSW,lodged,VERIFIED,primary_government,A,O,total_capacity_mw,Total capacity,S4,,research,,,,RG-013 RG-024 RG-071 RG-091,,
SITE_AIMS_BELLA,AIMS Bella Vista Data Centre Campus,NSW,lodged,VERIFIED,primary_government,A,O,it_capacity_mw,IT capacity,S4,,research,,,,RG-013 RG-024 RG-071 RG-091,,
SITE_AIMS_BELLA,AIMS Bella Vista Data Centre Campus,NSW,lodged,VERIFIED,primary_government,A,O,max_capacity_mw,Maximum capacity,S4,,research,,,,RG-013 RG-024 RG-071 RG-091,,
SITE_AIMS_BELLA,AIMS Bella Vista Data Centre Campus,NSW,lodged,VERIFIED,primary_government,A,O,first_phase_mw,First phase capacity,S4,,research,,,,RG-013 RG-024 RG-071 RG-091,,
SITE_AIMS_BELLA,AIMS Bella Vista Data Centre Campus,NSW,lodged,VERIFIED,primary_government,A,O,live_capacity_mw,Live capacity,S7,,research,,,,RG-017 RG-021 RG-035 RG-036 RG-052 RG-059 RG-064 RG-081,not_applicable,never filled from it_capacity_mw
SITE_AIMS_BELLA,AIMS Bella Vista Data Centre Campus,NSW,lodged,VERIFIED,primary_government,A,O,cooling_type,Cooling type,S4,S7,research,,,,RG-013 RG-024 RG-071 RG-091,,
SITE_AIMS_BELLA,AIMS Bella Vista Data Centre Campus,NSW,lodged,VERIFIED,primary_government,A,O,rack_density_kw,Rack density,S4,S7,research,,,,RG-013 RG-024 RG-071 RG-091,,
SITE_AIMS_BELLA,AIMS Bella Vista Data Centre Campus,NSW,lodged,VERIFIED,primary_government,A,O,grid_connection,Grid connection,S7,S4,research,,,,RG-017 RG-021 RG-035 RG-036 RG-052 RG-059 RG-064 RG-081,,
SITE_AIMS_BELLA,AIMS Bella Vista Data Centre Campus,NSW,lodged,VERIFIED,primary_government,A,O,water_usage,Water usage,S7,S4,research,,,,RG-017 RG-021 RG-035 RG-036 RG-052 RG-059 RG-064 RG-081,,
SITE_AIMS_BELLA,AIMS Bella Vista Data Centre Campus,NSW,lodged,VERIFIED,primary_government,A,O,hcf_certified,HCF certification,S3,,research,,,,,not_applicable,stored as the string 'unknown'; not on the HCF register (RG-096)
SITE_AIMS_BELLA,AIMS Bella Vista Data Centre Campus,NSW,lodged,VERIFIED,primary_government,A,O,campus_area_ha,Campus area,S4,,research,,,,RG-013 RG-024 RG-071 RG-091,,
SITE_AIMS_BELLA,AIMS Bella Vista Data Centre Campus,NSW,lodged,VERIFIED,primary_government,A,O,gfa_sqm,Gross floor area,S4,,research,,,,RG-013 RG-024 RG-071 RG-091,,
SITE_AIMS_BELLA,AIMS Bella Vista Data Centre Campus,NSW,lodged,VERIFIED,primary_government,A,O,capital_cost_aud,Capital cost,S4,,research,,,,RG-013 RG-024 RG-071 RG-091,,
SITE_AIMS_BELLA,AIMS Bella Vista Data Centre Campus,NSW,lodged,VERIFIED,primary_government,A,O,construction_jobs,Construction jobs,S4,,research,,,,RG-013 RG-024 RG-071 RG-091,,
SITE_AIMS_BELLA,AIMS Bella Vista Data Centre Campus,NSW,lodged,VERIFIED,primary_government,A,O,operational_jobs,Operational jobs,S4,,research,,,,RG-013 RG-024 RG-071 RG-091,,
SITE_AIMS_BELLA,AIMS Bella Vista Data Centre Campus,NSW,lodged,VERIFIED,primary_government,A,O,operational_from,Operational from,S4,,research,,,,RG-013 RG-024 RG-071 RG-091,,
SITE_AIMS_BELLA,AIMS Bella Vista Data Centre Campus,NSW,lodged,VERIFIED,primary_government,A,O,target_completion,Target completion,S4,,research,,,,RG-013 RG-024 RG-071 RG-091,,
SITE_AWS_AU_FLEET,"AWS Australia (Sydney and Melbourne regions, 2025-29 build)",Multi,under_construction,CLAIMED,primary_company,A,O,proponent,Proponent,S4,S6,research,,,RG-087,RG-013 RG-024 RG-071 RG-091,,"fleet record, not a single site"
SITE_AWS_AU_FLEET,"AWS Australia (Sydney and Melbourne regions, 2025-29 build)",Multi,under_construction,CLAIMED,primary_company,A,O,lga,Council,S4,S6,research,,,RG-087,RG-013 RG-024 RG-071 RG-091,,"fleet record, not a single site"
SITE_AWS_AU_FLEET,"AWS Australia (Sydney and Melbourne regions, 2025-29 build)",Multi,under_construction,CLAIMED,primary_company,A,O,suburb,Suburb,S4,S6,research,,,RG-087,RG-013 RG-024 RG-071 RG-091,,"fleet record, not a single site"
SITE_AWS_AU_FLEET,"AWS Australia (Sydney and Melbourne regions, 2025-29 build)",Multi,under_construction,CLAIMED,primary_company,A,O,address,Address,S4,S6,research,,,RG-087,RG-013 RG-024 RG-071 RG-091,,"fleet record, not a single site"
SITE_AWS_AU_FLEET,"AWS Australia (Sydney and Melbourne regions, 2025-29 build)",Multi,under_construction,CLAIMED,primary_company,A,O,lat,Coordinates,S4,S6,research,,,RG-087,RG-013 RG-024 RG-071 RG-091,,"fleet record, not a single site"
SITE_AWS_AU_FLEET,"AWS Australia (Sydney and Melbourne regions, 2025-29 build)",Multi,under_construction,CLAIMED,primary_company,A,O,total_capacity_mw,Total capacity,S4,S6,research,,,RG-087,RG-013 RG-024 RG-071 RG-091,,"fleet record, not a single site"
SITE_AWS_AU_FLEET,"AWS Australia (Sydney and Melbourne regions, 2025-29 build)",Multi,under_construction,CLAIMED,primary_company,A,O,it_capacity_mw,IT capacity,S4,S6,research,,,RG-087,RG-013 RG-024 RG-071 RG-091,,"fleet record, not a single site"
SITE_AWS_AU_FLEET,"AWS Australia (Sydney and Melbourne regions, 2025-29 build)",Multi,under_construction,CLAIMED,primary_company,A,O,max_capacity_mw,Maximum capacity,S4,S6,research,,,RG-087,RG-013 RG-024 RG-071 RG-091,,"fleet record, not a single site"
SITE_AWS_AU_FLEET,"AWS Australia (Sydney and Melbourne regions, 2025-29 build)",Multi,under_construction,CLAIMED,primary_company,A,O,first_phase_mw,First phase capacity,S4,S6,research,,,RG-087,RG-013 RG-024 RG-071 RG-091,,"fleet record, not a single site"
SITE_AWS_AU_FLEET,"AWS Australia (Sydney and Melbourne regions, 2025-29 build)",Multi,under_construction,CLAIMED,primary_company,A,O,live_capacity_mw,Live capacity,S7,,research,,,RG-087,RG-017 RG-021 RG-035 RG-036 RG-052 RG-059 RG-064 RG-081,,"never filled from it_capacity_mw; fleet record, not a single site"
SITE_AWS_AU_FLEET,"AWS Australia (Sydney and Melbourne regions, 2025-29 build)",Multi,under_construction,CLAIMED,primary_company,A,O,cooling_type,Cooling type,S4,S7,research,,,RG-087,RG-013 RG-024 RG-071 RG-091,,"fleet record, not a single site"
SITE_AWS_AU_FLEET,"AWS Australia (Sydney and Melbourne regions, 2025-29 build)",Multi,under_construction,CLAIMED,primary_company,A,O,rack_density_kw,Rack density,S4,S7,research,,,RG-087,RG-013 RG-024 RG-071 RG-091,,"fleet record, not a single site"
SITE_AWS_AU_FLEET,"AWS Australia (Sydney and Melbourne regions, 2025-29 build)",Multi,under_construction,CLAIMED,primary_company,A,O,grid_connection,Grid connection,S7,S4,research,,,RG-087,RG-017 RG-021 RG-035 RG-036 RG-052 RG-059 RG-064 RG-081,,"fleet record, not a single site"
SITE_AWS_AU_FLEET,"AWS Australia (Sydney and Melbourne regions, 2025-29 build)",Multi,under_construction,CLAIMED,primary_company,A,O,water_usage,Water usage,S7,S4,research,,,RG-087,RG-017 RG-021 RG-035 RG-036 RG-052 RG-059 RG-064 RG-081,,"fleet record, not a single site"
SITE_AWS_AU_FLEET,"AWS Australia (Sydney and Melbourne regions, 2025-29 build)",Multi,under_construction,CLAIMED,primary_company,A,O,hcf_certified,HCF certification,S3,,research,,,RG-087,,not_applicable,"stored as the string 'unknown'; fleet record, not a single site; not on the HCF register (RG-096)"
SITE_AWS_AU_FLEET,"AWS Australia (Sydney and Melbourne regions, 2025-29 build)",Multi,under_construction,CLAIMED,primary_company,A,O,campus_area_ha,Campus area,S6,S4,research,,,RG-087,RG-003 RG-010 RG-011 RG-027 RG-048 RG-051 RG-056,,"fleet record, not a single site"
SITE_AWS_AU_FLEET,"AWS Australia (Sydney and Melbourne regions, 2025-29 build)",Multi,under_construction,CLAIMED,primary_company,A,O,gfa_sqm,Gross floor area,S6,S4,research,,,RG-087,RG-003 RG-010 RG-011 RG-027 RG-048 RG-051 RG-056,,"fleet record, not a single site"
SITE_AWS_AU_FLEET,"AWS Australia (Sydney and Melbourne regions, 2025-29 build)",Multi,under_construction,CLAIMED,primary_company,A,O,capital_cost_aud,Capital cost,S6,S4,research,,,RG-087,RG-003 RG-010 RG-011 RG-027 RG-048 RG-051 RG-056,,"fleet record, not a single site"
SITE_AWS_AU_FLEET,"AWS Australia (Sydney and Melbourne regions, 2025-29 build)",Multi,under_construction,CLAIMED,primary_company,A,O,construction_jobs,Construction jobs,S6,S4,research,,,RG-087,RG-003 RG-010 RG-011 RG-027 RG-048 RG-051 RG-056,,"fleet record, not a single site"
SITE_AWS_AU_FLEET,"AWS Australia (Sydney and Melbourne regions, 2025-29 build)",Multi,under_construction,CLAIMED,primary_company,A,O,operational_jobs,Operational jobs,S6,S4,research,,,RG-087,RG-003 RG-010 RG-011 RG-027 RG-048 RG-051 RG-056,,"fleet record, not a single site"
SITE_AWS_AU_FLEET,"AWS Australia (Sydney and Melbourne regions, 2025-29 build)",Multi,under_construction,CLAIMED,primary_company,A,O,operational_from,Operational from,S4,S6,research,,,RG-087,RG-013 RG-024 RG-071 RG-091,,"fleet record, not a single site"
SITE_AWS_AU_FLEET,"AWS Australia (Sydney and Melbourne regions, 2025-29 build)",Multi,under_construction,CLAIMED,primary_company,A,O,target_completion,Target completion,S4,S6,research,,,RG-087,RG-013 RG-024 RG-071 RG-091,,"fleet record, not a single site"
SITE_AIRTRUNK_MEL1,AirTrunk MEL1 (Derrimut),VIC,operational,REPORTED,market_research,B,O,proponent,Proponent,S4,S6,research,,,,RG-013 RG-024 RG-071 RG-091,,
SITE_AIRTRUNK_MEL1,AirTrunk MEL1 (Derrimut),VIC,operational,REPORTED,market_research,B,O,lga,Council,S4,S6,research,,,,RG-013 RG-024 RG-071 RG-091,,
SITE_AIRTRUNK_MEL1,AirTrunk MEL1 (Derrimut),VIC,operational,REPORTED,market_research,B,O,address,Address,S4,S6,research,,,,RG-013 RG-024 RG-071 RG-091,,
SITE_AIRTRUNK_MEL1,AirTrunk MEL1 (Derrimut),VIC,operational,REPORTED,market_research,B,O,lat,Coordinates,S4,S6,research,,,,RG-013 RG-024 RG-071 RG-091,,
SITE_AIRTRUNK_MEL1,AirTrunk MEL1 (Derrimut),VIC,operational,REPORTED,market_research,B,O,total_capacity_mw,Total capacity,S4,S6,research,,,,RG-013 RG-024 RG-071 RG-091,,
SITE_AIRTRUNK_MEL1,AirTrunk MEL1 (Derrimut),VIC,operational,REPORTED,market_research,B,O,it_capacity_mw,IT capacity,S4,S6,research,,,,RG-013 RG-024 RG-071 RG-091,,
SITE_AIRTRUNK_MEL1,AirTrunk MEL1 (Derrimut),VIC,operational,REPORTED,market_research,B,O,max_capacity_mw,Maximum capacity,S4,S6,research,,,,RG-013 RG-024 RG-071 RG-091,,
SITE_AIRTRUNK_MEL1,AirTrunk MEL1 (Derrimut),VIC,operational,REPORTED,market_research,B,O,first_phase_mw,First phase capacity,S4,S6,research,,,,RG-013 RG-024 RG-071 RG-091,,
SITE_AIRTRUNK_MEL1,AirTrunk MEL1 (Derrimut),VIC,operational,REPORTED,market_research,B,O,live_capacity_mw,Live capacity,S7,,research,,,,RG-017 RG-021 RG-035 RG-036 RG-052 RG-059 RG-064 RG-081,,never filled from it_capacity_mw
SITE_AIRTRUNK_MEL1,AirTrunk MEL1 (Derrimut),VIC,operational,REPORTED,market_research,B,O,cooling_type,Cooling type,S4,S7,research,,,,RG-013 RG-024 RG-071 RG-091,,
SITE_AIRTRUNK_MEL1,AirTrunk MEL1 (Derrimut),VIC,operational,REPORTED,market_research,B,O,rack_density_kw,Rack density,S4,S7,research,,,,RG-013 RG-024 RG-071 RG-091,,
SITE_AIRTRUNK_MEL1,AirTrunk MEL1 (Derrimut),VIC,operational,REPORTED,market_research,B,O,grid_connection,Grid connection,S7,S4,research,,,,RG-017 RG-021 RG-035 RG-036 RG-052 RG-059 RG-064 RG-081,,
SITE_AIRTRUNK_MEL1,AirTrunk MEL1 (Derrimut),VIC,operational,REPORTED,market_research,B,O,water_usage,Water usage,S7,S4,research,,,,RG-017 RG-021 RG-035 RG-036 RG-052 RG-059 RG-064 RG-081,,
SITE_AIRTRUNK_MEL1,AirTrunk MEL1 (Derrimut),VIC,operational,REPORTED,market_research,B,O,campus_area_ha,Campus area,S6,S4,research,,,,RG-003 RG-010 RG-011 RG-027 RG-048 RG-051 RG-056,,
SITE_AIRTRUNK_MEL1,AirTrunk MEL1 (Derrimut),VIC,operational,REPORTED,market_research,B,O,gfa_sqm,Gross floor area,S6,S4,research,,,,RG-003 RG-010 RG-011 RG-027 RG-048 RG-051 RG-056,,
SITE_AIRTRUNK_MEL1,AirTrunk MEL1 (Derrimut),VIC,operational,REPORTED,market_research,B,O,capital_cost_aud,Capital cost,S6,S4,research,,,,RG-003 RG-010 RG-011 RG-027 RG-048 RG-051 RG-056,,
SITE_AIRTRUNK_MEL1,AirTrunk MEL1 (Derrimut),VIC,operational,REPORTED,market_research,B,O,construction_jobs,Construction jobs,S6,S4,research,,,,RG-003 RG-010 RG-011 RG-027 RG-048 RG-051 RG-056,,
SITE_AIRTRUNK_MEL1,AirTrunk MEL1 (Derrimut),VIC,operational,REPORTED,market_research,B,O,operational_jobs,Operational jobs,S6,S4,research,,,,RG-003 RG-010 RG-011 RG-027 RG-048 RG-051 RG-056,,
SITE_AIRTRUNK_MEL1,AirTrunk MEL1 (Derrimut),VIC,operational,REPORTED,market_research,B,O,operational_from,Operational from,S4,S6,research,,,,RG-013 RG-024 RG-071 RG-091,,
SITE_AIRTRUNK_MEL1,AirTrunk MEL1 (Derrimut),VIC,operational,REPORTED,market_research,B,O,target_completion,Target completion,S4,S6,research,,,,RG-013 RG-024 RG-071 RG-091,not_applicable,
SITE_AIRTRUNK_SYD1,AirTrunk SYD1 (Huntingwood),NSW,operational,REPORTED,market_research,B,O,proponent,Proponent,S4,S5,research,Blacktown,,,RG-013 RG-024 RG-071 RG-091,,
SITE_AIRTRUNK_SYD1,AirTrunk SYD1 (Huntingwood),NSW,operational,REPORTED,market_research,B,O,address,Address,S4,S5,research,Blacktown,,,RG-013 RG-024 RG-071 RG-091,,
SITE_AIRTRUNK_SYD1,AirTrunk SYD1 (Huntingwood),NSW,operational,REPORTED,market_research,B,O,lat,Coordinates,S4,S5,research,Blacktown,,,RG-013 RG-024 RG-071 RG-091,,
SITE_AIRTRUNK_SYD1,AirTrunk SYD1 (Huntingwood),NSW,operational,REPORTED,market_research,B,O,total_capacity_mw,Total capacity,S4,S5,research,Blacktown,,,RG-013 RG-024 RG-071 RG-091,,
SITE_AIRTRUNK_SYD1,AirTrunk SYD1 (Huntingwood),NSW,operational,REPORTED,market_research,B,O,it_capacity_mw,IT capacity,S4,S5,research,Blacktown,,,RG-013 RG-024 RG-071 RG-091,,
SITE_AIRTRUNK_SYD1,AirTrunk SYD1 (Huntingwood),NSW,operational,REPORTED,market_research,B,O,max_capacity_mw,Maximum capacity,S4,S5,research,Blacktown,,,RG-013 RG-024 RG-071 RG-091,,
SITE_AIRTRUNK_SYD1,AirTrunk SYD1 (Huntingwood),NSW,operational,REPORTED,market_research,B,O,first_phase_mw,First phase capacity,S4,S5,research,Blacktown,,,RG-013 RG-024 RG-071 RG-091,,
SITE_AIRTRUNK_SYD1,AirTrunk SYD1 (Huntingwood),NSW,operational,REPORTED,market_research,B,O,live_capacity_mw,Live capacity,S7,,research,Blacktown,,,RG-017 RG-021 RG-035 RG-036 RG-052 RG-059 RG-064 RG-081,,never filled from it_capacity_mw
SITE_AIRTRUNK_SYD1,AirTrunk SYD1 (Huntingwood),NSW,operational,REPORTED,market_research,B,O,cooling_type,Cooling type,S4,S7,research,Blacktown,,,RG-013 RG-024 RG-071 RG-091,,
SITE_AIRTRUNK_SYD1,AirTrunk SYD1 (Huntingwood),NSW,operational,REPORTED,market_research,B,O,rack_density_kw,Rack density,S4,S7,research,Blacktown,,,RG-013 RG-024 RG-071 RG-091,,
SITE_AIRTRUNK_SYD1,AirTrunk SYD1 (Huntingwood),NSW,operational,REPORTED,market_research,B,O,grid_connection,Grid connection,LOADER,,in pipeline,Blacktown,,,,,power_profile.connection_type holds a value; the loader does not map it
SITE_AIRTRUNK_SYD1,AirTrunk SYD1 (Huntingwood),NSW,operational,REPORTED,market_research,B,O,water_usage,Water usage,S7,S4,research,Blacktown,,,RG-017 RG-021 RG-035 RG-036 RG-052 RG-059 RG-064 RG-081,,
SITE_AIRTRUNK_SYD1,AirTrunk SYD1 (Huntingwood),NSW,operational,REPORTED,market_research,B,O,campus_area_ha,Campus area,S5,S4,research,Blacktown,,,RG-034,,
SITE_AIRTRUNK_SYD1,AirTrunk SYD1 (Huntingwood),NSW,operational,REPORTED,market_research,B,O,gfa_sqm,Gross floor area,S5,S4,research,Blacktown,,,RG-034,,
SITE_AIRTRUNK_SYD1,AirTrunk SYD1 (Huntingwood),NSW,operational,REPORTED,market_research,B,O,capital_cost_aud,Capital cost,S5,S4,research,Blacktown,,,RG-034,,
SITE_AIRTRUNK_SYD1,AirTrunk SYD1 (Huntingwood),NSW,operational,REPORTED,market_research,B,O,construction_jobs,Construction jobs,S5,S4,research,Blacktown,,,RG-034,,
SITE_AIRTRUNK_SYD1,AirTrunk SYD1 (Huntingwood),NSW,operational,REPORTED,market_research,B,O,operational_jobs,Operational jobs,S5,S4,research,Blacktown,,,RG-034,,
SITE_AIRTRUNK_SYD1,AirTrunk SYD1 (Huntingwood),NSW,operational,REPORTED,market_research,B,O,operational_from,Operational from,S4,S5,research,Blacktown,,,RG-013 RG-024 RG-071 RG-091,,
SITE_AIRTRUNK_SYD1,AirTrunk SYD1 (Huntingwood),NSW,operational,REPORTED,market_research,B,O,target_completion,Target completion,S4,S5,research,Blacktown,,,RG-013 RG-024 RG-071 RG-091,not_applicable,
SITE_AIRTRUNK_SYD2,AirTrunk SYD2 (Lane Cove),NSW,operational,REPORTED,market_research,B,O,proponent,Proponent,S4,S7,research,,,,RG-013 RG-024 RG-071 RG-091,,
SITE_AIRTRUNK_SYD2,AirTrunk SYD2 (Lane Cove),NSW,operational,REPORTED,market_research,B,O,address,Address,S4,,research,,,,RG-013 RG-024 RG-071 RG-091,,
SITE_AIRTRUNK_SYD2,AirTrunk SYD2 (Lane Cove),NSW,operational,REPORTED,market_research,B,O,lat,Coordinates,S4,,research,,,,RG-013 RG-024 RG-071 RG-091,,
SITE_AIRTRUNK_SYD2,AirTrunk SYD2 (Lane Cove),NSW,operational,REPORTED,market_research,B,O,total_capacity_mw,Total capacity,S4,,research,,,,RG-013 RG-024 RG-071 RG-091,,
SITE_AIRTRUNK_SYD2,AirTrunk SYD2 (Lane Cove),NSW,operational,REPORTED,market_research,B,O,it_capacity_mw,IT capacity,S4,,research,,,,RG-013 RG-024 RG-071 RG-091,,
SITE_AIRTRUNK_SYD2,AirTrunk SYD2 (Lane Cove),NSW,operational,REPORTED,market_research,B,O,max_capacity_mw,Maximum capacity,S4,,research,,,,RG-013 RG-024 RG-071 RG-091,,
SITE_AIRTRUNK_SYD2,AirTrunk SYD2 (Lane Cove),NSW,operational,REPORTED,market_research,B,O,first_phase_mw,First phase capacity,S4,,research,,,,RG-013 RG-024 RG-071 RG-091,,
SITE_AIRTRUNK_SYD2,AirTrunk SYD2 (Lane Cove),NSW,operational,REPORTED,market_research,B,O,live_capacity_mw,Live capacity,S7,,research,,,,RG-017 RG-021 RG-035 RG-036 RG-052 RG-059 RG-064 RG-081,,never filled from it_capacity_mw
SITE_AIRTRUNK_SYD2,AirTrunk SYD2 (Lane Cove),NSW,operational,REPORTED,market_research,B,O,cooling_type,Cooling type,S4,S7,research,,,,RG-013 RG-024 RG-071 RG-091,,
SITE_AIRTRUNK_SYD2,AirTrunk SYD2 (Lane Cove),NSW,operational,REPORTED,market_research,B,O,rack_density_kw,Rack density,S4,S7,research,,,,RG-013 RG-024 RG-071 RG-091,,
SITE_AIRTRUNK_SYD2,AirTrunk SYD2 (Lane Cove),NSW,operational,REPORTED,market_research,B,O,grid_connection,Grid connection,S7,S4,research,,,,RG-017 RG-021 RG-035 RG-036 RG-052 RG-059 RG-064 RG-081,,
SITE_AIRTRUNK_SYD2,AirTrunk SYD2 (Lane Cove),NSW,operational,REPORTED,market_research,B,O,water_usage,Water usage,S7,S4,research,,,,RG-017 RG-021 RG-035 RG-036 RG-052 RG-059 RG-064 RG-081,,
SITE_AIRTRUNK_SYD2,AirTrunk SYD2 (Lane Cove),NSW,operational,REPORTED,market_research,B,O,campus_area_ha,Campus area,S4,,research,,,,RG-013 RG-024 RG-071 RG-091,,
SITE_AIRTRUNK_SYD2,AirTrunk SYD2 (Lane Cove),NSW,operational,REPORTED,market_research,B,O,gfa_sqm,Gross floor area,S4,,research,,,,RG-013 RG-024 RG-071 RG-091,,
SITE_AIRTRUNK_SYD2,AirTrunk SYD2 (Lane Cove),NSW,operational,REPORTED,market_research,B,O,capital_cost_aud,Capital cost,S4,,research,,,,RG-013 RG-024 RG-071 RG-091,,
SITE_AIRTRUNK_SYD2,AirTrunk SYD2 (Lane Cove),NSW,operational,REPORTED,market_research,B,O,construction_jobs,Construction jobs,S4,,research,,,,RG-013 RG-024 RG-071 RG-091,,
SITE_AIRTRUNK_SYD2,AirTrunk SYD2 (Lane Cove),NSW,operational,REPORTED,market_research,B,O,operational_jobs,Operational jobs,S4,,research,,,,RG-013 RG-024 RG-071 RG-091,,
SITE_AIRTRUNK_SYD2,AirTrunk SYD2 (Lane Cove),NSW,operational,REPORTED,market_research,B,O,operational_from,Operational from,S4,,research,,,,RG-013 RG-024 RG-071 RG-091,,
SITE_AIRTRUNK_SYD2,AirTrunk SYD2 (Lane Cove),NSW,operational,REPORTED,market_research,B,O,target_completion,Target completion,S4,,research,,,,RG-013 RG-024 RG-071 RG-091,not_applicable,
SITE_AIRTRUNK_SYD3,AirTrunk SYD3 (Sydney West),NSW,operational,GAP,market_research,B,O,proponent,Proponent,S4,S5,research,Blacktown,,,RG-013 RG-024 RG-071 RG-091,,
SITE_AIRTRUNK_SYD3,AirTrunk SYD3 (Sydney West),NSW,operational,GAP,market_research,B,O,address,Address,S4,S5,research,Blacktown,,,RG-013 RG-024 RG-071 RG-091,,
SITE_AIRTRUNK_SYD3,AirTrunk SYD3 (Sydney West),NSW,operational,GAP,market_research,B,O,lat,Coordinates,S4,S5,research,Blacktown,,,RG-013 RG-024 RG-071 RG-091,,
SITE_AIRTRUNK_SYD3,AirTrunk SYD3 (Sydney West),NSW,operational,GAP,market_research,B,O,total_capacity_mw,Total capacity,S4,S5,research,Blacktown,,,RG-013 RG-024 RG-071 RG-091,,
SITE_AIRTRUNK_SYD3,AirTrunk SYD3 (Sydney West),NSW,operational,GAP,market_research,B,O,it_capacity_mw,IT capacity,S4,S5,research,Blacktown,,,RG-013 RG-024 RG-071 RG-091,,
SITE_AIRTRUNK_SYD3,AirTrunk SYD3 (Sydney West),NSW,operational,GAP,market_research,B,O,max_capacity_mw,Maximum capacity,S4,S5,research,Blacktown,,,RG-013 RG-024 RG-071 RG-091,,
SITE_AIRTRUNK_SYD3,AirTrunk SYD3 (Sydney West),NSW,operational,GAP,market_research,B,O,first_phase_mw,First phase capacity,S4,S5,research,Blacktown,,,RG-013 RG-024 RG-071 RG-091,,
SITE_AIRTRUNK_SYD3,AirTrunk SYD3 (Sydney West),NSW,operational,GAP,market_research,B,O,live_capacity_mw,Live capacity,S7,,research,Blacktown,,,RG-017 RG-021 RG-035 RG-036 RG-052 RG-059 RG-064 RG-081,,never filled from it_capacity_mw
SITE_AIRTRUNK_SYD3,AirTrunk SYD3 (Sydney West),NSW,operational,GAP,market_research,B,O,cooling_type,Cooling type,S4,S7,research,Blacktown,,,RG-013 RG-024 RG-071 RG-091,,
SITE_AIRTRUNK_SYD3,AirTrunk SYD3 (Sydney West),NSW,operational,GAP,market_research,B,O,rack_density_kw,Rack density,S4,S7,research,Blacktown,,,RG-013 RG-024 RG-071 RG-091,,
SITE_AIRTRUNK_SYD3,AirTrunk SYD3 (Sydney West),NSW,operational,GAP,market_research,B,O,grid_connection,Grid connection,S7,S4,research,Blacktown,,,RG-017 RG-021 RG-035 RG-036 RG-052 RG-059 RG-064 RG-081,,
SITE_AIRTRUNK_SYD3,AirTrunk SYD3 (Sydney West),NSW,operational,GAP,market_research,B,O,water_usage,Water usage,S7,S4,research,Blacktown,,,RG-017 RG-021 RG-035 RG-036 RG-052 RG-059 RG-064 RG-081,,
SITE_AIRTRUNK_SYD3,AirTrunk SYD3 (Sydney West),NSW,operational,GAP,market_research,B,O,hcf_certified,HCF certification,S3,,research,Blacktown,,,,,stored as the string 'unknown'; not on the HCF register (RG-096)
SITE_AIRTRUNK_SYD3,AirTrunk SYD3 (Sydney West),NSW,operational,GAP,market_research,B,O,campus_area_ha,Campus area,S5,S4,research,Blacktown,,,RG-034,,
SITE_AIRTRUNK_SYD3,AirTrunk SYD3 (Sydney West),NSW,operational,GAP,market_research,B,O,gfa_sqm,Gross floor area,S5,S4,research,Blacktown,,,RG-034,,
SITE_AIRTRUNK_SYD3,AirTrunk SYD3 (Sydney West),NSW,operational,GAP,market_research,B,O,capital_cost_aud,Capital cost,S5,S4,research,Blacktown,,,RG-034,,
SITE_AIRTRUNK_SYD3,AirTrunk SYD3 (Sydney West),NSW,operational,GAP,market_research,B,O,construction_jobs,Construction jobs,S5,S4,research,Blacktown,,,RG-034,,
SITE_AIRTRUNK_SYD3,AirTrunk SYD3 (Sydney West),NSW,operational,GAP,market_research,B,O,operational_jobs,Operational jobs,S5,S4,research,Blacktown,,,RG-034,,
SITE_AIRTRUNK_SYD3,AirTrunk SYD3 (Sydney West),NSW,operational,GAP,market_research,B,O,operational_from,Operational from,S4,S5,research,Blacktown,,,RG-013 RG-024 RG-071 RG-091,,
SITE_AIRTRUNK_SYD3,AirTrunk SYD3 (Sydney West),NSW,operational,GAP,market_research,B,O,target_completion,Target completion,S4,S5,research,Blacktown,,,RG-013 RG-024 RG-071 RG-091,not_applicable,
SITE_ALDINGTON,Aldington Road Data Centre,NSW,pre_lodgement,VERIFIED,primary_planning_portal,A,P,operator,Operator,S2,S7,research,Penrith,portal record,,RG-034 RG-037 RG-053 RG-073,,
SITE_ALDINGTON,Aldington Road Data Centre,NSW,pre_lodgement,VERIFIED,primary_planning_portal,A,P,proponent,Proponent,S2,S7,research,Penrith,portal record,,RG-034 RG-037 RG-053 RG-073,,
SITE_ALDINGTON,Aldington Road Data Centre,NSW,pre_lodgement,VERIFIED,primary_planning_portal,A,P,total_capacity_mw,Total capacity,S2,,research,Penrith,portal record,,RG-034 RG-037 RG-053 RG-073,,
SITE_ALDINGTON,Aldington Road Data Centre,NSW,pre_lodgement,VERIFIED,primary_planning_portal,A,P,it_capacity_mw,IT capacity,S2,,research,Penrith,portal record,,RG-034 RG-037 RG-053 RG-073,,
SITE_ALDINGTON,Aldington Road Data Centre,NSW,pre_lodgement,VERIFIED,primary_planning_portal,A,P,max_capacity_mw,Maximum capacity,S2,,research,Penrith,portal record,,RG-034 RG-037 RG-053 RG-073,,
SITE_ALDINGTON,Aldington Road Data Centre,NSW,pre_lodgement,VERIFIED,primary_planning_portal,A,P,first_phase_mw,First phase capacity,S2,,research,Penrith,portal record,,RG-034 RG-037 RG-053 RG-073,,
SITE_ALDINGTON,Aldington Road Data Centre,NSW,pre_lodgement,VERIFIED,primary_planning_portal,A,P,live_capacity_mw,Live capacity,S7,,research,Penrith,portal record,,RG-017 RG-021 RG-035 RG-036 RG-052 RG-059 RG-064 RG-081,not_applicable,never filled from it_capacity_mw
SITE_ALDINGTON,Aldington Road Data Centre,NSW,pre_lodgement,VERIFIED,primary_planning_portal,A,P,cooling_type,Cooling type,S2,S7,research,Penrith,portal record,,RG-034 RG-037 RG-053 RG-073,,
SITE_ALDINGTON,Aldington Road Data Centre,NSW,pre_lodgement,VERIFIED,primary_planning_portal,A,P,rack_density_kw,Rack density,S2,S7,research,Penrith,portal record,,RG-034 RG-037 RG-053 RG-073,,
SITE_ALDINGTON,Aldington Road Data Centre,NSW,pre_lodgement,VERIFIED,primary_planning_portal,A,P,grid_connection,Grid connection,S2,S7,research,Penrith,portal record,,RG-034 RG-037 RG-053 RG-073,,
SITE_ALDINGTON,Aldington Road Data Centre,NSW,pre_lodgement,VERIFIED,primary_planning_portal,A,P,water_usage,Water usage,S2,S7,research,Penrith,portal record,,RG-034 RG-037 RG-053 RG-073,,
SITE_ALDINGTON,Aldington Road Data Centre,NSW,pre_lodgement,VERIFIED,primary_planning_portal,A,P,hcf_certified,HCF certification,S3,,research,Penrith,portal record,,,not_applicable,not on the HCF register (RG-096)
SITE_ALDINGTON,Aldington Road Data Centre,NSW,pre_lodgement,VERIFIED,primary_planning_portal,A,P,campus_area_ha,Campus area,S2,,research,Penrith,portal record,,RG-034 RG-037 RG-053 RG-073,,
SITE_ALDINGTON,Aldington Road Data Centre,NSW,pre_lodgement,VERIFIED,primary_planning_portal,A,P,gfa_sqm,Gross floor area,S2,,research,Penrith,portal record,,RG-034 RG-037 RG-053 RG-073,,
SITE_ALDINGTON,Aldington Road Data Centre,NSW,pre_lodgement,VERIFIED,primary_planning_portal,A,P,capital_cost_aud,Capital cost,S2,,research,Penrith,portal record,,RG-034 RG-037 RG-053 RG-073,,
SITE_ALDINGTON,Aldington Road Data Centre,NSW,pre_lodgement,VERIFIED,primary_planning_portal,A,P,construction_jobs,Construction jobs,S2,,research,Penrith,portal record,,RG-034 RG-037 RG-053 RG-073,,
SITE_ALDINGTON,Aldington Road Data Centre,NSW,pre_lodgement,VERIFIED,primary_planning_portal,A,P,operational_jobs,Operational jobs,S2,,research,Penrith,portal record,,RG-034 RG-037 RG-053 RG-073,,
SITE_ALDINGTON,Aldington Road Data Centre,NSW,pre_lodgement,VERIFIED,primary_planning_portal,A,P,operational_from,Operational from,S2,S4,research,Penrith,portal record,,RG-034 RG-037 RG-053 RG-073,,
SITE_ALDINGTON,Aldington Road Data Centre,NSW,pre_lodgement,VERIFIED,primary_planning_portal,A,P,target_completion,Target completion,S2,S4,research,Penrith,portal record,,RG-034 RG-037 RG-053 RG-073,,
SITE_APOLLO_PLACE,Apollo Place Data Centre,NSW,approved,VERIFIED,primary_planning_portal,A,P,operator,Operator,S2,S7,research,,portal record; consent text,RG-064,RG-034 RG-037 RG-053 RG-073,,
SITE_APOLLO_PLACE,Apollo Place Data Centre,NSW,approved,VERIFIED,primary_planning_portal,A,P,it_capacity_mw,IT capacity,S2,,research,,portal record; consent text,RG-064,RG-034 RG-037 RG-053 RG-073,,
SITE_APOLLO_PLACE,Apollo Place Data Centre,NSW,approved,VERIFIED,primary_planning_portal,A,P,max_capacity_mw,Maximum capacity,S2,,research,,portal record; consent text,RG-064,RG-034 RG-037 RG-053 RG-073,,
SITE_APOLLO_PLACE,Apollo Place Data Centre,NSW,approved,VERIFIED,primary_planning_portal,A,P,first_phase_mw,First phase capacity,S2,,research,,portal record; consent text,RG-064,RG-034 RG-037 RG-053 RG-073,,
SITE_APOLLO_PLACE,Apollo Place Data Centre,NSW,approved,VERIFIED,primary_planning_portal,A,P,live_capacity_mw,Live capacity,S7,,research,,portal record; consent text,RG-064,RG-017 RG-021 RG-035 RG-036 RG-052 RG-059 RG-064 RG-081,not_applicable,never filled from it_capacity_mw
SITE_APOLLO_PLACE,Apollo Place Data Centre,NSW,approved,VERIFIED,primary_planning_portal,A,P,cooling_type,Cooling type,S2,S7,research,,portal record; consent text,RG-064,RG-034 RG-037 RG-053 RG-073,,
SITE_APOLLO_PLACE,Apollo Place Data Centre,NSW,approved,VERIFIED,primary_planning_portal,A,P,rack_density_kw,Rack density,S2,S7,research,,portal record; consent text,RG-064,RG-034 RG-037 RG-053 RG-073,,
SITE_APOLLO_PLACE,Apollo Place Data Centre,NSW,approved,VERIFIED,primary_planning_portal,A,P,grid_connection,Grid connection,LOADER,,in pipeline,,portal record; consent text,RG-064,,,power_profile.connection_type holds a value; the loader does not map it
SITE_APOLLO_PLACE,Apollo Place Data Centre,NSW,approved,VERIFIED,primary_planning_portal,A,P,water_usage,Water usage,S2,S7,research,,portal record; consent text,RG-064,RG-034 RG-037 RG-053 RG-073,,
SITE_APOLLO_PLACE,Apollo Place Data Centre,NSW,approved,VERIFIED,primary_planning_portal,A,P,hcf_certified,HCF certification,S3,,research,,portal record; consent text,RG-064,,not_applicable,not on the HCF register (RG-096)
SITE_APOLLO_PLACE,Apollo Place Data Centre,NSW,approved,VERIFIED,primary_planning_portal,A,P,campus_area_ha,Campus area,S2,,research,,portal record; consent text,RG-064,RG-034 RG-037 RG-053 RG-073,,
SITE_APOLLO_PLACE,Apollo Place Data Centre,NSW,approved,VERIFIED,primary_planning_portal,A,P,gfa_sqm,Gross floor area,S2,,research,,portal record; consent text,RG-064,RG-034 RG-037 RG-053 RG-073,,
SITE_APOLLO_PLACE,Apollo Place Data Centre,NSW,approved,VERIFIED,primary_planning_portal,A,P,capital_cost_aud,Capital cost,S2,,research,,portal record; consent text,RG-064,RG-034 RG-037 RG-053 RG-073,,
SITE_APOLLO_PLACE,Apollo Place Data Centre,NSW,approved,VERIFIED,primary_planning_portal,A,P,construction_jobs,Construction jobs,S2,,research,,portal record; consent text,RG-064,RG-034 RG-037 RG-053 RG-073,,
SITE_APOLLO_PLACE,Apollo Place Data Centre,NSW,approved,VERIFIED,primary_planning_portal,A,P,operational_jobs,Operational jobs,S2,,research,,portal record; consent text,RG-064,RG-034 RG-037 RG-053 RG-073,,
SITE_APOLLO_PLACE,Apollo Place Data Centre,NSW,approved,VERIFIED,primary_planning_portal,A,P,operational_from,Operational from,S2,S4,research,,portal record; consent text,RG-064,RG-034 RG-037 RG-053 RG-073,,
SITE_APOLLO_PLACE,Apollo Place Data Centre,NSW,approved,VERIFIED,primary_planning_portal,A,P,target_completion,Target completion,S2,S4,research,,portal record; consent text,RG-064,RG-034 RG-037 RG-053 RG-073,,
SITE_AUGUSTA_ST,Augusta Street Data Centre,NSW,withdrawn,VERIFIED,primary_planning_portal,A,P,operator,Operator,S2,S7,research,Blacktown,portal record,,RG-034 RG-037 RG-053 RG-073,,
SITE_AUGUSTA_ST,Augusta Street Data Centre,NSW,withdrawn,VERIFIED,primary_planning_portal,A,P,proponent,Proponent,S2,S7,research,Blacktown,portal record,,RG-034 RG-037 RG-053 RG-073,,
SITE_AUGUSTA_ST,Augusta Street Data Centre,NSW,withdrawn,VERIFIED,primary_planning_portal,A,P,suburb,Suburb,S1,S2,archived,Blacktown,portal record,,,,
SITE_AUGUSTA_ST,Augusta Street Data Centre,NSW,withdrawn,VERIFIED,primary_planning_portal,A,P,total_capacity_mw,Total capacity,S2,,research,Blacktown,portal record,,RG-034 RG-037 RG-053 RG-073,,
SITE_AUGUSTA_ST,Augusta Street Data Centre,NSW,withdrawn,VERIFIED,primary_planning_portal,A,P,it_capacity_mw,IT capacity,S2,,research,Blacktown,portal record,,RG-034 RG-037 RG-053 RG-073,,
SITE_AUGUSTA_ST,Augusta Street Data Centre,NSW,withdrawn,VERIFIED,primary_planning_portal,A,P,max_capacity_mw,Maximum capacity,S2,,research,Blacktown,portal record,,RG-034 RG-037 RG-053 RG-073,,
SITE_AUGUSTA_ST,Augusta Street Data Centre,NSW,withdrawn,VERIFIED,primary_planning_portal,A,P,first_phase_mw,First phase capacity,S2,,research,Blacktown,portal record,,RG-034 RG-037 RG-053 RG-073,,
SITE_AUGUSTA_ST,Augusta Street Data Centre,NSW,withdrawn,VERIFIED,primary_planning_portal,A,P,live_capacity_mw,Live capacity,S7,,research,Blacktown,portal record,,RG-017 RG-021 RG-035 RG-036 RG-052 RG-059 RG-064 RG-081,not_applicable,never filled from it_capacity_mw
SITE_AUGUSTA_ST,Augusta Street Data Centre,NSW,withdrawn,VERIFIED,primary_planning_portal,A,P,cooling_type,Cooling type,S2,S7,research,Blacktown,portal record,,RG-034 RG-037 RG-053 RG-073,,
SITE_AUGUSTA_ST,Augusta Street Data Centre,NSW,withdrawn,VERIFIED,primary_planning_portal,A,P,rack_density_kw,Rack density,S2,S7,research,Blacktown,portal record,,RG-034 RG-037 RG-053 RG-073,,
SITE_AUGUSTA_ST,Augusta Street Data Centre,NSW,withdrawn,VERIFIED,primary_planning_portal,A,P,grid_connection,Grid connection,S2,S7,research,Blacktown,portal record,,RG-034 RG-037 RG-053 RG-073,,
SITE_AUGUSTA_ST,Augusta Street Data Centre,NSW,withdrawn,VERIFIED,primary_planning_portal,A,P,water_usage,Water usage,S2,S7,research,Blacktown,portal record,,RG-034 RG-037 RG-053 RG-073,,
SITE_AUGUSTA_ST,Augusta Street Data Centre,NSW,withdrawn,VERIFIED,primary_planning_portal,A,P,hcf_certified,HCF certification,S3,,research,Blacktown,portal record,,,not_applicable,not on the HCF register (RG-096)
SITE_AUGUSTA_ST,Augusta Street Data Centre,NSW,withdrawn,VERIFIED,primary_planning_portal,A,P,campus_area_ha,Campus area,S2,,research,Blacktown,portal record,,RG-034 RG-037 RG-053 RG-073,,
SITE_AUGUSTA_ST,Augusta Street Data Centre,NSW,withdrawn,VERIFIED,primary_planning_portal,A,P,gfa_sqm,Gross floor area,S2,,research,Blacktown,portal record,,RG-034 RG-037 RG-053 RG-073,,
SITE_AUGUSTA_ST,Augusta Street Data Centre,NSW,withdrawn,VERIFIED,primary_planning_portal,A,P,capital_cost_aud,Capital cost,S2,,research,Blacktown,portal record,,RG-034 RG-037 RG-053 RG-073,,
SITE_AUGUSTA_ST,Augusta Street Data Centre,NSW,withdrawn,VERIFIED,primary_planning_portal,A,P,construction_jobs,Construction jobs,S2,,research,Blacktown,portal record,,RG-034 RG-037 RG-053 RG-073,,
SITE_AUGUSTA_ST,Augusta Street Data Centre,NSW,withdrawn,VERIFIED,primary_planning_portal,A,P,operational_jobs,Operational jobs,S2,,research,Blacktown,portal record,,RG-034 RG-037 RG-053 RG-073,,
SITE_AUGUSTA_ST,Augusta Street Data Centre,NSW,withdrawn,VERIFIED,primary_planning_portal,A,P,operational_from,Operational from,S2,S4,research,Blacktown,portal record,,RG-034 RG-037 RG-053 RG-073,not_applicable,
SITE_AUGUSTA_ST,Augusta Street Data Centre,NSW,withdrawn,VERIFIED,primary_planning_portal,A,P,target_completion,Target completion,S2,S4,research,Blacktown,portal record,,RG-034 RG-037 RG-053 RG-073,not_applicable,
SITE_BROOKHOLLOW,"Brookhollow Avenue Data Centre Expansion, Norwest",NSW,lodged,VERIFIED,primary_planning_portal,A,P,operator,Operator,S2,S7,research,,portal record,,RG-034 RG-037 RG-053 RG-073,,
SITE_BROOKHOLLOW,"Brookhollow Avenue Data Centre Expansion, Norwest",NSW,lodged,VERIFIED,primary_planning_portal,A,P,proponent,Proponent,S2,S7,research,,portal record,,RG-034 RG-037 RG-053 RG-073,,
SITE_BROOKHOLLOW,"Brookhollow Avenue Data Centre Expansion, Norwest",NSW,lodged,VERIFIED,primary_planning_portal,A,P,total_capacity_mw,Total capacity,S2,,research,,portal record,,RG-034 RG-037 RG-053 RG-073,,
SITE_BROOKHOLLOW,"Brookhollow Avenue Data Centre Expansion, Norwest",NSW,lodged,VERIFIED,primary_planning_portal,A,P,it_capacity_mw,IT capacity,S2,,research,,portal record,,RG-034 RG-037 RG-053 RG-073,,
SITE_BROOKHOLLOW,"Brookhollow Avenue Data Centre Expansion, Norwest",NSW,lodged,VERIFIED,primary_planning_portal,A,P,max_capacity_mw,Maximum capacity,S2,,research,,portal record,,RG-034 RG-037 RG-053 RG-073,,
SITE_BROOKHOLLOW,"Brookhollow Avenue Data Centre Expansion, Norwest",NSW,lodged,VERIFIED,primary_planning_portal,A,P,first_phase_mw,First phase capacity,S2,,research,,portal record,,RG-034 RG-037 RG-053 RG-073,,
SITE_BROOKHOLLOW,"Brookhollow Avenue Data Centre Expansion, Norwest",NSW,lodged,VERIFIED,primary_planning_portal,A,P,live_capacity_mw,Live capacity,S7,,research,,portal record,,RG-017 RG-021 RG-035 RG-036 RG-052 RG-059 RG-064 RG-081,not_applicable,never filled from it_capacity_mw
SITE_BROOKHOLLOW,"Brookhollow Avenue Data Centre Expansion, Norwest",NSW,lodged,VERIFIED,primary_planning_portal,A,P,cooling_type,Cooling type,S2,S7,research,,portal record,,RG-034 RG-037 RG-053 RG-073,,
SITE_BROOKHOLLOW,"Brookhollow Avenue Data Centre Expansion, Norwest",NSW,lodged,VERIFIED,primary_planning_portal,A,P,rack_density_kw,Rack density,S2,S7,research,,portal record,,RG-034 RG-037 RG-053 RG-073,,
SITE_BROOKHOLLOW,"Brookhollow Avenue Data Centre Expansion, Norwest",NSW,lodged,VERIFIED,primary_planning_portal,A,P,grid_connection,Grid connection,S2,S7,research,,portal record,,RG-034 RG-037 RG-053 RG-073,,
SITE_BROOKHOLLOW,"Brookhollow Avenue Data Centre Expansion, Norwest",NSW,lodged,VERIFIED,primary_planning_portal,A,P,water_usage,Water usage,S2,S7,research,,portal record,,RG-034 RG-037 RG-053 RG-073,,
SITE_BROOKHOLLOW,"Brookhollow Avenue Data Centre Expansion, Norwest",NSW,lodged,VERIFIED,primary_planning_portal,A,P,hcf_certified,HCF certification,S3,,research,,portal record,,,not_applicable,not on the HCF register (RG-096)
SITE_BROOKHOLLOW,"Brookhollow Avenue Data Centre Expansion, Norwest",NSW,lodged,VERIFIED,primary_planning_portal,A,P,campus_area_ha,Campus area,S2,,research,,portal record,,RG-034 RG-037 RG-053 RG-073,,
SITE_BROOKHOLLOW,"Brookhollow Avenue Data Centre Expansion, Norwest",NSW,lodged,VERIFIED,primary_planning_portal,A,P,gfa_sqm,Gross floor area,S2,,research,,portal record,,RG-034 RG-037 RG-053 RG-073,,
SITE_BROOKHOLLOW,"Brookhollow Avenue Data Centre Expansion, Norwest",NSW,lodged,VERIFIED,primary_planning_portal,A,P,capital_cost_aud,Capital cost,S2,,research,,portal record,,RG-034 RG-037 RG-053 RG-073,,
SITE_BROOKHOLLOW,"Brookhollow Avenue Data Centre Expansion, Norwest",NSW,lodged,VERIFIED,primary_planning_portal,A,P,construction_jobs,Construction jobs,S2,,research,,portal record,,RG-034 RG-037 RG-053 RG-073,,
SITE_BROOKHOLLOW,"Brookhollow Avenue Data Centre Expansion, Norwest",NSW,lodged,VERIFIED,primary_planning_portal,A,P,operational_jobs,Operational jobs,S2,,research,,portal record,,RG-034 RG-037 RG-053 RG-073,,
SITE_BROOKHOLLOW,"Brookhollow Avenue Data Centre Expansion, Norwest",NSW,lodged,VERIFIED,primary_planning_portal,A,P,operational_from,Operational from,S2,S4,research,,portal record,,RG-034 RG-037 RG-053 RG-073,,
SITE_BROOKHOLLOW,"Brookhollow Avenue Data Centre Expansion, Norwest",NSW,lodged,VERIFIED,primary_planning_portal,A,P,target_completion,Target completion,S2,S4,research,,portal record,,RG-034 RG-037 RG-053 RG-073,,
SITE_CDC_BROOKLYN,CDC Brooklyn (Melbourne),VIC,operational,REPORTED,market_research,B,O,proponent,Proponent,S4,S6,research,,,,RG-013 RG-024 RG-071 RG-091,,
SITE_CDC_BROOKLYN,CDC Brooklyn (Melbourne),VIC,operational,REPORTED,market_research,B,O,lga,Council,S4,S6,research,,,,RG-013 RG-024 RG-071 RG-091,,
SITE_CDC_BROOKLYN,CDC Brooklyn (Melbourne),VIC,operational,REPORTED,market_research,B,O,address,Address,S4,S6,research,,,,RG-013 RG-024 RG-071 RG-091,,
SITE_CDC_BROOKLYN,CDC Brooklyn (Melbourne),VIC,operational,REPORTED,market_research,B,O,lat,Coordinates,S4,S6,research,,,,RG-013 RG-024 RG-071 RG-091,,
SITE_CDC_BROOKLYN,CDC Brooklyn (Melbourne),VIC,operational,REPORTED,market_research,B,O,total_capacity_mw,Total capacity,S4,S6,research,,,,RG-013 RG-024 RG-071 RG-091,,
SITE_CDC_BROOKLYN,CDC Brooklyn (Melbourne),VIC,operational,REPORTED,market_research,B,O,it_capacity_mw,IT capacity,S4,S6,research,,,,RG-013 RG-024 RG-071 RG-091,,
SITE_CDC_BROOKLYN,CDC Brooklyn (Melbourne),VIC,operational,REPORTED,market_research,B,O,max_capacity_mw,Maximum capacity,S4,S6,research,,,,RG-013 RG-024 RG-071 RG-091,,
SITE_CDC_BROOKLYN,CDC Brooklyn (Melbourne),VIC,operational,REPORTED,market_research,B,O,first_phase_mw,First phase capacity,S4,S6,research,,,,RG-013 RG-024 RG-071 RG-091,,
SITE_CDC_BROOKLYN,CDC Brooklyn (Melbourne),VIC,operational,REPORTED,market_research,B,O,live_capacity_mw,Live capacity,S7,,research,,,,RG-017 RG-021 RG-035 RG-036 RG-052 RG-059 RG-064 RG-081,,never filled from it_capacity_mw
SITE_CDC_BROOKLYN,CDC Brooklyn (Melbourne),VIC,operational,REPORTED,market_research,B,O,cooling_type,Cooling type,S4,S7,research,,,,RG-013 RG-024 RG-071 RG-091,,
SITE_CDC_BROOKLYN,CDC Brooklyn (Melbourne),VIC,operational,REPORTED,market_research,B,O,rack_density_kw,Rack density,S4,S7,research,,,,RG-013 RG-024 RG-071 RG-091,,
SITE_CDC_BROOKLYN,CDC Brooklyn (Melbourne),VIC,operational,REPORTED,market_research,B,O,grid_connection,Grid connection,S7,S4,research,,,,RG-017 RG-021 RG-035 RG-036 RG-052 RG-059 RG-064 RG-081,,
SITE_CDC_BROOKLYN,CDC Brooklyn (Melbourne),VIC,operational,REPORTED,market_research,B,O,water_usage,Water usage,S7,S4,research,,,,RG-017 RG-021 RG-035 RG-036 RG-052 RG-059 RG-064 RG-081,,
SITE_CDC_BROOKLYN,CDC Brooklyn (Melbourne),VIC,operational,REPORTED,market_research,B,O,campus_area_ha,Campus area,S6,S4,research,,,,RG-003 RG-010 RG-011 RG-027 RG-048 RG-051 RG-056,,
SITE_CDC_BROOKLYN,CDC Brooklyn (Melbourne),VIC,operational,REPORTED,market_research,B,O,gfa_sqm,Gross floor area,S6,S4,research,,,,RG-003 RG-010 RG-011 RG-027 RG-048 RG-051 RG-056,,
SITE_CDC_BROOKLYN,CDC Brooklyn (Melbourne),VIC,operational,REPORTED,market_research,B,O,capital_cost_aud,Capital cost,S6,S4,research,,,,RG-003 RG-010 RG-011 RG-027 RG-048 RG-051 RG-056,,
SITE_CDC_BROOKLYN,CDC Brooklyn (Melbourne),VIC,operational,REPORTED,market_research,B,O,construction_jobs,Construction jobs,S6,S4,research,,,,RG-003 RG-010 RG-011 RG-027 RG-048 RG-051 RG-056,,
SITE_CDC_BROOKLYN,CDC Brooklyn (Melbourne),VIC,operational,REPORTED,market_research,B,O,operational_jobs,Operational jobs,S6,S4,research,,,,RG-003 RG-010 RG-011 RG-027 RG-048 RG-051 RG-056,,
SITE_CDC_BROOKLYN,CDC Brooklyn (Melbourne),VIC,operational,REPORTED,market_research,B,O,operational_from,Operational from,S4,S6,research,,,,RG-013 RG-024 RG-071 RG-091,,
SITE_CDC_BROOKLYN,CDC Brooklyn (Melbourne),VIC,operational,REPORTED,market_research,B,O,target_completion,Target completion,S4,S6,research,,,,RG-013 RG-024 RG-071 RG-091,not_applicable,
SITE_CDC_CANBERRA,"CDC Canberra (Fyshwick F1-F2, Hume H1-H5)",ACT,operational,REPORTED,market_research,B,O,proponent,Proponent,S4,S6,research,,,,RG-013 RG-024 RG-071 RG-091,,
SITE_CDC_CANBERRA,"CDC Canberra (Fyshwick F1-F2, Hume H1-H5)",ACT,operational,REPORTED,market_research,B,O,lga,Council,S4,S6,research,,,,RG-013 RG-024 RG-071 RG-091,,
SITE_CDC_CANBERRA,"CDC Canberra (Fyshwick F1-F2, Hume H1-H5)",ACT,operational,REPORTED,market_research,B,O,address,Address,S4,S6,research,,,,RG-013 RG-024 RG-071 RG-091,,
SITE_CDC_CANBERRA,"CDC Canberra (Fyshwick F1-F2, Hume H1-H5)",ACT,operational,REPORTED,market_research,B,O,lat,Coordinates,S4,S6,research,,,,RG-013 RG-024 RG-071 RG-091,,
SITE_CDC_CANBERRA,"CDC Canberra (Fyshwick F1-F2, Hume H1-H5)",ACT,operational,REPORTED,market_research,B,O,total_capacity_mw,Total capacity,S4,S6,research,,,,RG-013 RG-024 RG-071 RG-091,,
SITE_CDC_CANBERRA,"CDC Canberra (Fyshwick F1-F2, Hume H1-H5)",ACT,operational,REPORTED,market_research,B,O,it_capacity_mw,IT capacity,S4,S6,research,,,,RG-013 RG-024 RG-071 RG-091,,
SITE_CDC_CANBERRA,"CDC Canberra (Fyshwick F1-F2, Hume H1-H5)",ACT,operational,REPORTED,market_research,B,O,max_capacity_mw,Maximum capacity,S4,S6,research,,,,RG-013 RG-024 RG-071 RG-091,,
SITE_CDC_CANBERRA,"CDC Canberra (Fyshwick F1-F2, Hume H1-H5)",ACT,operational,REPORTED,market_research,B,O,first_phase_mw,First phase capacity,S4,S6,research,,,,RG-013 RG-024 RG-071 RG-091,,
SITE_CDC_CANBERRA,"CDC Canberra (Fyshwick F1-F2, Hume H1-H5)",ACT,operational,REPORTED,market_research,B,O,live_capacity_mw,Live capacity,S7,,research,,,,RG-017 RG-021 RG-035 RG-036 RG-052 RG-059 RG-064 RG-081,,never filled from it_capacity_mw
SITE_CDC_CANBERRA,"CDC Canberra (Fyshwick F1-F2, Hume H1-H5)",ACT,operational,REPORTED,market_research,B,O,cooling_type,Cooling type,S4,S7,research,,,,RG-013 RG-024 RG-071 RG-091,,
SITE_CDC_CANBERRA,"CDC Canberra (Fyshwick F1-F2, Hume H1-H5)",ACT,operational,REPORTED,market_research,B,O,rack_density_kw,Rack density,S4,S7,research,,,,RG-013 RG-024 RG-071 RG-091,,
SITE_CDC_CANBERRA,"CDC Canberra (Fyshwick F1-F2, Hume H1-H5)",ACT,operational,REPORTED,market_research,B,O,grid_connection,Grid connection,S7,S4,research,,,,RG-017 RG-021 RG-035 RG-036 RG-052 RG-059 RG-064 RG-081,,
SITE_CDC_CANBERRA,"CDC Canberra (Fyshwick F1-F2, Hume H1-H5)",ACT,operational,REPORTED,market_research,B,O,water_usage,Water usage,S7,S4,research,,,,RG-017 RG-021 RG-035 RG-036 RG-052 RG-059 RG-064 RG-081,,
SITE_CDC_CANBERRA,"CDC Canberra (Fyshwick F1-F2, Hume H1-H5)",ACT,operational,REPORTED,market_research,B,O,campus_area_ha,Campus area,S6,S4,research,,,,RG-003 RG-010 RG-011 RG-027 RG-048 RG-051 RG-056,,
SITE_CDC_CANBERRA,"CDC Canberra (Fyshwick F1-F2, Hume H1-H5)",ACT,operational,REPORTED,market_research,B,O,gfa_sqm,Gross floor area,S6,S4,research,,,,RG-003 RG-010 RG-011 RG-027 RG-048 RG-051 RG-056,,
SITE_CDC_CANBERRA,"CDC Canberra (Fyshwick F1-F2, Hume H1-H5)",ACT,operational,REPORTED,market_research,B,O,capital_cost_aud,Capital cost,S6,S4,research,,,,RG-003 RG-010 RG-011 RG-027 RG-048 RG-051 RG-056,,
SITE_CDC_CANBERRA,"CDC Canberra (Fyshwick F1-F2, Hume H1-H5)",ACT,operational,REPORTED,market_research,B,O,construction_jobs,Construction jobs,S6,S4,research,,,,RG-003 RG-010 RG-011 RG-027 RG-048 RG-051 RG-056,,
SITE_CDC_CANBERRA,"CDC Canberra (Fyshwick F1-F2, Hume H1-H5)",ACT,operational,REPORTED,market_research,B,O,operational_jobs,Operational jobs,S6,S4,research,,,,RG-003 RG-010 RG-011 RG-027 RG-048 RG-051 RG-056,,
SITE_CDC_CANBERRA,"CDC Canberra (Fyshwick F1-F2, Hume H1-H5)",ACT,operational,REPORTED,market_research,B,O,operational_from,Operational from,S4,S6,research,,,,RG-013 RG-024 RG-071 RG-091,,
SITE_CDC_CANBERRA,"CDC Canberra (Fyshwick F1-F2, Hume H1-H5)",ACT,operational,REPORTED,market_research,B,O,target_completion,Target completion,S4,S6,research,,,,RG-013 RG-024 RG-071 RG-091,not_applicable,
SITE_CDC_EC,CDC Eastern Creek campus (EC1-EC4),NSW,operational,REPORTED,market_research,B,O,proponent,Proponent,S4,S5,research,Blacktown,,,RG-013 RG-024 RG-071 RG-091,,
SITE_CDC_EC,CDC Eastern Creek campus (EC1-EC4),NSW,operational,REPORTED,market_research,B,O,address,Address,S4,S5,research,Blacktown,,,RG-013 RG-024 RG-071 RG-091,,
SITE_CDC_EC,CDC Eastern Creek campus (EC1-EC4),NSW,operational,REPORTED,market_research,B,O,lat,Coordinates,S4,S5,research,Blacktown,,,RG-013 RG-024 RG-071 RG-091,,
SITE_CDC_EC,CDC Eastern Creek campus (EC1-EC4),NSW,operational,REPORTED,market_research,B,O,total_capacity_mw,Total capacity,S4,S5,research,Blacktown,,,RG-013 RG-024 RG-071 RG-091,,
SITE_CDC_EC,CDC Eastern Creek campus (EC1-EC4),NSW,operational,REPORTED,market_research,B,O,it_capacity_mw,IT capacity,S4,S5,research,Blacktown,,,RG-013 RG-024 RG-071 RG-091,,
SITE_CDC_EC,CDC Eastern Creek campus (EC1-EC4),NSW,operational,REPORTED,market_research,B,O,max_capacity_mw,Maximum capacity,S4,S5,research,Blacktown,,,RG-013 RG-024 RG-071 RG-091,,
SITE_CDC_EC,CDC Eastern Creek campus (EC1-EC4),NSW,operational,REPORTED,market_research,B,O,first_phase_mw,First phase capacity,S4,S5,research,Blacktown,,,RG-013 RG-024 RG-071 RG-091,,
SITE_CDC_EC,CDC Eastern Creek campus (EC1-EC4),NSW,operational,REPORTED,market_research,B,O,live_capacity_mw,Live capacity,S7,,research,Blacktown,,,RG-017 RG-021 RG-035 RG-036 RG-052 RG-059 RG-064 RG-081,,never filled from it_capacity_mw
SITE_CDC_EC,CDC Eastern Creek campus (EC1-EC4),NSW,operational,REPORTED,market_research,B,O,cooling_type,Cooling type,S4,S7,research,Blacktown,,,RG-013 RG-024 RG-071 RG-091,,
SITE_CDC_EC,CDC Eastern Creek campus (EC1-EC4),NSW,operational,REPORTED,market_research,B,O,rack_density_kw,Rack density,S4,S7,research,Blacktown,,,RG-013 RG-024 RG-071 RG-091,,
SITE_CDC_EC,CDC Eastern Creek campus (EC1-EC4),NSW,operational,REPORTED,market_research,B,O,grid_connection,Grid connection,S7,S4,research,Blacktown,,,RG-017 RG-021 RG-035 RG-036 RG-052 RG-059 RG-064 RG-081,,
SITE_CDC_EC,CDC Eastern Creek campus (EC1-EC4),NSW,operational,REPORTED,market_research,B,O,water_usage,Water usage,S7,S4,research,Blacktown,,,RG-017 RG-021 RG-035 RG-036 RG-052 RG-059 RG-064 RG-081,,
SITE_CDC_EC,CDC Eastern Creek campus (EC1-EC4),NSW,operational,REPORTED,market_research,B,O,campus_area_ha,Campus area,S5,S4,research,Blacktown,,,RG-034,,
SITE_CDC_EC,CDC Eastern Creek campus (EC1-EC4),NSW,operational,REPORTED,market_research,B,O,gfa_sqm,Gross floor area,S5,S4,research,Blacktown,,,RG-034,,
SITE_CDC_EC,CDC Eastern Creek campus (EC1-EC4),NSW,operational,REPORTED,market_research,B,O,capital_cost_aud,Capital cost,S5,S4,research,Blacktown,,,RG-034,,
SITE_CDC_EC,CDC Eastern Creek campus (EC1-EC4),NSW,operational,REPORTED,market_research,B,O,construction_jobs,Construction jobs,S5,S4,research,Blacktown,,,RG-034,,
SITE_CDC_EC,CDC Eastern Creek campus (EC1-EC4),NSW,operational,REPORTED,market_research,B,O,operational_jobs,Operational jobs,S5,S4,research,Blacktown,,,RG-034,,
SITE_CDC_EC,CDC Eastern Creek campus (EC1-EC4),NSW,operational,REPORTED,market_research,B,O,operational_from,Operational from,S4,S5,research,Blacktown,,,RG-013 RG-024 RG-071 RG-091,,
SITE_CDC_EC,CDC Eastern Creek campus (EC1-EC4),NSW,operational,REPORTED,market_research,B,O,target_completion,Target completion,S4,S5,research,Blacktown,,,RG-013 RG-024 RG-071 RG-091,not_applicable,
SITE_CDC_KEMPS,CDC Kemps Creek (new filing),NSW,lodged,REPORTED,news,B,O,proponent,Proponent,S4,S5,research,Penrith,,,RG-013 RG-024 RG-071 RG-091,,
SITE_CDC_KEMPS,CDC Kemps Creek (new filing),NSW,lodged,REPORTED,news,B,O,address,Address,S4,S5,research,Penrith,,,RG-013 RG-024 RG-071 RG-091,,
SITE_CDC_KEMPS,CDC Kemps Creek (new filing),NSW,lodged,REPORTED,news,B,O,lat,Coordinates,S4,S5,research,Penrith,,,RG-013 RG-024 RG-071 RG-091,,
SITE_CDC_KEMPS,CDC Kemps Creek (new filing),NSW,lodged,REPORTED,news,B,O,total_capacity_mw,Total capacity,S4,S5,research,Penrith,,,RG-013 RG-024 RG-071 RG-091,,
SITE_CDC_KEMPS,CDC Kemps Creek (new filing),NSW,lodged,REPORTED,news,B,O,it_capacity_mw,IT capacity,S4,S5,research,Penrith,,,RG-013 RG-024 RG-071 RG-091,,
SITE_CDC_KEMPS,CDC Kemps Creek (new filing),NSW,lodged,REPORTED,news,B,O,max_capacity_mw,Maximum capacity,S4,S5,research,Penrith,,,RG-013 RG-024 RG-071 RG-091,,
SITE_CDC_KEMPS,CDC Kemps Creek (new filing),NSW,lodged,REPORTED,news,B,O,first_phase_mw,First phase capacity,S4,S5,research,Penrith,,,RG-013 RG-024 RG-071 RG-091,,
SITE_CDC_KEMPS,CDC Kemps Creek (new filing),NSW,lodged,REPORTED,news,B,O,live_capacity_mw,Live capacity,S7,,research,Penrith,,,RG-017 RG-021 RG-035 RG-036 RG-052 RG-059 RG-064 RG-081,not_applicable,never filled from it_capacity_mw
SITE_CDC_KEMPS,CDC Kemps Creek (new filing),NSW,lodged,REPORTED,news,B,O,cooling_type,Cooling type,S4,S7,research,Penrith,,,RG-013 RG-024 RG-071 RG-091,,
SITE_CDC_KEMPS,CDC Kemps Creek (new filing),NSW,lodged,REPORTED,news,B,O,rack_density_kw,Rack density,S4,S7,research,Penrith,,,RG-013 RG-024 RG-071 RG-091,,
SITE_CDC_KEMPS,CDC Kemps Creek (new filing),NSW,lodged,REPORTED,news,B,O,grid_connection,Grid connection,S7,S4,research,Penrith,,,RG-017 RG-021 RG-035 RG-036 RG-052 RG-059 RG-064 RG-081,,
SITE_CDC_KEMPS,CDC Kemps Creek (new filing),NSW,lodged,REPORTED,news,B,O,water_usage,Water usage,S7,S4,research,Penrith,,,RG-017 RG-021 RG-035 RG-036 RG-052 RG-059 RG-064 RG-081,,
SITE_CDC_KEMPS,CDC Kemps Creek (new filing),NSW,lodged,REPORTED,news,B,O,hcf_certified,HCF certification,S3,,research,Penrith,,,,not_applicable,stored as the string 'unknown'; not on the HCF register (RG-096)
SITE_CDC_KEMPS,CDC Kemps Creek (new filing),NSW,lodged,REPORTED,news,B,O,campus_area_ha,Campus area,S5,S4,research,Penrith,,,RG-034,,
SITE_CDC_KEMPS,CDC Kemps Creek (new filing),NSW,lodged,REPORTED,news,B,O,gfa_sqm,Gross floor area,S5,S4,research,Penrith,,,RG-034,,
SITE_CDC_KEMPS,CDC Kemps Creek (new filing),NSW,lodged,REPORTED,news,B,O,capital_cost_aud,Capital cost,S5,S4,research,Penrith,,,RG-034,,
SITE_CDC_KEMPS,CDC Kemps Creek (new filing),NSW,lodged,REPORTED,news,B,O,construction_jobs,Construction jobs,S5,S4,research,Penrith,,,RG-034,,
SITE_CDC_KEMPS,CDC Kemps Creek (new filing),NSW,lodged,REPORTED,news,B,O,operational_jobs,Operational jobs,S5,S4,research,Penrith,,,RG-034,,
SITE_CDC_KEMPS,CDC Kemps Creek (new filing),NSW,lodged,REPORTED,news,B,O,operational_from,Operational from,S4,S5,research,Penrith,,,RG-013 RG-024 RG-071 RG-091,,
SITE_CDC_KEMPS,CDC Kemps Creek (new filing),NSW,lodged,REPORTED,news,B,O,target_completion,Target completion,S4,S5,research,Penrith,,,RG-013 RG-024 RG-071 RG-091,,
SITE_CDC_LAVERTON,CDC Laverton campus (Melbourne south-west),VIC,under_construction,REPORTED,primary_company,A,O,proponent,Proponent,S4,S6,research,Wyndham,,,RG-013 RG-024 RG-071 RG-091,,
SITE_CDC_LAVERTON,CDC Laverton campus (Melbourne south-west),VIC,under_construction,REPORTED,primary_company,A,O,address,Address,S4,S6,research,Wyndham,,,RG-013 RG-024 RG-071 RG-091,,
SITE_CDC_LAVERTON,CDC Laverton campus (Melbourne south-west),VIC,under_construction,REPORTED,primary_company,A,O,lat,Coordinates,S4,S6,research,Wyndham,,,RG-013 RG-024 RG-071 RG-091,,
SITE_CDC_LAVERTON,CDC Laverton campus (Melbourne south-west),VIC,under_construction,REPORTED,primary_company,A,O,total_capacity_mw,Total capacity,S4,S6,research,Wyndham,,,RG-013 RG-024 RG-071 RG-091,,
SITE_CDC_LAVERTON,CDC Laverton campus (Melbourne south-west),VIC,under_construction,REPORTED,primary_company,A,O,max_capacity_mw,Maximum capacity,S4,S6,research,Wyndham,,,RG-013 RG-024 RG-071 RG-091,,
SITE_CDC_LAVERTON,CDC Laverton campus (Melbourne south-west),VIC,under_construction,REPORTED,primary_company,A,O,first_phase_mw,First phase capacity,S4,S6,research,Wyndham,,,RG-013 RG-024 RG-071 RG-091,,
SITE_CDC_LAVERTON,CDC Laverton campus (Melbourne south-west),VIC,under_construction,REPORTED,primary_company,A,O,live_capacity_mw,Live capacity,S7,,research,Wyndham,,,RG-017 RG-021 RG-035 RG-036 RG-052 RG-059 RG-064 RG-081,,never filled from it_capacity_mw
SITE_CDC_LAVERTON,CDC Laverton campus (Melbourne south-west),VIC,under_construction,REPORTED,primary_company,A,O,cooling_type,Cooling type,S4,S7,research,Wyndham,,,RG-013 RG-024 RG-071 RG-091,,
SITE_CDC_LAVERTON,CDC Laverton campus (Melbourne south-west),VIC,under_construction,REPORTED,primary_company,A,O,rack_density_kw,Rack density,S4,S7,research,Wyndham,,,RG-013 RG-024 RG-071 RG-091,,
SITE_CDC_LAVERTON,CDC Laverton campus (Melbourne south-west),VIC,under_construction,REPORTED,primary_company,A,O,grid_connection,Grid connection,S7,S4,research,Wyndham,,,RG-017 RG-021 RG-035 RG-036 RG-052 RG-059 RG-064 RG-081,,
SITE_CDC_LAVERTON,CDC Laverton campus (Melbourne south-west),VIC,under_construction,REPORTED,primary_company,A,O,water_usage,Water usage,S7,S4,research,Wyndham,,,RG-017 RG-021 RG-035 RG-036 RG-052 RG-059 RG-064 RG-081,,
SITE_CDC_LAVERTON,CDC Laverton campus (Melbourne south-west),VIC,under_construction,REPORTED,primary_company,A,O,hcf_certified,HCF certification,S3,,research,Wyndham,,,,not_applicable,stored as the string 'unknown'; not on the HCF register (RG-096)
SITE_CDC_LAVERTON,CDC Laverton campus (Melbourne south-west),VIC,under_construction,REPORTED,primary_company,A,O,campus_area_ha,Campus area,S6,S4,research,Wyndham,,,RG-003 RG-010 RG-011 RG-027 RG-048 RG-051 RG-056,,
SITE_CDC_LAVERTON,CDC Laverton campus (Melbourne south-west),VIC,under_construction,REPORTED,primary_company,A,O,gfa_sqm,Gross floor area,S6,S4,research,Wyndham,,,RG-003 RG-010 RG-011 RG-027 RG-048 RG-051 RG-056,,
SITE_CDC_LAVERTON,CDC Laverton campus (Melbourne south-west),VIC,under_construction,REPORTED,primary_company,A,O,construction_jobs,Construction jobs,S6,S4,research,Wyndham,,,RG-003 RG-010 RG-011 RG-027 RG-048 RG-051 RG-056,,
SITE_CDC_LAVERTON,CDC Laverton campus (Melbourne south-west),VIC,under_construction,REPORTED,primary_company,A,O,operational_jobs,Operational jobs,S6,S4,research,Wyndham,,,RG-003 RG-010 RG-011 RG-027 RG-048 RG-051 RG-056,,
SITE_CDC_LAVERTON,CDC Laverton campus (Melbourne south-west),VIC,under_construction,REPORTED,primary_company,A,O,operational_from,Operational from,S4,S6,research,Wyndham,,,RG-013 RG-024 RG-071 RG-091,,
SITE_CDC_LAVERTON,CDC Laverton campus (Melbourne south-west),VIC,under_construction,REPORTED,primary_company,A,O,target_completion,Target completion,S4,S6,research,Wyndham,,,RG-013 RG-024 RG-071 RG-091,,
SITE_CLOUDCARRIER_SH,Cloud Carrier Southern Highlands Data Campus,NSW,lodged,REPORTED,primary_government,A,O,proponent,Proponent,S4,S7,research,,,,RG-013 RG-024 RG-071 RG-091,,
SITE_CLOUDCARRIER_SH,Cloud Carrier Southern Highlands Data Campus,NSW,lodged,REPORTED,primary_government,A,O,address,Address,S4,,research,,,,RG-013 RG-024 RG-071 RG-091,,
SITE_CLOUDCARRIER_SH,Cloud Carrier Southern Highlands Data Campus,NSW,lodged,REPORTED,primary_government,A,O,lat,Coordinates,S4,,research,,,,RG-013 RG-024 RG-071 RG-091,,
SITE_CLOUDCARRIER_SH,Cloud Carrier Southern Highlands Data Campus,NSW,lodged,REPORTED,primary_government,A,O,total_capacity_mw,Total capacity,S4,,research,,,,RG-013 RG-024 RG-071 RG-091,,
SITE_CLOUDCARRIER_SH,Cloud Carrier Southern Highlands Data Campus,NSW,lodged,REPORTED,primary_government,A,O,it_capacity_mw,IT capacity,S4,,research,,,,RG-013 RG-024 RG-071 RG-091,,
SITE_CLOUDCARRIER_SH,Cloud Carrier Southern Highlands Data Campus,NSW,lodged,REPORTED,primary_government,A,O,first_phase_mw,First phase capacity,S4,,research,,,,RG-013 RG-024 RG-071 RG-091,,
SITE_CLOUDCARRIER_SH,Cloud Carrier Southern Highlands Data Campus,NSW,lodged,REPORTED,primary_government,A,O,live_capacity_mw,Live capacity,S7,,research,,,,RG-017 RG-021 RG-035 RG-036 RG-052 RG-059 RG-064 RG-081,not_applicable,never filled from it_capacity_mw
SITE_CLOUDCARRIER_SH,Cloud Carrier Southern Highlands Data Campus,NSW,lodged,REPORTED,primary_government,A,O,cooling_type,Cooling type,S4,S7,research,,,,RG-013 RG-024 RG-071 RG-091,,
SITE_CLOUDCARRIER_SH,Cloud Carrier Southern Highlands Data Campus,NSW,lodged,REPORTED,primary_government,A,O,rack_density_kw,Rack density,S4,S7,research,,,,RG-013 RG-024 RG-071 RG-091,,
SITE_CLOUDCARRIER_SH,Cloud Carrier Southern Highlands Data Campus,NSW,lodged,REPORTED,primary_government,A,O,grid_connection,Grid connection,LOADER,,in pipeline,,,,,,power_profile.connection_type holds a value; the loader does not map it
SITE_CLOUDCARRIER_SH,Cloud Carrier Southern Highlands Data Campus,NSW,lodged,REPORTED,primary_government,A,O,water_usage,Water usage,S7,S4,research,,,,RG-017 RG-021 RG-035 RG-036 RG-052 RG-059 RG-064 RG-081,,
SITE_CLOUDCARRIER_SH,Cloud Carrier Southern Highlands Data Campus,NSW,lodged,REPORTED,primary_government,A,O,hcf_certified,HCF certification,S3,,research,,,,,not_applicable,stored as the string 'unknown'; not on the HCF register (RG-096)
SITE_CLOUDCARRIER_SH,Cloud Carrier Southern Highlands Data Campus,NSW,lodged,REPORTED,primary_government,A,O,gfa_sqm,Gross floor area,S4,,research,,,,RG-013 RG-024 RG-071 RG-091,,
SITE_CLOUDCARRIER_SH,Cloud Carrier Southern Highlands Data Campus,NSW,lodged,REPORTED,primary_government,A,O,capital_cost_aud,Capital cost,S4,,research,,,,RG-013 RG-024 RG-071 RG-091,,
SITE_CLOUDCARRIER_SH,Cloud Carrier Southern Highlands Data Campus,NSW,lodged,REPORTED,primary_government,A,O,construction_jobs,Construction jobs,S4,,research,,,,RG-013 RG-024 RG-071 RG-091,,
SITE_CLOUDCARRIER_SH,Cloud Carrier Southern Highlands Data Campus,NSW,lodged,REPORTED,primary_government,A,O,operational_jobs,Operational jobs,S4,,research,,,,RG-013 RG-024 RG-071 RG-091,,
SITE_CLOUDCARRIER_SH,Cloud Carrier Southern Highlands Data Campus,NSW,lodged,REPORTED,primary_government,A,O,operational_from,Operational from,S4,,research,,,,RG-013 RG-024 RG-071 RG-091,,
SITE_CLOUDCARRIER_SH,Cloud Carrier Southern Highlands Data Campus,NSW,lodged,REPORTED,primary_government,A,O,target_completion,Target completion,S4,,research,,,,RG-013 RG-024 RG-071 RG-091,,
SITE_DCI_POPLARS,DCI Poplars Data Centre Project,NSW,approved,VERIFIED,primary_planning_portal,A,P,total_capacity_mw,Total capacity,S2,,research,,portal record; consent text,,RG-034 RG-037 RG-053 RG-073,,
SITE_DCI_POPLARS,DCI Poplars Data Centre Project,NSW,approved,VERIFIED,primary_planning_portal,A,P,it_capacity_mw,IT capacity,S2,,research,,portal record; consent text,,RG-034 RG-037 RG-053 RG-073,,
SITE_DCI_POPLARS,DCI Poplars Data Centre Project,NSW,approved,VERIFIED,primary_planning_portal,A,P,max_capacity_mw,Maximum capacity,S2,,research,,portal record; consent text,,RG-034 RG-037 RG-053 RG-073,,
SITE_DCI_POPLARS,DCI Poplars Data Centre Project,NSW,approved,VERIFIED,primary_planning_portal,A,P,first_phase_mw,First phase capacity,S2,,research,,portal record; consent text,,RG-034 RG-037 RG-053 RG-073,,
SITE_DCI_POPLARS,DCI Poplars Data Centre Project,NSW,approved,VERIFIED,primary_planning_portal,A,P,live_capacity_mw,Live capacity,S7,,research,,portal record; consent text,,RG-017 RG-021 RG-035 RG-036 RG-052 RG-059 RG-064 RG-081,not_applicable,never filled from it_capacity_mw
SITE_DCI_POPLARS,DCI Poplars Data Centre Project,NSW,approved,VERIFIED,primary_planning_portal,A,P,cooling_type,Cooling type,S2,S7,research,,portal record; consent text,,RG-034 RG-037 RG-053 RG-073,,
SITE_DCI_POPLARS,DCI Poplars Data Centre Project,NSW,approved,VERIFIED,primary_planning_portal,A,P,rack_density_kw,Rack density,S2,S7,research,,portal record; consent text,,RG-034 RG-037 RG-053 RG-073,,
SITE_DCI_POPLARS,DCI Poplars Data Centre Project,NSW,approved,VERIFIED,primary_planning_portal,A,P,grid_connection,Grid connection,LOADER,,in pipeline,,portal record; consent text,,,,power_profile.connection_type holds a value; the loader does not map it
SITE_DCI_POPLARS,DCI Poplars Data Centre Project,NSW,approved,VERIFIED,primary_planning_portal,A,P,water_usage,Water usage,S2,S7,research,,portal record; consent text,,RG-034 RG-037 RG-053 RG-073,,
SITE_DCI_POPLARS,DCI Poplars Data Centre Project,NSW,approved,VERIFIED,primary_planning_portal,A,P,hcf_certified,HCF certification,S3,,research,,portal record; consent text,,,not_applicable,not on the HCF register (RG-096)
SITE_DCI_POPLARS,DCI Poplars Data Centre Project,NSW,approved,VERIFIED,primary_planning_portal,A,P,campus_area_ha,Campus area,S2,,research,,portal record; consent text,,RG-034 RG-037 RG-053 RG-073,,
SITE_DCI_POPLARS,DCI Poplars Data Centre Project,NSW,approved,VERIFIED,primary_planning_portal,A,P,gfa_sqm,Gross floor area,S2,,research,,portal record; consent text,,RG-034 RG-037 RG-053 RG-073,,
SITE_DCI_POPLARS,DCI Poplars Data Centre Project,NSW,approved,VERIFIED,primary_planning_portal,A,P,capital_cost_aud,Capital cost,S2,,research,,portal record; consent text,,RG-034 RG-037 RG-053 RG-073,,
SITE_DCI_POPLARS,DCI Poplars Data Centre Project,NSW,approved,VERIFIED,primary_planning_portal,A,P,construction_jobs,Construction jobs,S2,,research,,portal record; consent text,,RG-034 RG-037 RG-053 RG-073,,
SITE_DCI_POPLARS,DCI Poplars Data Centre Project,NSW,approved,VERIFIED,primary_planning_portal,A,P,operational_jobs,Operational jobs,S2,,research,,portal record; consent text,,RG-034 RG-037 RG-053 RG-073,,
SITE_DCI_POPLARS,DCI Poplars Data Centre Project,NSW,approved,VERIFIED,primary_planning_portal,A,P,operational_from,Operational from,S2,S4,research,,portal record; consent text,,RG-034 RG-037 RG-053 RG-073,,
SITE_DCI_POPLARS,DCI Poplars Data Centre Project,NSW,approved,VERIFIED,primary_planning_portal,A,P,target_completion,Target completion,S2,S4,research,,portal record; consent text,,RG-034 RG-037 RG-053 RG-073,,
SITE_DCI_SYD01,DCI SYD-01 Eastern Creek,NSW,operational,REPORTED,market_research,B,O,proponent,Proponent,S4,S5,research,Blacktown,,,RG-013 RG-024 RG-071 RG-091,,
SITE_DCI_SYD01,DCI SYD-01 Eastern Creek,NSW,operational,REPORTED,market_research,B,O,address,Address,S4,S5,research,Blacktown,,,RG-013 RG-024 RG-071 RG-091,,
SITE_DCI_SYD01,DCI SYD-01 Eastern Creek,NSW,operational,REPORTED,market_research,B,O,lat,Coordinates,S4,S5,research,Blacktown,,,RG-013 RG-024 RG-071 RG-091,,
SITE_DCI_SYD01,DCI SYD-01 Eastern Creek,NSW,operational,REPORTED,market_research,B,O,total_capacity_mw,Total capacity,S4,S5,research,Blacktown,,,RG-013 RG-024 RG-071 RG-091,,
SITE_DCI_SYD01,DCI SYD-01 Eastern Creek,NSW,operational,REPORTED,market_research,B,O,it_capacity_mw,IT capacity,S4,S5,research,Blacktown,,,RG-013 RG-024 RG-071 RG-091,,
SITE_DCI_SYD01,DCI SYD-01 Eastern Creek,NSW,operational,REPORTED,market_research,B,O,max_capacity_mw,Maximum capacity,S4,S5,research,Blacktown,,,RG-013 RG-024 RG-071 RG-091,,
SITE_DCI_SYD01,DCI SYD-01 Eastern Creek,NSW,operational,REPORTED,market_research,B,O,first_phase_mw,First phase capacity,S4,S5,research,Blacktown,,,RG-013 RG-024 RG-071 RG-091,,
SITE_DCI_SYD01,DCI SYD-01 Eastern Creek,NSW,operational,REPORTED,market_research,B,O,live_capacity_mw,Live capacity,S7,,research,Blacktown,,,RG-017 RG-021 RG-035 RG-036 RG-052 RG-059 RG-064 RG-081,,never filled from it_capacity_mw
SITE_DCI_SYD01,DCI SYD-01 Eastern Creek,NSW,operational,REPORTED,market_research,B,O,cooling_type,Cooling type,S4,S7,research,Blacktown,,,RG-013 RG-024 RG-071 RG-091,,
SITE_DCI_SYD01,DCI SYD-01 Eastern Creek,NSW,operational,REPORTED,market_research,B,O,rack_density_kw,Rack density,S4,S7,research,Blacktown,,,RG-013 RG-024 RG-071 RG-091,,
SITE_DCI_SYD01,DCI SYD-01 Eastern Creek,NSW,operational,REPORTED,market_research,B,O,grid_connection,Grid connection,S7,S4,research,Blacktown,,,RG-017 RG-021 RG-035 RG-036 RG-052 RG-059 RG-064 RG-081,,
SITE_DCI_SYD01,DCI SYD-01 Eastern Creek,NSW,operational,REPORTED,market_research,B,O,water_usage,Water usage,S7,S4,research,Blacktown,,,RG-017 RG-021 RG-035 RG-036 RG-052 RG-059 RG-064 RG-081,,
SITE_DCI_SYD01,DCI SYD-01 Eastern Creek,NSW,operational,REPORTED,market_research,B,O,campus_area_ha,Campus area,S5,S4,research,Blacktown,,,RG-034,,
SITE_DCI_SYD01,DCI SYD-01 Eastern Creek,NSW,operational,REPORTED,market_research,B,O,gfa_sqm,Gross floor area,S5,S4,research,Blacktown,,,RG-034,,
SITE_DCI_SYD01,DCI SYD-01 Eastern Creek,NSW,operational,REPORTED,market_research,B,O,capital_cost_aud,Capital cost,S5,S4,research,Blacktown,,,RG-034,,
SITE_DCI_SYD01,DCI SYD-01 Eastern Creek,NSW,operational,REPORTED,market_research,B,O,construction_jobs,Construction jobs,S5,S4,research,Blacktown,,,RG-034,,
SITE_DCI_SYD01,DCI SYD-01 Eastern Creek,NSW,operational,REPORTED,market_research,B,O,operational_jobs,Operational jobs,S5,S4,research,Blacktown,,,RG-034,,
SITE_DCI_SYD01,DCI SYD-01 Eastern Creek,NSW,operational,REPORTED,market_research,B,O,operational_from,Operational from,S4,S5,research,Blacktown,,,RG-013 RG-024 RG-071 RG-091,,
SITE_DCI_SYD01,DCI SYD-01 Eastern Creek,NSW,operational,REPORTED,market_research,B,O,target_completion,Target completion,S4,S5,research,Blacktown,,,RG-013 RG-024 RG-071 RG-091,not_applicable,
SITE_DAVIS_RD_CUNDALL,Davis Road Data Centre (Cundall),NSW,approved,VERIFIED,primary_planning_portal,A,P,operator,Operator,S2,S7,research,,portal record; consent text,RG-057,RG-034 RG-037 RG-053 RG-073,,
SITE_DAVIS_RD_CUNDALL,Davis Road Data Centre (Cundall),NSW,approved,VERIFIED,primary_planning_portal,A,P,total_capacity_mw,Total capacity,S2,,research,,portal record; consent text,RG-057,RG-034 RG-037 RG-053 RG-073,,
SITE_DAVIS_RD_CUNDALL,Davis Road Data Centre (Cundall),NSW,approved,VERIFIED,primary_planning_portal,A,P,first_phase_mw,First phase capacity,S2,,research,,portal record; consent text,RG-057,RG-034 RG-037 RG-053 RG-073,,
SITE_DAVIS_RD_CUNDALL,Davis Road Data Centre (Cundall),NSW,approved,VERIFIED,primary_planning_portal,A,P,live_capacity_mw,Live capacity,S7,,research,,portal record; consent text,RG-057,RG-017 RG-021 RG-035 RG-036 RG-052 RG-059 RG-064 RG-081,not_applicable,never filled from it_capacity_mw
SITE_DAVIS_RD_CUNDALL,Davis Road Data Centre (Cundall),NSW,approved,VERIFIED,primary_planning_portal,A,P,cooling_type,Cooling type,S2,S7,research,,portal record; consent text,RG-057,RG-034 RG-037 RG-053 RG-073,,
SITE_DAVIS_RD_CUNDALL,Davis Road Data Centre (Cundall),NSW,approved,VERIFIED,primary_planning_portal,A,P,rack_density_kw,Rack density,S2,S7,research,,portal record; consent text,RG-057,RG-034 RG-037 RG-053 RG-073,,
SITE_DAVIS_RD_CUNDALL,Davis Road Data Centre (Cundall),NSW,approved,VERIFIED,primary_planning_portal,A,P,grid_connection,Grid connection,LOADER,,in pipeline,,portal record; consent text,RG-057,,,power_profile.connection_type holds a value; the loader does not map it
SITE_DAVIS_RD_CUNDALL,Davis Road Data Centre (Cundall),NSW,approved,VERIFIED,primary_planning_portal,A,P,water_usage,Water usage,S2,S7,research,,portal record; consent text,RG-057,RG-034 RG-037 RG-053 RG-073,,
SITE_DAVIS_RD_CUNDALL,Davis Road Data Centre (Cundall),NSW,approved,VERIFIED,primary_planning_portal,A,P,hcf_certified,HCF certification,S3,,research,,portal record; consent text,RG-057,,not_applicable,not on the HCF register (RG-096)
SITE_DAVIS_RD_CUNDALL,Davis Road Data Centre (Cundall),NSW,approved,VERIFIED,primary_planning_portal,A,P,campus_area_ha,Campus area,S2,,research,,portal record; consent text,RG-057,RG-034 RG-037 RG-053 RG-073,,
SITE_DAVIS_RD_CUNDALL,Davis Road Data Centre (Cundall),NSW,approved,VERIFIED,primary_planning_portal,A,P,gfa_sqm,Gross floor area,S2,,research,,portal record; consent text,RG-057,RG-034 RG-037 RG-053 RG-073,,
SITE_DAVIS_RD_CUNDALL,Davis Road Data Centre (Cundall),NSW,approved,VERIFIED,primary_planning_portal,A,P,capital_cost_aud,Capital cost,S2,,research,,portal record; consent text,RG-057,RG-034 RG-037 RG-053 RG-073,,
SITE_DAVIS_RD_CUNDALL,Davis Road Data Centre (Cundall),NSW,approved,VERIFIED,primary_planning_portal,A,P,construction_jobs,Construction jobs,S2,,research,,portal record; consent text,RG-057,RG-034 RG-037 RG-053 RG-073,,
SITE_DAVIS_RD_CUNDALL,Davis Road Data Centre (Cundall),NSW,approved,VERIFIED,primary_planning_portal,A,P,operational_jobs,Operational jobs,S2,,research,,portal record; consent text,RG-057,RG-034 RG-037 RG-053 RG-073,,
SITE_DAVIS_RD_CUNDALL,Davis Road Data Centre (Cundall),NSW,approved,VERIFIED,primary_planning_portal,A,P,operational_from,Operational from,S2,S4,research,,portal record; consent text,RG-057,RG-034 RG-037 RG-053 RG-073,,
SITE_DAVIS_RD_CUNDALL,Davis Road Data Centre (Cundall),NSW,approved,VERIFIED,primary_planning_portal,A,P,target_completion,Target completion,S2,S4,research,,portal record; consent text,RG-057,RG-034 RG-037 RG-053 RG-073,,
SITE_DICKER_DATA,Dicker Data Warehouse and Distribution Centre,NSW,approved,VERIFIED,primary_planning_portal,A,P,operator,Operator,S2,S7,research,,portal record; consent text,,RG-034 RG-037 RG-053 RG-073,,
SITE_DICKER_DATA,Dicker Data Warehouse and Distribution Centre,NSW,approved,VERIFIED,primary_planning_portal,A,P,suburb,Suburb,S1,S2,archived,,portal record; consent text,,,,
SITE_DICKER_DATA,Dicker Data Warehouse and Distribution Centre,NSW,approved,VERIFIED,primary_planning_portal,A,P,total_capacity_mw,Total capacity,S2,,research,,portal record; consent text,,RG-034 RG-037 RG-053 RG-073,,
SITE_DICKER_DATA,Dicker Data Warehouse and Distribution Centre,NSW,approved,VERIFIED,primary_planning_portal,A,P,it_capacity_mw,IT capacity,S2,,research,,portal record; consent text,,RG-034 RG-037 RG-053 RG-073,,
SITE_DICKER_DATA,Dicker Data Warehouse and Distribution Centre,NSW,approved,VERIFIED,primary_planning_portal,A,P,max_capacity_mw,Maximum capacity,S2,,research,,portal record; consent text,,RG-034 RG-037 RG-053 RG-073,,
SITE_DICKER_DATA,Dicker Data Warehouse and Distribution Centre,NSW,approved,VERIFIED,primary_planning_portal,A,P,first_phase_mw,First phase capacity,S2,,research,,portal record; consent text,,RG-034 RG-037 RG-053 RG-073,,
SITE_DICKER_DATA,Dicker Data Warehouse and Distribution Centre,NSW,approved,VERIFIED,primary_planning_portal,A,P,live_capacity_mw,Live capacity,S7,,research,,portal record; consent text,,RG-017 RG-021 RG-035 RG-036 RG-052 RG-059 RG-064 RG-081,not_applicable,never filled from it_capacity_mw
SITE_DICKER_DATA,Dicker Data Warehouse and Distribution Centre,NSW,approved,VERIFIED,primary_planning_portal,A,P,cooling_type,Cooling type,S2,S7,research,,portal record; consent text,,RG-034 RG-037 RG-053 RG-073,,
SITE_DICKER_DATA,Dicker Data Warehouse and Distribution Centre,NSW,approved,VERIFIED,primary_planning_portal,A,P,rack_density_kw,Rack density,S2,S7,research,,portal record; consent text,,RG-034 RG-037 RG-053 RG-073,,
SITE_DICKER_DATA,Dicker Data Warehouse and Distribution Centre,NSW,approved,VERIFIED,primary_planning_portal,A,P,grid_connection,Grid connection,S2,S7,research,,portal record; consent text,,RG-034 RG-037 RG-053 RG-073,,
SITE_DICKER_DATA,Dicker Data Warehouse and Distribution Centre,NSW,approved,VERIFIED,primary_planning_portal,A,P,water_usage,Water usage,S2,S7,research,,portal record; consent text,,RG-034 RG-037 RG-053 RG-073,,
SITE_DICKER_DATA,Dicker Data Warehouse and Distribution Centre,NSW,approved,VERIFIED,primary_planning_portal,A,P,hcf_certified,HCF certification,S3,,research,,portal record; consent text,,,not_applicable,not on the HCF register (RG-096)
SITE_DICKER_DATA,Dicker Data Warehouse and Distribution Centre,NSW,approved,VERIFIED,primary_planning_portal,A,P,campus_area_ha,Campus area,S2,,research,,portal record; consent text,,RG-034 RG-037 RG-053 RG-073,,
SITE_DICKER_DATA,Dicker Data Warehouse and Distribution Centre,NSW,approved,VERIFIED,primary_planning_portal,A,P,gfa_sqm,Gross floor area,S2,,research,,portal record; consent text,,RG-034 RG-037 RG-053 RG-073,,
SITE_DICKER_DATA,Dicker Data Warehouse and Distribution Centre,NSW,approved,VERIFIED,primary_planning_portal,A,P,capital_cost_aud,Capital cost,S2,,research,,portal record; consent text,,RG-034 RG-037 RG-053 RG-073,,
SITE_DICKER_DATA,Dicker Data Warehouse and Distribution Centre,NSW,approved,VERIFIED,primary_planning_portal,A,P,construction_jobs,Construction jobs,S2,,research,,portal record; consent text,,RG-034 RG-037 RG-053 RG-073,,
SITE_DICKER_DATA,Dicker Data Warehouse and Distribution Centre,NSW,approved,VERIFIED,primary_planning_portal,A,P,operational_jobs,Operational jobs,S2,,research,,portal record; consent text,,RG-034 RG-037 RG-053 RG-073,,
SITE_DICKER_DATA,Dicker Data Warehouse and Distribution Centre,NSW,approved,VERIFIED,primary_planning_portal,A,P,operational_from,Operational from,S2,S4,research,,portal record; consent text,,RG-034 RG-037 RG-053 RG-073,,
SITE_DICKER_DATA,Dicker Data Warehouse and Distribution Centre,NSW,approved,VERIFIED,primary_planning_portal,A,P,target_completion,Target completion,S2,S4,research,,portal record; consent text,,RG-034 RG-037 RG-053 RG-073,,
SITE_DIGICO_SYD1,DigiCo SYD1 Data Centre Expansion,NSW,approved,VERIFIED,primary_planning_portal,A,P,operator,Operator,S2,S7,research,,portal record; consent text,,RG-034 RG-037 RG-053 RG-073,,
SITE_DIGICO_SYD1,DigiCo SYD1 Data Centre Expansion,NSW,approved,VERIFIED,primary_planning_portal,A,P,suburb,Suburb,S1,S2,archived,,portal record; consent text,,,,
SITE_DIGICO_SYD1,DigiCo SYD1 Data Centre Expansion,NSW,approved,VERIFIED,primary_planning_portal,A,P,total_capacity_mw,Total capacity,S2,,research,,portal record; consent text,,RG-034 RG-037 RG-053 RG-073,,
SITE_DIGICO_SYD1,DigiCo SYD1 Data Centre Expansion,NSW,approved,VERIFIED,primary_planning_portal,A,P,it_capacity_mw,IT capacity,S2,,research,,portal record; consent text,,RG-034 RG-037 RG-053 RG-073,,
SITE_DIGICO_SYD1,DigiCo SYD1 Data Centre Expansion,NSW,approved,VERIFIED,primary_planning_portal,A,P,max_capacity_mw,Maximum capacity,S2,,research,,portal record; consent text,,RG-034 RG-037 RG-053 RG-073,,
SITE_DIGICO_SYD1,DigiCo SYD1 Data Centre Expansion,NSW,approved,VERIFIED,primary_planning_portal,A,P,first_phase_mw,First phase capacity,S2,,research,,portal record; consent text,,RG-034 RG-037 RG-053 RG-073,,
SITE_DIGICO_SYD1,DigiCo SYD1 Data Centre Expansion,NSW,approved,VERIFIED,primary_planning_portal,A,P,live_capacity_mw,Live capacity,S7,,research,,portal record; consent text,,RG-017 RG-021 RG-035 RG-036 RG-052 RG-059 RG-064 RG-081,not_applicable,never filled from it_capacity_mw
SITE_DIGICO_SYD1,DigiCo SYD1 Data Centre Expansion,NSW,approved,VERIFIED,primary_planning_portal,A,P,cooling_type,Cooling type,S2,S7,research,,portal record; consent text,,RG-034 RG-037 RG-053 RG-073,,
SITE_DIGICO_SYD1,DigiCo SYD1 Data Centre Expansion,NSW,approved,VERIFIED,primary_planning_portal,A,P,rack_density_kw,Rack density,S2,S7,research,,portal record; consent text,,RG-034 RG-037 RG-053 RG-073,,
SITE_DIGICO_SYD1,DigiCo SYD1 Data Centre Expansion,NSW,approved,VERIFIED,primary_planning_portal,A,P,grid_connection,Grid connection,S2,S7,research,,portal record; consent text,,RG-034 RG-037 RG-053 RG-073,,
SITE_DIGICO_SYD1,DigiCo SYD1 Data Centre Expansion,NSW,approved,VERIFIED,primary_planning_portal,A,P,water_usage,Water usage,S2,S7,research,,portal record; consent text,,RG-034 RG-037 RG-053 RG-073,,
SITE_DIGICO_SYD1,DigiCo SYD1 Data Centre Expansion,NSW,approved,VERIFIED,primary_planning_portal,A,P,hcf_certified,HCF certification,S3,,research,,portal record; consent text,,,not_applicable,not on the HCF register (RG-096)
SITE_DIGICO_SYD1,DigiCo SYD1 Data Centre Expansion,NSW,approved,VERIFIED,primary_planning_portal,A,P,campus_area_ha,Campus area,S2,,research,,portal record; consent text,,RG-034 RG-037 RG-053 RG-073,,
SITE_DIGICO_SYD1,DigiCo SYD1 Data Centre Expansion,NSW,approved,VERIFIED,primary_planning_portal,A,P,gfa_sqm,Gross floor area,S2,,research,,portal record; consent text,,RG-034 RG-037 RG-053 RG-073,,
SITE_DIGICO_SYD1,DigiCo SYD1 Data Centre Expansion,NSW,approved,VERIFIED,primary_planning_portal,A,P,capital_cost_aud,Capital cost,S2,,research,,portal record; consent text,,RG-034 RG-037 RG-053 RG-073,,
SITE_DIGICO_SYD1,DigiCo SYD1 Data Centre Expansion,NSW,approved,VERIFIED,primary_planning_portal,A,P,construction_jobs,Construction jobs,S2,,research,,portal record; consent text,,RG-034 RG-037 RG-053 RG-073,,
SITE_DIGICO_SYD1,DigiCo SYD1 Data Centre Expansion,NSW,approved,VERIFIED,primary_planning_portal,A,P,operational_jobs,Operational jobs,S2,,research,,portal record; consent text,,RG-034 RG-037 RG-053 RG-073,,
SITE_DIGICO_SYD1,DigiCo SYD1 Data Centre Expansion,NSW,approved,VERIFIED,primary_planning_portal,A,P,operational_from,Operational from,S2,S4,research,,portal record; consent text,,RG-034 RG-037 RG-053 RG-073,,
SITE_DIGICO_SYD1,DigiCo SYD1 Data Centre Expansion,NSW,approved,VERIFIED,primary_planning_portal,A,P,target_completion,Target completion,S2,S4,research,,portal record; consent text,,RG-034 RG-037 RG-053 RG-073,,
SITE_DR_ERSKINE,"Digital Realty Erskine Park (SYD10, SYD11, SYD14)",NSW,operational,REPORTED,market_research,B,O,proponent,Proponent,S4,S5,research,Penrith,,,RG-013 RG-024 RG-071 RG-091,,
SITE_DR_ERSKINE,"Digital Realty Erskine Park (SYD10, SYD11, SYD14)",NSW,operational,REPORTED,market_research,B,O,address,Address,S4,S5,research,Penrith,,,RG-013 RG-024 RG-071 RG-091,,
SITE_DR_ERSKINE,"Digital Realty Erskine Park (SYD10, SYD11, SYD14)",NSW,operational,REPORTED,market_research,B,O,lat,Coordinates,S4,S5,research,Penrith,,,RG-013 RG-024 RG-071 RG-091,,
SITE_DR_ERSKINE,"Digital Realty Erskine Park (SYD10, SYD11, SYD14)",NSW,operational,REPORTED,market_research,B,O,total_capacity_mw,Total capacity,S4,S5,research,Penrith,,,RG-013 RG-024 RG-071 RG-091,,
SITE_DR_ERSKINE,"Digital Realty Erskine Park (SYD10, SYD11, SYD14)",NSW,operational,REPORTED,market_research,B,O,it_capacity_mw,IT capacity,S4,S5,research,Penrith,,,RG-013 RG-024 RG-071 RG-091,,
SITE_DR_ERSKINE,"Digital Realty Erskine Park (SYD10, SYD11, SYD14)",NSW,operational,REPORTED,market_research,B,O,max_capacity_mw,Maximum capacity,S4,S5,research,Penrith,,,RG-013 RG-024 RG-071 RG-091,,
SITE_DR_ERSKINE,"Digital Realty Erskine Park (SYD10, SYD11, SYD14)",NSW,operational,REPORTED,market_research,B,O,first_phase_mw,First phase capacity,S4,S5,research,Penrith,,,RG-013 RG-024 RG-071 RG-091,,
SITE_DR_ERSKINE,"Digital Realty Erskine Park (SYD10, SYD11, SYD14)",NSW,operational,REPORTED,market_research,B,O,live_capacity_mw,Live capacity,S7,,research,Penrith,,,RG-017 RG-021 RG-035 RG-036 RG-052 RG-059 RG-064 RG-081,,never filled from it_capacity_mw
SITE_DR_ERSKINE,"Digital Realty Erskine Park (SYD10, SYD11, SYD14)",NSW,operational,REPORTED,market_research,B,O,cooling_type,Cooling type,S4,S7,research,Penrith,,,RG-013 RG-024 RG-071 RG-091,,
SITE_DR_ERSKINE,"Digital Realty Erskine Park (SYD10, SYD11, SYD14)",NSW,operational,REPORTED,market_research,B,O,rack_density_kw,Rack density,S4,S7,research,Penrith,,,RG-013 RG-024 RG-071 RG-091,,
SITE_DR_ERSKINE,"Digital Realty Erskine Park (SYD10, SYD11, SYD14)",NSW,operational,REPORTED,market_research,B,O,grid_connection,Grid connection,S7,S4,research,Penrith,,,RG-017 RG-021 RG-035 RG-036 RG-052 RG-059 RG-064 RG-081,,
SITE_DR_ERSKINE,"Digital Realty Erskine Park (SYD10, SYD11, SYD14)",NSW,operational,REPORTED,market_research,B,O,water_usage,Water usage,S7,S4,research,Penrith,,,RG-017 RG-021 RG-035 RG-036 RG-052 RG-059 RG-064 RG-081,,
SITE_DR_ERSKINE,"Digital Realty Erskine Park (SYD10, SYD11, SYD14)",NSW,operational,REPORTED,market_research,B,O,campus_area_ha,Campus area,S5,S4,research,Penrith,,,RG-034,,
SITE_DR_ERSKINE,"Digital Realty Erskine Park (SYD10, SYD11, SYD14)",NSW,operational,REPORTED,market_research,B,O,gfa_sqm,Gross floor area,S5,S4,research,Penrith,,,RG-034,,
SITE_DR_ERSKINE,"Digital Realty Erskine Park (SYD10, SYD11, SYD14)",NSW,operational,REPORTED,market_research,B,O,capital_cost_aud,Capital cost,S5,S4,research,Penrith,,,RG-034,,
SITE_DR_ERSKINE,"Digital Realty Erskine Park (SYD10, SYD11, SYD14)",NSW,operational,REPORTED,market_research,B,O,construction_jobs,Construction jobs,S5,S4,research,Penrith,,,RG-034,,
SITE_DR_ERSKINE,"Digital Realty Erskine Park (SYD10, SYD11, SYD14)",NSW,operational,REPORTED,market_research,B,O,operational_jobs,Operational jobs,S5,S4,research,Penrith,,,RG-034,,
SITE_DR_ERSKINE,"Digital Realty Erskine Park (SYD10, SYD11, SYD14)",NSW,operational,REPORTED,market_research,B,O,operational_from,Operational from,S4,S5,research,Penrith,,,RG-013 RG-024 RG-071 RG-091,,
SITE_DR_ERSKINE,"Digital Realty Erskine Park (SYD10, SYD11, SYD14)",NSW,operational,REPORTED,market_research,B,O,target_completion,Target completion,S4,S5,research,Penrith,,,RG-013 RG-024 RG-071 RG-091,not_applicable,
SITE_DR_MEL11,Digital Realty MEL11 (Deer Park),VIC,operational,REPORTED,market_research,B,O,proponent,Proponent,S4,S6,research,,,,RG-013 RG-024 RG-071 RG-091,,
SITE_DR_MEL11,Digital Realty MEL11 (Deer Park),VIC,operational,REPORTED,market_research,B,O,lga,Council,S4,S6,research,,,,RG-013 RG-024 RG-071 RG-091,,
SITE_DR_MEL11,Digital Realty MEL11 (Deer Park),VIC,operational,REPORTED,market_research,B,O,address,Address,S4,S6,research,,,,RG-013 RG-024 RG-071 RG-091,,
SITE_DR_MEL11,Digital Realty MEL11 (Deer Park),VIC,operational,REPORTED,market_research,B,O,lat,Coordinates,S4,S6,research,,,,RG-013 RG-024 RG-071 RG-091,,
SITE_DR_MEL11,Digital Realty MEL11 (Deer Park),VIC,operational,REPORTED,market_research,B,O,total_capacity_mw,Total capacity,S4,S6,research,,,,RG-013 RG-024 RG-071 RG-091,,
SITE_DR_MEL11,Digital Realty MEL11 (Deer Park),VIC,operational,REPORTED,market_research,B,O,it_capacity_mw,IT capacity,S4,S6,research,,,,RG-013 RG-024 RG-071 RG-091,,
SITE_DR_MEL11,Digital Realty MEL11 (Deer Park),VIC,operational,REPORTED,market_research,B,O,max_capacity_mw,Maximum capacity,S4,S6,research,,,,RG-013 RG-024 RG-071 RG-091,,
SITE_DR_MEL11,Digital Realty MEL11 (Deer Park),VIC,operational,REPORTED,market_research,B,O,first_phase_mw,First phase capacity,S4,S6,research,,,,RG-013 RG-024 RG-071 RG-091,,
SITE_DR_MEL11,Digital Realty MEL11 (Deer Park),VIC,operational,REPORTED,market_research,B,O,live_capacity_mw,Live capacity,S7,,research,,,,RG-017 RG-021 RG-035 RG-036 RG-052 RG-059 RG-064 RG-081,,never filled from it_capacity_mw
SITE_DR_MEL11,Digital Realty MEL11 (Deer Park),VIC,operational,REPORTED,market_research,B,O,cooling_type,Cooling type,S4,S7,research,,,,RG-013 RG-024 RG-071 RG-091,,
SITE_DR_MEL11,Digital Realty MEL11 (Deer Park),VIC,operational,REPORTED,market_research,B,O,rack_density_kw,Rack density,S4,S7,research,,,,RG-013 RG-024 RG-071 RG-091,,
SITE_DR_MEL11,Digital Realty MEL11 (Deer Park),VIC,operational,REPORTED,market_research,B,O,grid_connection,Grid connection,S7,S4,research,,,,RG-017 RG-021 RG-035 RG-036 RG-052 RG-059 RG-064 RG-081,,
SITE_DR_MEL11,Digital Realty MEL11 (Deer Park),VIC,operational,REPORTED,market_research,B,O,water_usage,Water usage,S7,S4,research,,,,RG-017 RG-021 RG-035 RG-036 RG-052 RG-059 RG-064 RG-081,,
SITE_DR_MEL11,Digital Realty MEL11 (Deer Park),VIC,operational,REPORTED,market_research,B,O,campus_area_ha,Campus area,S6,S4,research,,,,RG-003 RG-010 RG-011 RG-027 RG-048 RG-051 RG-056,,
SITE_DR_MEL11,Digital Realty MEL11 (Deer Park),VIC,operational,REPORTED,market_research,B,O,gfa_sqm,Gross floor area,S6,S4,research,,,,RG-003 RG-010 RG-011 RG-027 RG-048 RG-051 RG-056,,
SITE_DR_MEL11,Digital Realty MEL11 (Deer Park),VIC,operational,REPORTED,market_research,B,O,capital_cost_aud,Capital cost,S6,S4,research,,,,RG-003 RG-010 RG-011 RG-027 RG-048 RG-051 RG-056,,
SITE_DR_MEL11,Digital Realty MEL11 (Deer Park),VIC,operational,REPORTED,market_research,B,O,construction_jobs,Construction jobs,S6,S4,research,,,,RG-003 RG-010 RG-011 RG-027 RG-048 RG-051 RG-056,,
SITE_DR_MEL11,Digital Realty MEL11 (Deer Park),VIC,operational,REPORTED,market_research,B,O,operational_jobs,Operational jobs,S6,S4,research,,,,RG-003 RG-010 RG-011 RG-027 RG-048 RG-051 RG-056,,
SITE_DR_MEL11,Digital Realty MEL11 (Deer Park),VIC,operational,REPORTED,market_research,B,O,operational_from,Operational from,S4,S6,research,,,,RG-013 RG-024 RG-071 RG-091,,
SITE_DR_MEL11,Digital Realty MEL11 (Deer Park),VIC,operational,REPORTED,market_research,B,O,target_completion,Target completion,S4,S6,research,,,,RG-013 RG-024 RG-071 RG-091,not_applicable,
SITE_EC_EXPANSION,Eastern Creek Data Centre Expansion Project,NSW,approved,VERIFIED,primary_planning_portal,A,P,operator,Operator,S2,S7,research,Blacktown,portal record,RG-045,RG-034 RG-037 RG-053 RG-073,,
SITE_EC_EXPANSION,Eastern Creek Data Centre Expansion Project,NSW,approved,VERIFIED,primary_planning_portal,A,P,proponent,Proponent,S2,S7,research,Blacktown,portal record,RG-045,RG-034 RG-037 RG-053 RG-073,,
SITE_EC_EXPANSION,Eastern Creek Data Centre Expansion Project,NSW,approved,VERIFIED,primary_planning_portal,A,P,total_capacity_mw,Total capacity,S2,,research,Blacktown,portal record,RG-045,RG-034 RG-037 RG-053 RG-073,,
SITE_EC_EXPANSION,Eastern Creek Data Centre Expansion Project,NSW,approved,VERIFIED,primary_planning_portal,A,P,it_capacity_mw,IT capacity,S2,,research,Blacktown,portal record,RG-045,RG-034 RG-037 RG-053 RG-073,,
SITE_EC_EXPANSION,Eastern Creek Data Centre Expansion Project,NSW,approved,VERIFIED,primary_planning_portal,A,P,max_capacity_mw,Maximum capacity,S2,,research,Blacktown,portal record,RG-045,RG-034 RG-037 RG-053 RG-073,,
SITE_EC_EXPANSION,Eastern Creek Data Centre Expansion Project,NSW,approved,VERIFIED,primary_planning_portal,A,P,first_phase_mw,First phase capacity,S2,,research,Blacktown,portal record,RG-045,RG-034 RG-037 RG-053 RG-073,,
SITE_EC_EXPANSION,Eastern Creek Data Centre Expansion Project,NSW,approved,VERIFIED,primary_planning_portal,A,P,live_capacity_mw,Live capacity,S7,,research,Blacktown,portal record,RG-045,RG-017 RG-021 RG-035 RG-036 RG-052 RG-059 RG-064 RG-081,not_applicable,never filled from it_capacity_mw
SITE_EC_EXPANSION,Eastern Creek Data Centre Expansion Project,NSW,approved,VERIFIED,primary_planning_portal,A,P,cooling_type,Cooling type,S2,S7,research,Blacktown,portal record,RG-045,RG-034 RG-037 RG-053 RG-073,,
SITE_EC_EXPANSION,Eastern Creek Data Centre Expansion Project,NSW,approved,VERIFIED,primary_planning_portal,A,P,rack_density_kw,Rack density,S2,S7,research,Blacktown,portal record,RG-045,RG-034 RG-037 RG-053 RG-073,,
SITE_EC_EXPANSION,Eastern Creek Data Centre Expansion Project,NSW,approved,VERIFIED,primary_planning_portal,A,P,grid_connection,Grid connection,S2,S7,research,Blacktown,portal record,RG-045,RG-034 RG-037 RG-053 RG-073,,
SITE_EC_EXPANSION,Eastern Creek Data Centre Expansion Project,NSW,approved,VERIFIED,primary_planning_portal,A,P,water_usage,Water usage,S2,S7,research,Blacktown,portal record,RG-045,RG-034 RG-037 RG-053 RG-073,,
SITE_EC_EXPANSION,Eastern Creek Data Centre Expansion Project,NSW,approved,VERIFIED,primary_planning_portal,A,P,hcf_certified,HCF certification,S3,,research,Blacktown,portal record,RG-045,,not_applicable,not on the HCF register (RG-096)
SITE_EC_EXPANSION,Eastern Creek Data Centre Expansion Project,NSW,approved,VERIFIED,primary_planning_portal,A,P,campus_area_ha,Campus area,S2,,research,Blacktown,portal record,RG-045,RG-034 RG-037 RG-053 RG-073,,
SITE_EC_EXPANSION,Eastern Creek Data Centre Expansion Project,NSW,approved,VERIFIED,primary_planning_portal,A,P,gfa_sqm,Gross floor area,S2,,research,Blacktown,portal record,RG-045,RG-034 RG-037 RG-053 RG-073,,
SITE_EC_EXPANSION,Eastern Creek Data Centre Expansion Project,NSW,approved,VERIFIED,primary_planning_portal,A,P,capital_cost_aud,Capital cost,S2,,research,Blacktown,portal record,RG-045,RG-034 RG-037 RG-053 RG-073,,
SITE_EC_EXPANSION,Eastern Creek Data Centre Expansion Project,NSW,approved,VERIFIED,primary_planning_portal,A,P,construction_jobs,Construction jobs,S2,,research,Blacktown,portal record,RG-045,RG-034 RG-037 RG-053 RG-073,,
SITE_EC_EXPANSION,Eastern Creek Data Centre Expansion Project,NSW,approved,VERIFIED,primary_planning_portal,A,P,operational_jobs,Operational jobs,S2,,research,Blacktown,portal record,RG-045,RG-034 RG-037 RG-053 RG-073,,
SITE_EC_EXPANSION,Eastern Creek Data Centre Expansion Project,NSW,approved,VERIFIED,primary_planning_portal,A,P,operational_from,Operational from,S2,S4,research,Blacktown,portal record,RG-045,RG-034 RG-037 RG-053 RG-073,,
SITE_EC_EXPANSION,Eastern Creek Data Centre Expansion Project,NSW,approved,VERIFIED,primary_planning_portal,A,P,target_completion,Target completion,S2,S4,research,Blacktown,portal record,RG-045,RG-034 RG-037 RG-053 RG-073,,
SITE_EQUINIX_CA1,Equinix CA1 Canberra,ACT,operational,REPORTED,market_research,B,O,proponent,Proponent,S4,S6,research,,,,RG-013 RG-024 RG-071 RG-091,,
SITE_EQUINIX_CA1,Equinix CA1 Canberra,ACT,operational,REPORTED,market_research,B,O,lga,Council,S4,S6,research,,,,RG-013 RG-024 RG-071 RG-091,,
SITE_EQUINIX_CA1,Equinix CA1 Canberra,ACT,operational,REPORTED,market_research,B,O,address,Address,S4,S6,research,,,,RG-013 RG-024 RG-071 RG-091,,
SITE_EQUINIX_CA1,Equinix CA1 Canberra,ACT,operational,REPORTED,market_research,B,O,lat,Coordinates,S4,S6,research,,,,RG-013 RG-024 RG-071 RG-091,,
SITE_EQUINIX_CA1,Equinix CA1 Canberra,ACT,operational,REPORTED,market_research,B,O,total_capacity_mw,Total capacity,S4,S6,research,,,,RG-013 RG-024 RG-071 RG-091,,
SITE_EQUINIX_CA1,Equinix CA1 Canberra,ACT,operational,REPORTED,market_research,B,O,it_capacity_mw,IT capacity,S4,S6,research,,,,RG-013 RG-024 RG-071 RG-091,,
SITE_EQUINIX_CA1,Equinix CA1 Canberra,ACT,operational,REPORTED,market_research,B,O,max_capacity_mw,Maximum capacity,S4,S6,research,,,,RG-013 RG-024 RG-071 RG-091,,
SITE_EQUINIX_CA1,Equinix CA1 Canberra,ACT,operational,REPORTED,market_research,B,O,first_phase_mw,First phase capacity,S4,S6,research,,,,RG-013 RG-024 RG-071 RG-091,,
SITE_EQUINIX_CA1,Equinix CA1 Canberra,ACT,operational,REPORTED,market_research,B,O,live_capacity_mw,Live capacity,S7,,research,,,,RG-017 RG-021 RG-035 RG-036 RG-052 RG-059 RG-064 RG-081,,never filled from it_capacity_mw
SITE_EQUINIX_CA1,Equinix CA1 Canberra,ACT,operational,REPORTED,market_research,B,O,cooling_type,Cooling type,S4,S7,research,,,,RG-013 RG-024 RG-071 RG-091,,
SITE_EQUINIX_CA1,Equinix CA1 Canberra,ACT,operational,REPORTED,market_research,B,O,rack_density_kw,Rack density,S4,S7,research,,,,RG-013 RG-024 RG-071 RG-091,,
SITE_EQUINIX_CA1,Equinix CA1 Canberra,ACT,operational,REPORTED,market_research,B,O,grid_connection,Grid connection,S7,S4,research,,,,RG-017 RG-021 RG-035 RG-036 RG-052 RG-059 RG-064 RG-081,,
SITE_EQUINIX_CA1,Equinix CA1 Canberra,ACT,operational,REPORTED,market_research,B,O,water_usage,Water usage,S7,S4,research,,,,RG-017 RG-021 RG-035 RG-036 RG-052 RG-059 RG-064 RG-081,,
SITE_EQUINIX_CA1,Equinix CA1 Canberra,ACT,operational,REPORTED,market_research,B,O,campus_area_ha,Campus area,S6,S4,research,,,,RG-003 RG-010 RG-011 RG-027 RG-048 RG-051 RG-056,,
SITE_EQUINIX_CA1,Equinix CA1 Canberra,ACT,operational,REPORTED,market_research,B,O,gfa_sqm,Gross floor area,S6,S4,research,,,,RG-003 RG-010 RG-011 RG-027 RG-048 RG-051 RG-056,,
SITE_EQUINIX_CA1,Equinix CA1 Canberra,ACT,operational,REPORTED,market_research,B,O,capital_cost_aud,Capital cost,S6,S4,research,,,,RG-003 RG-010 RG-011 RG-027 RG-048 RG-051 RG-056,,
SITE_EQUINIX_CA1,Equinix CA1 Canberra,ACT,operational,REPORTED,market_research,B,O,construction_jobs,Construction jobs,S6,S4,research,,,,RG-003 RG-010 RG-011 RG-027 RG-048 RG-051 RG-056,,
SITE_EQUINIX_CA1,Equinix CA1 Canberra,ACT,operational,REPORTED,market_research,B,O,operational_jobs,Operational jobs,S6,S4,research,,,,RG-003 RG-010 RG-011 RG-027 RG-048 RG-051 RG-056,,
SITE_EQUINIX_CA1,Equinix CA1 Canberra,ACT,operational,REPORTED,market_research,B,O,operational_from,Operational from,S4,S6,research,,,,RG-013 RG-024 RG-071 RG-091,,
SITE_EQUINIX_CA1,Equinix CA1 Canberra,ACT,operational,REPORTED,market_research,B,O,target_completion,Target completion,S4,S6,research,,,,RG-013 RG-024 RG-071 RG-091,not_applicable,
SITE_EQUINIX_MEL,"Equinix Melbourne (ME1, ME2, ME4)",VIC,operational,REPORTED,market_research,B,O,proponent,Proponent,S4,S6,research,,,,RG-013 RG-024 RG-071 RG-091,,
SITE_EQUINIX_MEL,"Equinix Melbourne (ME1, ME2, ME4)",VIC,operational,REPORTED,market_research,B,O,lga,Council,S4,S6,research,,,,RG-013 RG-024 RG-071 RG-091,,
SITE_EQUINIX_MEL,"Equinix Melbourne (ME1, ME2, ME4)",VIC,operational,REPORTED,market_research,B,O,address,Address,S4,S6,research,,,,RG-013 RG-024 RG-071 RG-091,,
SITE_EQUINIX_MEL,"Equinix Melbourne (ME1, ME2, ME4)",VIC,operational,REPORTED,market_research,B,O,lat,Coordinates,S4,S6,research,,,,RG-013 RG-024 RG-071 RG-091,,
SITE_EQUINIX_MEL,"Equinix Melbourne (ME1, ME2, ME4)",VIC,operational,REPORTED,market_research,B,O,total_capacity_mw,Total capacity,S4,S6,research,,,,RG-013 RG-024 RG-071 RG-091,,
SITE_EQUINIX_MEL,"Equinix Melbourne (ME1, ME2, ME4)",VIC,operational,REPORTED,market_research,B,O,it_capacity_mw,IT capacity,S4,S6,research,,,,RG-013 RG-024 RG-071 RG-091,,
SITE_EQUINIX_MEL,"Equinix Melbourne (ME1, ME2, ME4)",VIC,operational,REPORTED,market_research,B,O,max_capacity_mw,Maximum capacity,S4,S6,research,,,,RG-013 RG-024 RG-071 RG-091,,
SITE_EQUINIX_MEL,"Equinix Melbourne (ME1, ME2, ME4)",VIC,operational,REPORTED,market_research,B,O,first_phase_mw,First phase capacity,S4,S6,research,,,,RG-013 RG-024 RG-071 RG-091,,
SITE_EQUINIX_MEL,"Equinix Melbourne (ME1, ME2, ME4)",VIC,operational,REPORTED,market_research,B,O,live_capacity_mw,Live capacity,S7,,research,,,,RG-017 RG-021 RG-035 RG-036 RG-052 RG-059 RG-064 RG-081,,never filled from it_capacity_mw
SITE_EQUINIX_MEL,"Equinix Melbourne (ME1, ME2, ME4)",VIC,operational,REPORTED,market_research,B,O,cooling_type,Cooling type,S4,S7,research,,,,RG-013 RG-024 RG-071 RG-091,,
SITE_EQUINIX_MEL,"Equinix Melbourne (ME1, ME2, ME4)",VIC,operational,REPORTED,market_research,B,O,rack_density_kw,Rack density,S4,S7,research,,,,RG-013 RG-024 RG-071 RG-091,,
SITE_EQUINIX_MEL,"Equinix Melbourne (ME1, ME2, ME4)",VIC,operational,REPORTED,market_research,B,O,grid_connection,Grid connection,S7,S4,research,,,,RG-017 RG-021 RG-035 RG-036 RG-052 RG-059 RG-064 RG-081,,
SITE_EQUINIX_MEL,"Equinix Melbourne (ME1, ME2, ME4)",VIC,operational,REPORTED,market_research,B,O,water_usage,Water usage,S7,S4,research,,,,RG-017 RG-021 RG-035 RG-036 RG-052 RG-059 RG-064 RG-081,,
SITE_EQUINIX_MEL,"Equinix Melbourne (ME1, ME2, ME4)",VIC,operational,REPORTED,market_research,B,O,campus_area_ha,Campus area,S6,S4,research,,,,RG-003 RG-010 RG-011 RG-027 RG-048 RG-051 RG-056,,
SITE_EQUINIX_MEL,"Equinix Melbourne (ME1, ME2, ME4)",VIC,operational,REPORTED,market_research,B,O,gfa_sqm,Gross floor area,S6,S4,research,,,,RG-003 RG-010 RG-011 RG-027 RG-048 RG-051 RG-056,,
SITE_EQUINIX_MEL,"Equinix Melbourne (ME1, ME2, ME4)",VIC,operational,REPORTED,market_research,B,O,capital_cost_aud,Capital cost,S6,S4,research,,,,RG-003 RG-010 RG-011 RG-027 RG-048 RG-051 RG-056,,
SITE_EQUINIX_MEL,"Equinix Melbourne (ME1, ME2, ME4)",VIC,operational,REPORTED,market_research,B,O,construction_jobs,Construction jobs,S6,S4,research,,,,RG-003 RG-010 RG-011 RG-027 RG-048 RG-051 RG-056,,
SITE_EQUINIX_MEL,"Equinix Melbourne (ME1, ME2, ME4)",VIC,operational,REPORTED,market_research,B,O,operational_jobs,Operational jobs,S6,S4,research,,,,RG-003 RG-010 RG-011 RG-027 RG-048 RG-051 RG-056,,
SITE_EQUINIX_MEL,"Equinix Melbourne (ME1, ME2, ME4)",VIC,operational,REPORTED,market_research,B,O,operational_from,Operational from,S4,S6,research,,,,RG-013 RG-024 RG-071 RG-091,,
SITE_EQUINIX_MEL,"Equinix Melbourne (ME1, ME2, ME4)",VIC,operational,REPORTED,market_research,B,O,target_completion,Target completion,S4,S6,research,,,,RG-013 RG-024 RG-071 RG-091,not_applicable,
SITE_EQUINIX_PER,"Equinix Perth (PE2, PE3)",WA,operational,REPORTED,market_research,B,O,proponent,Proponent,S4,S6,research,,,,RG-013 RG-024 RG-071 RG-091,,
SITE_EQUINIX_PER,"Equinix Perth (PE2, PE3)",WA,operational,REPORTED,market_research,B,O,lga,Council,S4,S6,research,,,,RG-013 RG-024 RG-071 RG-091,,
SITE_EQUINIX_PER,"Equinix Perth (PE2, PE3)",WA,operational,REPORTED,market_research,B,O,address,Address,S4,S6,research,,,,RG-013 RG-024 RG-071 RG-091,,
SITE_EQUINIX_PER,"Equinix Perth (PE2, PE3)",WA,operational,REPORTED,market_research,B,O,lat,Coordinates,S4,S6,research,,,,RG-013 RG-024 RG-071 RG-091,,
SITE_EQUINIX_PER,"Equinix Perth (PE2, PE3)",WA,operational,REPORTED,market_research,B,O,total_capacity_mw,Total capacity,S4,S6,research,,,,RG-013 RG-024 RG-071 RG-091,,
SITE_EQUINIX_PER,"Equinix Perth (PE2, PE3)",WA,operational,REPORTED,market_research,B,O,it_capacity_mw,IT capacity,S4,S6,research,,,,RG-013 RG-024 RG-071 RG-091,,
SITE_EQUINIX_PER,"Equinix Perth (PE2, PE3)",WA,operational,REPORTED,market_research,B,O,max_capacity_mw,Maximum capacity,S4,S6,research,,,,RG-013 RG-024 RG-071 RG-091,,
SITE_EQUINIX_PER,"Equinix Perth (PE2, PE3)",WA,operational,REPORTED,market_research,B,O,first_phase_mw,First phase capacity,S4,S6,research,,,,RG-013 RG-024 RG-071 RG-091,,
SITE_EQUINIX_PER,"Equinix Perth (PE2, PE3)",WA,operational,REPORTED,market_research,B,O,live_capacity_mw,Live capacity,S7,,research,,,,RG-017 RG-021 RG-035 RG-036 RG-052 RG-059 RG-064 RG-081,,never filled from it_capacity_mw
SITE_EQUINIX_PER,"Equinix Perth (PE2, PE3)",WA,operational,REPORTED,market_research,B,O,cooling_type,Cooling type,S4,S7,research,,,,RG-013 RG-024 RG-071 RG-091,,
SITE_EQUINIX_PER,"Equinix Perth (PE2, PE3)",WA,operational,REPORTED,market_research,B,O,rack_density_kw,Rack density,S4,S7,research,,,,RG-013 RG-024 RG-071 RG-091,,
SITE_EQUINIX_PER,"Equinix Perth (PE2, PE3)",WA,operational,REPORTED,market_research,B,O,grid_connection,Grid connection,S7,S4,research,,,,RG-017 RG-021 RG-035 RG-036 RG-052 RG-059 RG-064 RG-081,,
SITE_EQUINIX_PER,"Equinix Perth (PE2, PE3)",WA,operational,REPORTED,market_research,B,O,water_usage,Water usage,S7,S4,research,,,,RG-017 RG-021 RG-035 RG-036 RG-052 RG-059 RG-064 RG-081,,
SITE_EQUINIX_PER,"Equinix Perth (PE2, PE3)",WA,operational,REPORTED,market_research,B,O,campus_area_ha,Campus area,S6,S4,research,,,,RG-003 RG-010 RG-011 RG-027 RG-048 RG-051 RG-056,,
SITE_EQUINIX_PER,"Equinix Perth (PE2, PE3)",WA,operational,REPORTED,market_research,B,O,gfa_sqm,Gross floor area,S6,S4,research,,,,RG-003 RG-010 RG-011 RG-027 RG-048 RG-051 RG-056,,
SITE_EQUINIX_PER,"Equinix Perth (PE2, PE3)",WA,operational,REPORTED,market_research,B,O,capital_cost_aud,Capital cost,S6,S4,research,,,,RG-003 RG-010 RG-011 RG-027 RG-048 RG-051 RG-056,,
SITE_EQUINIX_PER,"Equinix Perth (PE2, PE3)",WA,operational,REPORTED,market_research,B,O,construction_jobs,Construction jobs,S6,S4,research,,,,RG-003 RG-010 RG-011 RG-027 RG-048 RG-051 RG-056,,
SITE_EQUINIX_PER,"Equinix Perth (PE2, PE3)",WA,operational,REPORTED,market_research,B,O,operational_jobs,Operational jobs,S6,S4,research,,,,RG-003 RG-010 RG-011 RG-027 RG-048 RG-051 RG-056,,
SITE_EQUINIX_PER,"Equinix Perth (PE2, PE3)",WA,operational,REPORTED,market_research,B,O,operational_from,Operational from,S4,S6,research,,,,RG-013 RG-024 RG-071 RG-091,,
SITE_EQUINIX_PER,"Equinix Perth (PE2, PE3)",WA,operational,REPORTED,market_research,B,O,target_completion,Target completion,S4,S6,research,,,,RG-013 RG-024 RG-071 RG-091,not_applicable,
SITE_EQUINIX_SYD,Equinix Sydney (SY3-SY7),NSW,operational,REPORTED,market_research,B,O,proponent,Proponent,S4,S7,research,,,,RG-013 RG-024 RG-071 RG-091,,
SITE_EQUINIX_SYD,Equinix Sydney (SY3-SY7),NSW,operational,REPORTED,market_research,B,O,lga,Council,S4,,research,,,,RG-013 RG-024 RG-071 RG-091,,
SITE_EQUINIX_SYD,Equinix Sydney (SY3-SY7),NSW,operational,REPORTED,market_research,B,O,address,Address,S4,,research,,,,RG-013 RG-024 RG-071 RG-091,,
SITE_EQUINIX_SYD,Equinix Sydney (SY3-SY7),NSW,operational,REPORTED,market_research,B,O,lat,Coordinates,S4,,research,,,,RG-013 RG-024 RG-071 RG-091,,
SITE_EQUINIX_SYD,Equinix Sydney (SY3-SY7),NSW,operational,REPORTED,market_research,B,O,total_capacity_mw,Total capacity,S4,,research,,,,RG-013 RG-024 RG-071 RG-091,,
SITE_EQUINIX_SYD,Equinix Sydney (SY3-SY7),NSW,operational,REPORTED,market_research,B,O,it_capacity_mw,IT capacity,S4,,research,,,,RG-013 RG-024 RG-071 RG-091,,
SITE_EQUINIX_SYD,Equinix Sydney (SY3-SY7),NSW,operational,REPORTED,market_research,B,O,max_capacity_mw,Maximum capacity,S4,,research,,,,RG-013 RG-024 RG-071 RG-091,,
SITE_EQUINIX_SYD,Equinix Sydney (SY3-SY7),NSW,operational,REPORTED,market_research,B,O,first_phase_mw,First phase capacity,S4,,research,,,,RG-013 RG-024 RG-071 RG-091,,
SITE_EQUINIX_SYD,Equinix Sydney (SY3-SY7),NSW,operational,REPORTED,market_research,B,O,live_capacity_mw,Live capacity,S7,,research,,,,RG-017 RG-021 RG-035 RG-036 RG-052 RG-059 RG-064 RG-081,,never filled from it_capacity_mw
SITE_EQUINIX_SYD,Equinix Sydney (SY3-SY7),NSW,operational,REPORTED,market_research,B,O,cooling_type,Cooling type,S4,S7,research,,,,RG-013 RG-024 RG-071 RG-091,,
SITE_EQUINIX_SYD,Equinix Sydney (SY3-SY7),NSW,operational,REPORTED,market_research,B,O,rack_density_kw,Rack density,S4,S7,research,,,,RG-013 RG-024 RG-071 RG-091,,
SITE_EQUINIX_SYD,Equinix Sydney (SY3-SY7),NSW,operational,REPORTED,market_research,B,O,grid_connection,Grid connection,S7,S4,research,,,,RG-017 RG-021 RG-035 RG-036 RG-052 RG-059 RG-064 RG-081,,
SITE_EQUINIX_SYD,Equinix Sydney (SY3-SY7),NSW,operational,REPORTED,market_research,B,O,water_usage,Water usage,S7,S4,research,,,,RG-017 RG-021 RG-035 RG-036 RG-052 RG-059 RG-064 RG-081,,
SITE_EQUINIX_SYD,Equinix Sydney (SY3-SY7),NSW,operational,REPORTED,market_research,B,O,campus_area_ha,Campus area,S4,,research,,,,RG-013 RG-024 RG-071 RG-091,,
SITE_EQUINIX_SYD,Equinix Sydney (SY3-SY7),NSW,operational,REPORTED,market_research,B,O,gfa_sqm,Gross floor area,S4,,research,,,,RG-013 RG-024 RG-071 RG-091,,
SITE_EQUINIX_SYD,Equinix Sydney (SY3-SY7),NSW,operational,REPORTED,market_research,B,O,capital_cost_aud,Capital cost,S4,,research,,,,RG-013 RG-024 RG-071 RG-091,,
SITE_EQUINIX_SYD,Equinix Sydney (SY3-SY7),NSW,operational,REPORTED,market_research,B,O,construction_jobs,Construction jobs,S4,,research,,,,RG-013 RG-024 RG-071 RG-091,,
SITE_EQUINIX_SYD,Equinix Sydney (SY3-SY7),NSW,operational,REPORTED,market_research,B,O,operational_jobs,Operational jobs,S4,,research,,,,RG-013 RG-024 RG-071 RG-091,,
SITE_EQUINIX_SYD,Equinix Sydney (SY3-SY7),NSW,operational,REPORTED,market_research,B,O,operational_from,Operational from,S4,,research,,,,RG-013 RG-024 RG-071 RG-091,,
SITE_EQUINIX_SYD,Equinix Sydney (SY3-SY7),NSW,operational,REPORTED,market_research,B,O,target_completion,Target completion,S4,,research,,,,RG-013 RG-024 RG-071 RG-091,not_applicable,
SITE_FREDERICK_ST,Frederick Street Data Centre,NSW,pre_lodgement,VERIFIED,primary_planning_portal,A,P,operator,Operator,S2,S7,research,,portal record,,RG-034 RG-037 RG-053 RG-073,,
SITE_FREDERICK_ST,Frederick Street Data Centre,NSW,pre_lodgement,VERIFIED,primary_planning_portal,A,P,proponent,Proponent,S2,S7,research,,portal record,,RG-034 RG-037 RG-053 RG-073,,
SITE_FREDERICK_ST,Frederick Street Data Centre,NSW,pre_lodgement,VERIFIED,primary_planning_portal,A,P,total_capacity_mw,Total capacity,S2,,research,,portal record,,RG-034 RG-037 RG-053 RG-073,,
SITE_FREDERICK_ST,Frederick Street Data Centre,NSW,pre_lodgement,VERIFIED,primary_planning_portal,A,P,first_phase_mw,First phase capacity,S2,,research,,portal record,,RG-034 RG-037 RG-053 RG-073,,
SITE_FREDERICK_ST,Frederick Street Data Centre,NSW,pre_lodgement,VERIFIED,primary_planning_portal,A,P,live_capacity_mw,Live capacity,S7,,research,,portal record,,RG-017 RG-021 RG-035 RG-036 RG-052 RG-059 RG-064 RG-081,not_applicable,never filled from it_capacity_mw
SITE_FREDERICK_ST,Frederick Street Data Centre,NSW,pre_lodgement,VERIFIED,primary_planning_portal,A,P,cooling_type,Cooling type,S2,S7,research,,portal record,,RG-034 RG-037 RG-053 RG-073,,
SITE_FREDERICK_ST,Frederick Street Data Centre,NSW,pre_lodgement,VERIFIED,primary_planning_portal,A,P,rack_density_kw,Rack density,S2,S7,research,,portal record,,RG-034 RG-037 RG-053 RG-073,,
SITE_FREDERICK_ST,Frederick Street Data Centre,NSW,pre_lodgement,VERIFIED,primary_planning_portal,A,P,grid_connection,Grid connection,S2,S7,research,,portal record,,RG-034 RG-037 RG-053 RG-073,,
SITE_FREDERICK_ST,Frederick Street Data Centre,NSW,pre_lodgement,VERIFIED,primary_planning_portal,A,P,water_usage,Water usage,S2,S7,research,,portal record,,RG-034 RG-037 RG-053 RG-073,,
SITE_FREDERICK_ST,Frederick Street Data Centre,NSW,pre_lodgement,VERIFIED,primary_planning_portal,A,P,hcf_certified,HCF certification,S3,,research,,portal record,,,not_applicable,not on the HCF register (RG-096)
SITE_FREDERICK_ST,Frederick Street Data Centre,NSW,pre_lodgement,VERIFIED,primary_planning_portal,A,P,campus_area_ha,Campus area,S2,,research,,portal record,,RG-034 RG-037 RG-053 RG-073,,
SITE_FREDERICK_ST,Frederick Street Data Centre,NSW,pre_lodgement,VERIFIED,primary_planning_portal,A,P,gfa_sqm,Gross floor area,S2,,research,,portal record,,RG-034 RG-037 RG-053 RG-073,,
SITE_FREDERICK_ST,Frederick Street Data Centre,NSW,pre_lodgement,VERIFIED,primary_planning_portal,A,P,capital_cost_aud,Capital cost,S2,,research,,portal record,,RG-034 RG-037 RG-053 RG-073,,
SITE_FREDERICK_ST,Frederick Street Data Centre,NSW,pre_lodgement,VERIFIED,primary_planning_portal,A,P,construction_jobs,Construction jobs,S2,,research,,portal record,,RG-034 RG-037 RG-053 RG-073,,
SITE_FREDERICK_ST,Frederick Street Data Centre,NSW,pre_lodgement,VERIFIED,primary_planning_portal,A,P,operational_jobs,Operational jobs,S2,,research,,portal record,,RG-034 RG-037 RG-053 RG-073,,
SITE_FREDERICK_ST,Frederick Street Data Centre,NSW,pre_lodgement,VERIFIED,primary_planning_portal,A,P,operational_from,Operational from,S2,S4,research,,portal record,,RG-034 RG-037 RG-053 RG-073,,
SITE_FREDERICK_ST,Frederick Street Data Centre,NSW,pre_lodgement,VERIFIED,primary_planning_portal,A,P,target_completion,Target completion,S2,S4,research,,portal record,,RG-034 RG-037 RG-053 RG-073,,
SITE_GLENDENNING,Glendenning Road Data Centre,NSW,approved,VERIFIED,primary_planning_portal,A,P,operator,Operator,S2,S7,research,Blacktown,portal record; consent text,RG-037 RG-039,RG-034 RG-037 RG-053 RG-073,,
SITE_GLENDENNING,Glendenning Road Data Centre,NSW,approved,VERIFIED,primary_planning_portal,A,P,it_capacity_mw,IT capacity,S2,,research,Blacktown,portal record; consent text,RG-037 RG-039,RG-034 RG-037 RG-053 RG-073,,
SITE_GLENDENNING,Glendenning Road Data Centre,NSW,approved,VERIFIED,primary_planning_portal,A,P,first_phase_mw,First phase capacity,S2,,research,Blacktown,portal record; consent text,RG-037 RG-039,RG-034 RG-037 RG-053 RG-073,,
SITE_GLENDENNING,Glendenning Road Data Centre,NSW,approved,VERIFIED,primary_planning_portal,A,P,live_capacity_mw,Live capacity,S7,,research,Blacktown,portal record; consent text,RG-037 RG-039,RG-017 RG-021 RG-035 RG-036 RG-052 RG-059 RG-064 RG-081,not_applicable,never filled from it_capacity_mw
SITE_GLENDENNING,Glendenning Road Data Centre,NSW,approved,VERIFIED,primary_planning_portal,A,P,cooling_type,Cooling type,S2,S7,research,Blacktown,portal record; consent text,RG-037 RG-039,RG-034 RG-037 RG-053 RG-073,,
SITE_GLENDENNING,Glendenning Road Data Centre,NSW,approved,VERIFIED,primary_planning_portal,A,P,rack_density_kw,Rack density,S2,S7,research,Blacktown,portal record; consent text,RG-037 RG-039,RG-034 RG-037 RG-053 RG-073,,
SITE_GLENDENNING,Glendenning Road Data Centre,NSW,approved,VERIFIED,primary_planning_portal,A,P,grid_connection,Grid connection,LOADER,,in pipeline,Blacktown,portal record; consent text,RG-037 RG-039,,,power_profile.connection_type holds a value; the loader does not map it
SITE_GLENDENNING,Glendenning Road Data Centre,NSW,approved,VERIFIED,primary_planning_portal,A,P,water_usage,Water usage,S2,S7,research,Blacktown,portal record; consent text,RG-037 RG-039,RG-034 RG-037 RG-053 RG-073,,
SITE_GLENDENNING,Glendenning Road Data Centre,NSW,approved,VERIFIED,primary_planning_portal,A,P,hcf_certified,HCF certification,S3,,research,Blacktown,portal record; consent text,RG-037 RG-039,,not_applicable,stored as the string 'unknown'; not on the HCF register (RG-096)
SITE_GLENDENNING,Glendenning Road Data Centre,NSW,approved,VERIFIED,primary_planning_portal,A,P,campus_area_ha,Campus area,S2,,research,Blacktown,portal record; consent text,RG-037 RG-039,RG-034 RG-037 RG-053 RG-073,,
SITE_GLENDENNING,Glendenning Road Data Centre,NSW,approved,VERIFIED,primary_planning_portal,A,P,gfa_sqm,Gross floor area,S2,,research,Blacktown,portal record; consent text,RG-037 RG-039,RG-034 RG-037 RG-053 RG-073,,
SITE_GLENDENNING,Glendenning Road Data Centre,NSW,approved,VERIFIED,primary_planning_portal,A,P,capital_cost_aud,Capital cost,S2,,research,Blacktown,portal record; consent text,RG-037 RG-039,RG-034 RG-037 RG-053 RG-073,,
SITE_GLENDENNING,Glendenning Road Data Centre,NSW,approved,VERIFIED,primary_planning_portal,A,P,construction_jobs,Construction jobs,S2,,research,Blacktown,portal record; consent text,RG-037 RG-039,RG-034 RG-037 RG-053 RG-073,,
SITE_GLENDENNING,Glendenning Road Data Centre,NSW,approved,VERIFIED,primary_planning_portal,A,P,operational_jobs,Operational jobs,S2,,research,Blacktown,portal record; consent text,RG-037 RG-039,RG-034 RG-037 RG-053 RG-073,,
SITE_GLENDENNING,Glendenning Road Data Centre,NSW,approved,VERIFIED,primary_planning_portal,A,P,operational_from,Operational from,S2,S4,research,Blacktown,portal record; consent text,RG-037 RG-039,RG-034 RG-037 RG-053 RG-073,,
SITE_GLENDENNING,Glendenning Road Data Centre,NSW,approved,VERIFIED,primary_planning_portal,A,P,target_completion,Target completion,S2,S4,research,Blacktown,portal record; consent text,RG-037 RG-039,RG-034 RG-037 RG-053 RG-073,,
SITE_GRAND_AVE,"Grand Avenue Data Centre Expansion, Rosehill",NSW,approved,VERIFIED,primary_planning_portal,A,P,total_capacity_mw,Total capacity,S2,,research,,portal record; consent text,,RG-034 RG-037 RG-053 RG-073,,
SITE_GRAND_AVE,"Grand Avenue Data Centre Expansion, Rosehill",NSW,approved,VERIFIED,primary_planning_portal,A,P,it_capacity_mw,IT capacity,S2,,research,,portal record; consent text,,RG-034 RG-037 RG-053 RG-073,,
SITE_GRAND_AVE,"Grand Avenue Data Centre Expansion, Rosehill",NSW,approved,VERIFIED,primary_planning_portal,A,P,max_capacity_mw,Maximum capacity,S2,,research,,portal record; consent text,,RG-034 RG-037 RG-053 RG-073,,
SITE_GRAND_AVE,"Grand Avenue Data Centre Expansion, Rosehill",NSW,approved,VERIFIED,primary_planning_portal,A,P,first_phase_mw,First phase capacity,S2,,research,,portal record; consent text,,RG-034 RG-037 RG-053 RG-073,,
SITE_GRAND_AVE,"Grand Avenue Data Centre Expansion, Rosehill",NSW,approved,VERIFIED,primary_planning_portal,A,P,live_capacity_mw,Live capacity,S7,,research,,portal record; consent text,,RG-017 RG-021 RG-035 RG-036 RG-052 RG-059 RG-064 RG-081,not_applicable,never filled from it_capacity_mw
SITE_GRAND_AVE,"Grand Avenue Data Centre Expansion, Rosehill",NSW,approved,VERIFIED,primary_planning_portal,A,P,cooling_type,Cooling type,S2,S7,research,,portal record; consent text,,RG-034 RG-037 RG-053 RG-073,,
SITE_GRAND_AVE,"Grand Avenue Data Centre Expansion, Rosehill",NSW,approved,VERIFIED,primary_planning_portal,A,P,rack_density_kw,Rack density,S2,S7,research,,portal record; consent text,,RG-034 RG-037 RG-053 RG-073,,
SITE_GRAND_AVE,"Grand Avenue Data Centre Expansion, Rosehill",NSW,approved,VERIFIED,primary_planning_portal,A,P,grid_connection,Grid connection,LOADER,,in pipeline,,portal record; consent text,,,,power_profile.connection_type holds a value; the loader does not map it
SITE_GRAND_AVE,"Grand Avenue Data Centre Expansion, Rosehill",NSW,approved,VERIFIED,primary_planning_portal,A,P,water_usage,Water usage,S2,S7,research,,portal record; consent text,,RG-034 RG-037 RG-053 RG-073,,
SITE_GRAND_AVE,"Grand Avenue Data Centre Expansion, Rosehill",NSW,approved,VERIFIED,primary_planning_portal,A,P,hcf_certified,HCF certification,S3,,research,,portal record; consent text,,,not_applicable,not on the HCF register (RG-096)
SITE_GRAND_AVE,"Grand Avenue Data Centre Expansion, Rosehill",NSW,approved,VERIFIED,primary_planning_portal,A,P,campus_area_ha,Campus area,S2,,research,,portal record; consent text,,RG-034 RG-037 RG-053 RG-073,,
SITE_GRAND_AVE,"Grand Avenue Data Centre Expansion, Rosehill",NSW,approved,VERIFIED,primary_planning_portal,A,P,gfa_sqm,Gross floor area,S2,,research,,portal record; consent text,,RG-034 RG-037 RG-053 RG-073,,
SITE_GRAND_AVE,"Grand Avenue Data Centre Expansion, Rosehill",NSW,approved,VERIFIED,primary_planning_portal,A,P,capital_cost_aud,Capital cost,S2,,research,,portal record; consent text,,RG-034 RG-037 RG-053 RG-073,,
SITE_GRAND_AVE,"Grand Avenue Data Centre Expansion, Rosehill",NSW,approved,VERIFIED,primary_planning_portal,A,P,construction_jobs,Construction jobs,S2,,research,,portal record; consent text,,RG-034 RG-037 RG-053 RG-073,,
SITE_GRAND_AVE,"Grand Avenue Data Centre Expansion, Rosehill",NSW,approved,VERIFIED,primary_planning_portal,A,P,operational_jobs,Operational jobs,S2,,research,,portal record; consent text,,RG-034 RG-037 RG-053 RG-073,,
SITE_GRAND_AVE,"Grand Avenue Data Centre Expansion, Rosehill",NSW,approved,VERIFIED,primary_planning_portal,A,P,operational_from,Operational from,S2,S4,research,,portal record; consent text,,RG-034 RG-037 RG-053 RG-073,,
SITE_GRAND_AVE,"Grand Avenue Data Centre Expansion, Rosehill",NSW,approved,VERIFIED,primary_planning_portal,A,P,target_completion,Target completion,S2,S4,research,,portal record; consent text,,RG-034 RG-037 RG-053 RG-073,,
SITE_GSDC_SYD1S2,GreenSquare DC SYD1 (Stage 2),NSW,lodged,VERIFIED,primary_government,A,O,address,Address,S4,,research,,,,RG-013 RG-024 RG-071 RG-091,,
SITE_GSDC_SYD1S2,GreenSquare DC SYD1 (Stage 2),NSW,lodged,VERIFIED,primary_government,A,O,lat,Coordinates,S4,,research,,,,RG-013 RG-024 RG-071 RG-091,,
SITE_GSDC_SYD1S2,GreenSquare DC SYD1 (Stage 2),NSW,lodged,VERIFIED,primary_government,A,O,total_capacity_mw,Total capacity,S4,,research,,,,RG-013 RG-024 RG-071 RG-091,,
SITE_GSDC_SYD1S2,GreenSquare DC SYD1 (Stage 2),NSW,lodged,VERIFIED,primary_government,A,O,it_capacity_mw,IT capacity,S4,,research,,,,RG-013 RG-024 RG-071 RG-091,,
SITE_GSDC_SYD1S2,GreenSquare DC SYD1 (Stage 2),NSW,lodged,VERIFIED,primary_government,A,O,max_capacity_mw,Maximum capacity,S4,,research,,,,RG-013 RG-024 RG-071 RG-091,,
SITE_GSDC_SYD1S2,GreenSquare DC SYD1 (Stage 2),NSW,lodged,VERIFIED,primary_government,A,O,first_phase_mw,First phase capacity,S4,,research,,,,RG-013 RG-024 RG-071 RG-091,,
SITE_GSDC_SYD1S2,GreenSquare DC SYD1 (Stage 2),NSW,lodged,VERIFIED,primary_government,A,O,live_capacity_mw,Live capacity,S7,,research,,,,RG-017 RG-021 RG-035 RG-036 RG-052 RG-059 RG-064 RG-081,not_applicable,never filled from it_capacity_mw
SITE_GSDC_SYD1S2,GreenSquare DC SYD1 (Stage 2),NSW,lodged,VERIFIED,primary_government,A,O,cooling_type,Cooling type,S4,S7,research,,,,RG-013 RG-024 RG-071 RG-091,,
SITE_GSDC_SYD1S2,GreenSquare DC SYD1 (Stage 2),NSW,lodged,VERIFIED,primary_government,A,O,rack_density_kw,Rack density,S4,S7,research,,,,RG-013 RG-024 RG-071 RG-091,,
SITE_GSDC_SYD1S2,GreenSquare DC SYD1 (Stage 2),NSW,lodged,VERIFIED,primary_government,A,O,grid_connection,Grid connection,S7,S4,research,,,,RG-017 RG-021 RG-035 RG-036 RG-052 RG-059 RG-064 RG-081,,
SITE_GSDC_SYD1S2,GreenSquare DC SYD1 (Stage 2),NSW,lodged,VERIFIED,primary_government,A,O,water_usage,Water usage,S7,S4,research,,,,RG-017 RG-021 RG-035 RG-036 RG-052 RG-059 RG-064 RG-081,,
SITE_GSDC_SYD1S2,GreenSquare DC SYD1 (Stage 2),NSW,lodged,VERIFIED,primary_government,A,O,hcf_certified,HCF certification,S3,,research,,,,,not_applicable,stored as the string 'unknown'; not on the HCF register (RG-096)
SITE_GSDC_SYD1S2,GreenSquare DC SYD1 (Stage 2),NSW,lodged,VERIFIED,primary_government,A,O,campus_area_ha,Campus area,S4,,research,,,,RG-013 RG-024 RG-071 RG-091,,
SITE_GSDC_SYD1S2,GreenSquare DC SYD1 (Stage 2),NSW,lodged,VERIFIED,primary_government,A,O,gfa_sqm,Gross floor area,S4,,research,,,,RG-013 RG-024 RG-071 RG-091,,
SITE_GSDC_SYD1S2,GreenSquare DC SYD1 (Stage 2),NSW,lodged,VERIFIED,primary_government,A,O,capital_cost_aud,Capital cost,S4,,research,,,,RG-013 RG-024 RG-071 RG-091,,
SITE_GSDC_SYD1S2,GreenSquare DC SYD1 (Stage 2),NSW,lodged,VERIFIED,primary_government,A,O,construction_jobs,Construction jobs,S4,,research,,,,RG-013 RG-024 RG-071 RG-091,,
SITE_GSDC_SYD1S2,GreenSquare DC SYD1 (Stage 2),NSW,lodged,VERIFIED,primary_government,A,O,operational_jobs,Operational jobs,S4,,research,,,,RG-013 RG-024 RG-071 RG-091,,
SITE_GSDC_SYD1S2,GreenSquare DC SYD1 (Stage 2),NSW,lodged,VERIFIED,primary_government,A,O,operational_from,Operational from,S4,,research,,,,RG-013 RG-024 RG-071 RG-091,,
SITE_GSDC_SYD1S2,GreenSquare DC SYD1 (Stage 2),NSW,lodged,VERIFIED,primary_government,A,O,target_completion,Target completion,S4,,research,,,,RG-013 RG-024 RG-071 RG-091,,
SITE_MSFT_HONEMAN,Honeman Close Data Centre,NSW,lodged,VERIFIED,primary_planning_portal,A,P,proponent,Proponent,S2,S7,research,Blacktown,portal record,RG-013,RG-034 RG-037 RG-053 RG-073,,
SITE_MSFT_HONEMAN,Honeman Close Data Centre,NSW,lodged,VERIFIED,primary_planning_portal,A,P,total_capacity_mw,Total capacity,S2,,research,Blacktown,portal record,RG-013,RG-034 RG-037 RG-053 RG-073,,
SITE_MSFT_HONEMAN,Honeman Close Data Centre,NSW,lodged,VERIFIED,primary_planning_portal,A,P,first_phase_mw,First phase capacity,S2,,research,Blacktown,portal record,RG-013,RG-034 RG-037 RG-053 RG-073,,
SITE_MSFT_HONEMAN,Honeman Close Data Centre,NSW,lodged,VERIFIED,primary_planning_portal,A,P,live_capacity_mw,Live capacity,S7,,research,Blacktown,portal record,RG-013,RG-017 RG-021 RG-035 RG-036 RG-052 RG-059 RG-064 RG-081,not_applicable,never filled from it_capacity_mw
SITE_MSFT_HONEMAN,Honeman Close Data Centre,NSW,lodged,VERIFIED,primary_planning_portal,A,P,cooling_type,Cooling type,S2,S7,research,Blacktown,portal record,RG-013,RG-034 RG-037 RG-053 RG-073,,
SITE_MSFT_HONEMAN,Honeman Close Data Centre,NSW,lodged,VERIFIED,primary_planning_portal,A,P,rack_density_kw,Rack density,S2,S7,research,Blacktown,portal record,RG-013,RG-034 RG-037 RG-053 RG-073,,
SITE_MSFT_HONEMAN,Honeman Close Data Centre,NSW,lodged,VERIFIED,primary_planning_portal,A,P,grid_connection,Grid connection,S2,S7,research,Blacktown,portal record,RG-013,RG-034 RG-037 RG-053 RG-073,,
SITE_MSFT_HONEMAN,Honeman Close Data Centre,NSW,lodged,VERIFIED,primary_planning_portal,A,P,water_usage,Water usage,S2,S7,research,Blacktown,portal record,RG-013,RG-034 RG-037 RG-053 RG-073,,
SITE_MSFT_HONEMAN,Honeman Close Data Centre,NSW,lodged,VERIFIED,primary_planning_portal,A,P,hcf_certified,HCF certification,S3,,research,Blacktown,portal record,RG-013,,not_applicable,stored as the string 'unknown'; not on the HCF register (RG-096)
SITE_MSFT_HONEMAN,Honeman Close Data Centre,NSW,lodged,VERIFIED,primary_planning_portal,A,P,campus_area_ha,Campus area,S2,,research,Blacktown,portal record,RG-013,RG-034 RG-037 RG-053 RG-073,,
SITE_MSFT_HONEMAN,Honeman Close Data Centre,NSW,lodged,VERIFIED,primary_planning_portal,A,P,gfa_sqm,Gross floor area,S2,,research,Blacktown,portal record,RG-013,RG-034 RG-037 RG-053 RG-073,,
SITE_MSFT_HONEMAN,Honeman Close Data Centre,NSW,lodged,VERIFIED,primary_planning_portal,A,P,capital_cost_aud,Capital cost,S2,,research,Blacktown,portal record,RG-013,RG-034 RG-037 RG-053 RG-073,,
SITE_MSFT_HONEMAN,Honeman Close Data Centre,NSW,lodged,VERIFIED,primary_planning_portal,A,P,construction_jobs,Construction jobs,S2,,research,Blacktown,portal record,RG-013,RG-034 RG-037 RG-053 RG-073,,
SITE_MSFT_HONEMAN,Honeman Close Data Centre,NSW,lodged,VERIFIED,primary_planning_portal,A,P,operational_jobs,Operational jobs,S2,,research,Blacktown,portal record,RG-013,RG-034 RG-037 RG-053 RG-073,,
SITE_MSFT_HONEMAN,Honeman Close Data Centre,NSW,lodged,VERIFIED,primary_planning_portal,A,P,operational_from,Operational from,S2,S4,research,Blacktown,portal record,RG-013,RG-034 RG-037 RG-053 RG-073,,
SITE_MSFT_HONEMAN,Honeman Close Data Centre,NSW,lodged,VERIFIED,primary_planning_portal,A,P,target_completion,Target completion,S2,S4,research,Blacktown,portal record,RG-013,RG-034 RG-037 RG-053 RG-073,,
SITE_JULIUS_AVE,Julius Avenue Data Centre,NSW,lodged,VERIFIED,primary_planning_portal,A,P,operator,Operator,S2,S7,research,Ryde,portal record,,RG-034 RG-037 RG-053 RG-073,,
SITE_JULIUS_AVE,Julius Avenue Data Centre,NSW,lodged,VERIFIED,primary_planning_portal,A,P,proponent,Proponent,S2,S7,research,Ryde,portal record,,RG-034 RG-037 RG-053 RG-073,,
SITE_JULIUS_AVE,Julius Avenue Data Centre,NSW,lodged,VERIFIED,primary_planning_portal,A,P,total_capacity_mw,Total capacity,S2,,research,Ryde,portal record,,RG-034 RG-037 RG-053 RG-073,,
SITE_JULIUS_AVE,Julius Avenue Data Centre,NSW,lodged,VERIFIED,primary_planning_portal,A,P,it_capacity_mw,IT capacity,S2,,research,Ryde,portal record,,RG-034 RG-037 RG-053 RG-073,,
SITE_JULIUS_AVE,Julius Avenue Data Centre,NSW,lodged,VERIFIED,primary_planning_portal,A,P,max_capacity_mw,Maximum capacity,S2,,research,Ryde,portal record,,RG-034 RG-037 RG-053 RG-073,,
SITE_JULIUS_AVE,Julius Avenue Data Centre,NSW,lodged,VERIFIED,primary_planning_portal,A,P,first_phase_mw,First phase capacity,S2,,research,Ryde,portal record,,RG-034 RG-037 RG-053 RG-073,,
SITE_JULIUS_AVE,Julius Avenue Data Centre,NSW,lodged,VERIFIED,primary_planning_portal,A,P,live_capacity_mw,Live capacity,S7,,research,Ryde,portal record,,RG-017 RG-021 RG-035 RG-036 RG-052 RG-059 RG-064 RG-081,not_applicable,never filled from it_capacity_mw
SITE_JULIUS_AVE,Julius Avenue Data Centre,NSW,lodged,VERIFIED,primary_planning_portal,A,P,cooling_type,Cooling type,S2,S7,research,Ryde,portal record,,RG-034 RG-037 RG-053 RG-073,,
SITE_JULIUS_AVE,Julius Avenue Data Centre,NSW,lodged,VERIFIED,primary_planning_portal,A,P,rack_density_kw,Rack density,S2,S7,research,Ryde,portal record,,RG-034 RG-037 RG-053 RG-073,,
SITE_JULIUS_AVE,Julius Avenue Data Centre,NSW,lodged,VERIFIED,primary_planning_portal,A,P,grid_connection,Grid connection,S2,S7,research,Ryde,portal record,,RG-034 RG-037 RG-053 RG-073,,
SITE_JULIUS_AVE,Julius Avenue Data Centre,NSW,lodged,VERIFIED,primary_planning_portal,A,P,water_usage,Water usage,S2,S7,research,Ryde,portal record,,RG-034 RG-037 RG-053 RG-073,,
SITE_JULIUS_AVE,Julius Avenue Data Centre,NSW,lodged,VERIFIED,primary_planning_portal,A,P,hcf_certified,HCF certification,S3,,research,Ryde,portal record,,,not_applicable,not on the HCF register (RG-096)
SITE_JULIUS_AVE,Julius Avenue Data Centre,NSW,lodged,VERIFIED,primary_planning_portal,A,P,campus_area_ha,Campus area,S2,,research,Ryde,portal record,,RG-034 RG-037 RG-053 RG-073,,
SITE_JULIUS_AVE,Julius Avenue Data Centre,NSW,lodged,VERIFIED,primary_planning_portal,A,P,gfa_sqm,Gross floor area,S2,,research,Ryde,portal record,,RG-034 RG-037 RG-053 RG-073,,
SITE_JULIUS_AVE,Julius Avenue Data Centre,NSW,lodged,VERIFIED,primary_planning_portal,A,P,capital_cost_aud,Capital cost,S2,,research,Ryde,portal record,,RG-034 RG-037 RG-053 RG-073,,
SITE_JULIUS_AVE,Julius Avenue Data Centre,NSW,lodged,VERIFIED,primary_planning_portal,A,P,construction_jobs,Construction jobs,S2,,research,Ryde,portal record,,RG-034 RG-037 RG-053 RG-073,,
SITE_JULIUS_AVE,Julius Avenue Data Centre,NSW,lodged,VERIFIED,primary_planning_portal,A,P,operational_jobs,Operational jobs,S2,,research,Ryde,portal record,,RG-034 RG-037 RG-053 RG-073,,
SITE_JULIUS_AVE,Julius Avenue Data Centre,NSW,lodged,VERIFIED,primary_planning_portal,A,P,operational_from,Operational from,S2,S4,research,Ryde,portal record,,RG-034 RG-037 RG-053 RG-073,,
SITE_JULIUS_AVE,Julius Avenue Data Centre,NSW,lodged,VERIFIED,primary_planning_portal,A,P,target_completion,Target completion,S2,S4,research,Ryde,portal record,,RG-034 RG-037 RG-053 RG-073,,
SITE_KC1,"KC1 Data Centre, Kemps Creek",NSW,pre_lodgement,VERIFIED,primary_planning_portal,A,P,operator,Operator,S2,S7,research,Penrith,portal record,,RG-034 RG-037 RG-053 RG-073,,
SITE_KC1,"KC1 Data Centre, Kemps Creek",NSW,pre_lodgement,VERIFIED,primary_planning_portal,A,P,proponent,Proponent,S2,S7,research,Penrith,portal record,,RG-034 RG-037 RG-053 RG-073,,
SITE_KC1,"KC1 Data Centre, Kemps Creek",NSW,pre_lodgement,VERIFIED,primary_planning_portal,A,P,total_capacity_mw,Total capacity,S2,,research,Penrith,portal record,,RG-034 RG-037 RG-053 RG-073,,
SITE_KC1,"KC1 Data Centre, Kemps Creek",NSW,pre_lodgement,VERIFIED,primary_planning_portal,A,P,first_phase_mw,First phase capacity,S2,,research,Penrith,portal record,,RG-034 RG-037 RG-053 RG-073,,
SITE_KC1,"KC1 Data Centre, Kemps Creek",NSW,pre_lodgement,VERIFIED,primary_planning_portal,A,P,live_capacity_mw,Live capacity,S7,,research,Penrith,portal record,,RG-017 RG-021 RG-035 RG-036 RG-052 RG-059 RG-064 RG-081,not_applicable,never filled from it_capacity_mw
SITE_KC1,"KC1 Data Centre, Kemps Creek",NSW,pre_lodgement,VERIFIED,primary_planning_portal,A,P,cooling_type,Cooling type,S2,S7,research,Penrith,portal record,,RG-034 RG-037 RG-053 RG-073,,
SITE_KC1,"KC1 Data Centre, Kemps Creek",NSW,pre_lodgement,VERIFIED,primary_planning_portal,A,P,rack_density_kw,Rack density,S2,S7,research,Penrith,portal record,,RG-034 RG-037 RG-053 RG-073,,
SITE_KC1,"KC1 Data Centre, Kemps Creek",NSW,pre_lodgement,VERIFIED,primary_planning_portal,A,P,grid_connection,Grid connection,S2,S7,research,Penrith,portal record,,RG-034 RG-037 RG-053 RG-073,,
SITE_KC1,"KC1 Data Centre, Kemps Creek",NSW,pre_lodgement,VERIFIED,primary_planning_portal,A,P,water_usage,Water usage,S2,S7,research,Penrith,portal record,,RG-034 RG-037 RG-053 RG-073,,
SITE_KC1,"KC1 Data Centre, Kemps Creek",NSW,pre_lodgement,VERIFIED,primary_planning_portal,A,P,hcf_certified,HCF certification,S3,,research,Penrith,portal record,,,not_applicable,not on the HCF register (RG-096)
SITE_KC1,"KC1 Data Centre, Kemps Creek",NSW,pre_lodgement,VERIFIED,primary_planning_portal,A,P,campus_area_ha,Campus area,S2,,research,Penrith,portal record,,RG-034 RG-037 RG-053 RG-073,,
SITE_KC1,"KC1 Data Centre, Kemps Creek",NSW,pre_lodgement,VERIFIED,primary_planning_portal,A,P,gfa_sqm,Gross floor area,S2,,research,Penrith,portal record,,RG-034 RG-037 RG-053 RG-073,,
SITE_KC1,"KC1 Data Centre, Kemps Creek",NSW,pre_lodgement,VERIFIED,primary_planning_portal,A,P,capital_cost_aud,Capital cost,S2,,research,Penrith,portal record,,RG-034 RG-037 RG-053 RG-073,,
SITE_KC1,"KC1 Data Centre, Kemps Creek",NSW,pre_lodgement,VERIFIED,primary_planning_portal,A,P,construction_jobs,Construction jobs,S2,,research,Penrith,portal record,,RG-034 RG-037 RG-053 RG-073,,
SITE_KC1,"KC1 Data Centre, Kemps Creek",NSW,pre_lodgement,VERIFIED,primary_planning_portal,A,P,operational_jobs,Operational jobs,S2,,research,Penrith,portal record,,RG-034 RG-037 RG-053 RG-073,,
SITE_KC1,"KC1 Data Centre, Kemps Creek",NSW,pre_lodgement,VERIFIED,primary_planning_portal,A,P,operational_from,Operational from,S2,S4,research,Penrith,portal record,,RG-034 RG-037 RG-053 RG-073,,
SITE_KC1,"KC1 Data Centre, Kemps Creek",NSW,pre_lodgement,VERIFIED,primary_planning_portal,A,P,target_completion,Target completion,S2,S4,research,Penrith,portal record,,RG-034 RG-037 RG-053 RG-073,,
SITE_KURRI_KURRI,"Kurri Kurri Data Centre (Loxford, former aluminium smelter site)",NSW,pre_lodgement,VERIFIED,news,B,P,operator,Operator,S2,S7,research,,portal record,,RG-034 RG-037 RG-053 RG-073,,
SITE_KURRI_KURRI,"Kurri Kurri Data Centre (Loxford, former aluminium smelter site)",NSW,pre_lodgement,VERIFIED,news,B,P,total_capacity_mw,Total capacity,S2,,research,,portal record,,RG-034 RG-037 RG-053 RG-073,,
SITE_KURRI_KURRI,"Kurri Kurri Data Centre (Loxford, former aluminium smelter site)",NSW,pre_lodgement,VERIFIED,news,B,P,first_phase_mw,First phase capacity,S2,,research,,portal record,,RG-034 RG-037 RG-053 RG-073,,
SITE_KURRI_KURRI,"Kurri Kurri Data Centre (Loxford, former aluminium smelter site)",NSW,pre_lodgement,VERIFIED,news,B,P,live_capacity_mw,Live capacity,S7,,research,,portal record,,RG-017 RG-021 RG-035 RG-036 RG-052 RG-059 RG-064 RG-081,not_applicable,never filled from it_capacity_mw
SITE_KURRI_KURRI,"Kurri Kurri Data Centre (Loxford, former aluminium smelter site)",NSW,pre_lodgement,VERIFIED,news,B,P,cooling_type,Cooling type,S2,S7,research,,portal record,,RG-034 RG-037 RG-053 RG-073,,
SITE_KURRI_KURRI,"Kurri Kurri Data Centre (Loxford, former aluminium smelter site)",NSW,pre_lodgement,VERIFIED,news,B,P,rack_density_kw,Rack density,S2,S7,research,,portal record,,RG-034 RG-037 RG-053 RG-073,,
SITE_KURRI_KURRI,"Kurri Kurri Data Centre (Loxford, former aluminium smelter site)",NSW,pre_lodgement,VERIFIED,news,B,P,grid_connection,Grid connection,LOADER,,in pipeline,,portal record,,,,power_profile.connection_type holds a value; the loader does not map it
SITE_KURRI_KURRI,"Kurri Kurri Data Centre (Loxford, former aluminium smelter site)",NSW,pre_lodgement,VERIFIED,news,B,P,water_usage,Water usage,S2,S7,research,,portal record,,RG-034 RG-037 RG-053 RG-073,,
SITE_KURRI_KURRI,"Kurri Kurri Data Centre (Loxford, former aluminium smelter site)",NSW,pre_lodgement,VERIFIED,news,B,P,hcf_certified,HCF certification,S3,,research,,portal record,,,not_applicable,not on the HCF register (RG-096)
SITE_KURRI_KURRI,"Kurri Kurri Data Centre (Loxford, former aluminium smelter site)",NSW,pre_lodgement,VERIFIED,news,B,P,gfa_sqm,Gross floor area,S2,,research,,portal record,,RG-034 RG-037 RG-053 RG-073,,
SITE_KURRI_KURRI,"Kurri Kurri Data Centre (Loxford, former aluminium smelter site)",NSW,pre_lodgement,VERIFIED,news,B,P,capital_cost_aud,Capital cost,S2,,research,,portal record,,RG-034 RG-037 RG-053 RG-073,,
SITE_KURRI_KURRI,"Kurri Kurri Data Centre (Loxford, former aluminium smelter site)",NSW,pre_lodgement,VERIFIED,news,B,P,construction_jobs,Construction jobs,S2,,research,,portal record,,RG-034 RG-037 RG-053 RG-073,,
SITE_KURRI_KURRI,"Kurri Kurri Data Centre (Loxford, former aluminium smelter site)",NSW,pre_lodgement,VERIFIED,news,B,P,operational_jobs,Operational jobs,S2,,research,,portal record,,RG-034 RG-037 RG-053 RG-073,,
SITE_KURRI_KURRI,"Kurri Kurri Data Centre (Loxford, former aluminium smelter site)",NSW,pre_lodgement,VERIFIED,news,B,P,operational_from,Operational from,S2,S4,research,,portal record,,RG-034 RG-037 RG-053 RG-073,,
SITE_KURRI_KURRI,"Kurri Kurri Data Centre (Loxford, former aluminium smelter site)",NSW,pre_lodgement,VERIFIED,news,B,P,target_completion,Target completion,S2,S4,research,,portal record,,RG-034 RG-037 RG-053 RG-073,,
SITE_LANCELEY,"Lanceley Place Data Centre, Artarmon",NSW,approved,VERIFIED,primary_planning_portal,A,P,operator,Operator,S2,S7,research,,portal record,,RG-034 RG-037 RG-053 RG-073,,
SITE_LANCELEY,"Lanceley Place Data Centre, Artarmon",NSW,approved,VERIFIED,primary_planning_portal,A,P,proponent,Proponent,S2,S7,research,,portal record,,RG-034 RG-037 RG-053 RG-073,,
SITE_LANCELEY,"Lanceley Place Data Centre, Artarmon",NSW,approved,VERIFIED,primary_planning_portal,A,P,total_capacity_mw,Total capacity,S2,,research,,portal record,,RG-034 RG-037 RG-053 RG-073,,
SITE_LANCELEY,"Lanceley Place Data Centre, Artarmon",NSW,approved,VERIFIED,primary_planning_portal,A,P,it_capacity_mw,IT capacity,S2,,research,,portal record,,RG-034 RG-037 RG-053 RG-073,,
SITE_LANCELEY,"Lanceley Place Data Centre, Artarmon",NSW,approved,VERIFIED,primary_planning_portal,A,P,max_capacity_mw,Maximum capacity,S2,,research,,portal record,,RG-034 RG-037 RG-053 RG-073,,
SITE_LANCELEY,"Lanceley Place Data Centre, Artarmon",NSW,approved,VERIFIED,primary_planning_portal,A,P,first_phase_mw,First phase capacity,S2,,research,,portal record,,RG-034 RG-037 RG-053 RG-073,,
SITE_LANCELEY,"Lanceley Place Data Centre, Artarmon",NSW,approved,VERIFIED,primary_planning_portal,A,P,live_capacity_mw,Live capacity,S7,,research,,portal record,,RG-017 RG-021 RG-035 RG-036 RG-052 RG-059 RG-064 RG-081,not_applicable,never filled from it_capacity_mw
SITE_LANCELEY,"Lanceley Place Data Centre, Artarmon",NSW,approved,VERIFIED,primary_planning_portal,A,P,cooling_type,Cooling type,S2,S7,research,,portal record,,RG-034 RG-037 RG-053 RG-073,,
SITE_LANCELEY,"Lanceley Place Data Centre, Artarmon",NSW,approved,VERIFIED,primary_planning_portal,A,P,rack_density_kw,Rack density,S2,S7,research,,portal record,,RG-034 RG-037 RG-053 RG-073,,
SITE_LANCELEY,"Lanceley Place Data Centre, Artarmon",NSW,approved,VERIFIED,primary_planning_portal,A,P,grid_connection,Grid connection,S2,S7,research,,portal record,,RG-034 RG-037 RG-053 RG-073,,
SITE_LANCELEY,"Lanceley Place Data Centre, Artarmon",NSW,approved,VERIFIED,primary_planning_portal,A,P,water_usage,Water usage,S2,S7,research,,portal record,,RG-034 RG-037 RG-053 RG-073,,
SITE_LANCELEY,"Lanceley Place Data Centre, Artarmon",NSW,approved,VERIFIED,primary_planning_portal,A,P,hcf_certified,HCF certification,S3,,research,,portal record,,,not_applicable,not on the HCF register (RG-096)
SITE_LANCELEY,"Lanceley Place Data Centre, Artarmon",NSW,approved,VERIFIED,primary_planning_portal,A,P,campus_area_ha,Campus area,S2,,research,,portal record,,RG-034 RG-037 RG-053 RG-073,,
SITE_LANCELEY,"Lanceley Place Data Centre, Artarmon",NSW,approved,VERIFIED,primary_planning_portal,A,P,gfa_sqm,Gross floor area,S2,,research,,portal record,,RG-034 RG-037 RG-053 RG-073,,
SITE_LANCELEY,"Lanceley Place Data Centre, Artarmon",NSW,approved,VERIFIED,primary_planning_portal,A,P,capital_cost_aud,Capital cost,S2,,research,,portal record,,RG-034 RG-037 RG-053 RG-073,,
SITE_LANCELEY,"Lanceley Place Data Centre, Artarmon",NSW,approved,VERIFIED,primary_planning_portal,A,P,construction_jobs,Construction jobs,S2,,research,,portal record,,RG-034 RG-037 RG-053 RG-073,,
SITE_LANCELEY,"Lanceley Place Data Centre, Artarmon",NSW,approved,VERIFIED,primary_planning_portal,A,P,operational_jobs,Operational jobs,S2,,research,,portal record,,RG-034 RG-037 RG-053 RG-073,,
SITE_LANCELEY,"Lanceley Place Data Centre, Artarmon",NSW,approved,VERIFIED,primary_planning_portal,A,P,operational_from,Operational from,S2,S4,research,,portal record,,RG-034 RG-037 RG-053 RG-073,,
SITE_LANCELEY,"Lanceley Place Data Centre, Artarmon",NSW,approved,VERIFIED,primary_planning_portal,A,P,target_completion,Target completion,S2,S4,research,,portal record,,RG-034 RG-037 RG-053 RG-073,,
SITE_LANE_COVE_WEST,Lane Cove West Data Centre,NSW,approved,VERIFIED,primary_planning_portal,A,P,operator,Operator,S2,S7,research,,portal record; consent text,RG-045,RG-034 RG-037 RG-053 RG-073,,
SITE_LANE_COVE_WEST,Lane Cove West Data Centre,NSW,approved,VERIFIED,primary_planning_portal,A,P,total_capacity_mw,Total capacity,S2,,research,,portal record; consent text,RG-045,RG-034 RG-037 RG-053 RG-073,,
SITE_LANE_COVE_WEST,Lane Cove West Data Centre,NSW,approved,VERIFIED,primary_planning_portal,A,P,it_capacity_mw,IT capacity,S2,,research,,portal record; consent text,RG-045,RG-034 RG-037 RG-053 RG-073,,
SITE_LANE_COVE_WEST,Lane Cove West Data Centre,NSW,approved,VERIFIED,primary_planning_portal,A,P,max_capacity_mw,Maximum capacity,S2,,research,,portal record; consent text,RG-045,RG-034 RG-037 RG-053 RG-073,,
SITE_LANE_COVE_WEST,Lane Cove West Data Centre,NSW,approved,VERIFIED,primary_planning_portal,A,P,first_phase_mw,First phase capacity,S2,,research,,portal record; consent text,RG-045,RG-034 RG-037 RG-053 RG-073,,
SITE_LANE_COVE_WEST,Lane Cove West Data Centre,NSW,approved,VERIFIED,primary_planning_portal,A,P,live_capacity_mw,Live capacity,S7,,research,,portal record; consent text,RG-045,RG-017 RG-021 RG-035 RG-036 RG-052 RG-059 RG-064 RG-081,not_applicable,never filled from it_capacity_mw
SITE_LANE_COVE_WEST,Lane Cove West Data Centre,NSW,approved,VERIFIED,primary_planning_portal,A,P,cooling_type,Cooling type,S2,S7,research,,portal record; consent text,RG-045,RG-034 RG-037 RG-053 RG-073,,
SITE_LANE_COVE_WEST,Lane Cove West Data Centre,NSW,approved,VERIFIED,primary_planning_portal,A,P,rack_density_kw,Rack density,S2,S7,research,,portal record; consent text,RG-045,RG-034 RG-037 RG-053 RG-073,,
SITE_LANE_COVE_WEST,Lane Cove West Data Centre,NSW,approved,VERIFIED,primary_planning_portal,A,P,grid_connection,Grid connection,S2,S7,research,,portal record; consent text,RG-045,RG-034 RG-037 RG-053 RG-073,,
SITE_LANE_COVE_WEST,Lane Cove West Data Centre,NSW,approved,VERIFIED,primary_planning_portal,A,P,water_usage,Water usage,S2,S7,research,,portal record; consent text,RG-045,RG-034 RG-037 RG-053 RG-073,,
SITE_LANE_COVE_WEST,Lane Cove West Data Centre,NSW,approved,VERIFIED,primary_planning_portal,A,P,hcf_certified,HCF certification,S3,,research,,portal record; consent text,RG-045,,not_applicable,not on the HCF register (RG-096)
SITE_LANE_COVE_WEST,Lane Cove West Data Centre,NSW,approved,VERIFIED,primary_planning_portal,A,P,campus_area_ha,Campus area,S2,,research,,portal record; consent text,RG-045,RG-034 RG-037 RG-053 RG-073,,
SITE_LANE_COVE_WEST,Lane Cove West Data Centre,NSW,approved,VERIFIED,primary_planning_portal,A,P,gfa_sqm,Gross floor area,S2,,research,,portal record; consent text,RG-045,RG-034 RG-037 RG-053 RG-073,,
SITE_LANE_COVE_WEST,Lane Cove West Data Centre,NSW,approved,VERIFIED,primary_planning_portal,A,P,capital_cost_aud,Capital cost,S2,,research,,portal record; consent text,RG-045,RG-034 RG-037 RG-053 RG-073,,
SITE_LANE_COVE_WEST,Lane Cove West Data Centre,NSW,approved,VERIFIED,primary_planning_portal,A,P,construction_jobs,Construction jobs,S2,,research,,portal record; consent text,RG-045,RG-034 RG-037 RG-053 RG-073,,
SITE_LANE_COVE_WEST,Lane Cove West Data Centre,NSW,approved,VERIFIED,primary_planning_portal,A,P,operational_jobs,Operational jobs,S2,,research,,portal record; consent text,RG-045,RG-034 RG-037 RG-053 RG-073,,
SITE_LANE_COVE_WEST,Lane Cove West Data Centre,NSW,approved,VERIFIED,primary_planning_portal,A,P,operational_from,Operational from,S2,S4,research,,portal record; consent text,RG-045,RG-034 RG-037 RG-053 RG-073,,
SITE_LANE_COVE_WEST,Lane Cove West Data Centre,NSW,approved,VERIFIED,primary_planning_portal,A,P,target_completion,Target completion,S2,S4,research,,portal record; consent text,RG-045,RG-034 RG-037 RG-053 RG-073,,
SITE_MACQ_IC12,Macquarie IC1 / IC2 Strategic Enclaves (Sydney),NSW,operational,REPORTED,market_research,B,O,proponent,Proponent,S4,S7,research,,,,RG-013 RG-024 RG-071 RG-091,,
SITE_MACQ_IC12,Macquarie IC1 / IC2 Strategic Enclaves (Sydney),NSW,operational,REPORTED,market_research,B,O,lga,Council,S4,,research,,,,RG-013 RG-024 RG-071 RG-091,,
SITE_MACQ_IC12,Macquarie IC1 / IC2 Strategic Enclaves (Sydney),NSW,operational,REPORTED,market_research,B,O,address,Address,S4,,research,,,,RG-013 RG-024 RG-071 RG-091,,
SITE_MACQ_IC12,Macquarie IC1 / IC2 Strategic Enclaves (Sydney),NSW,operational,REPORTED,market_research,B,O,lat,Coordinates,S4,,research,,,,RG-013 RG-024 RG-071 RG-091,,
SITE_MACQ_IC12,Macquarie IC1 / IC2 Strategic Enclaves (Sydney),NSW,operational,REPORTED,market_research,B,O,total_capacity_mw,Total capacity,S4,,research,,,,RG-013 RG-024 RG-071 RG-091,,
SITE_MACQ_IC12,Macquarie IC1 / IC2 Strategic Enclaves (Sydney),NSW,operational,REPORTED,market_research,B,O,it_capacity_mw,IT capacity,S4,,research,,,,RG-013 RG-024 RG-071 RG-091,,
SITE_MACQ_IC12,Macquarie IC1 / IC2 Strategic Enclaves (Sydney),NSW,operational,REPORTED,market_research,B,O,max_capacity_mw,Maximum capacity,S4,,research,,,,RG-013 RG-024 RG-071 RG-091,,
SITE_MACQ_IC12,Macquarie IC1 / IC2 Strategic Enclaves (Sydney),NSW,operational,REPORTED,market_research,B,O,first_phase_mw,First phase capacity,S4,,research,,,,RG-013 RG-024 RG-071 RG-091,,
SITE_MACQ_IC12,Macquarie IC1 / IC2 Strategic Enclaves (Sydney),NSW,operational,REPORTED,market_research,B,O,live_capacity_mw,Live capacity,S7,,research,,,,RG-017 RG-021 RG-035 RG-036 RG-052 RG-059 RG-064 RG-081,,never filled from it_capacity_mw
SITE_MACQ_IC12,Macquarie IC1 / IC2 Strategic Enclaves (Sydney),NSW,operational,REPORTED,market_research,B,O,cooling_type,Cooling type,S4,S7,research,,,,RG-013 RG-024 RG-071 RG-091,,
SITE_MACQ_IC12,Macquarie IC1 / IC2 Strategic Enclaves (Sydney),NSW,operational,REPORTED,market_research,B,O,rack_density_kw,Rack density,S4,S7,research,,,,RG-013 RG-024 RG-071 RG-091,,
SITE_MACQ_IC12,Macquarie IC1 / IC2 Strategic Enclaves (Sydney),NSW,operational,REPORTED,market_research,B,O,grid_connection,Grid connection,S7,S4,research,,,,RG-017 RG-021 RG-035 RG-036 RG-052 RG-059 RG-064 RG-081,,
SITE_MACQ_IC12,Macquarie IC1 / IC2 Strategic Enclaves (Sydney),NSW,operational,REPORTED,market_research,B,O,water_usage,Water usage,S7,S4,research,,,,RG-017 RG-021 RG-035 RG-036 RG-052 RG-059 RG-064 RG-081,,
SITE_MACQ_IC12,Macquarie IC1 / IC2 Strategic Enclaves (Sydney),NSW,operational,REPORTED,market_research,B,O,campus_area_ha,Campus area,S4,,research,,,,RG-013 RG-024 RG-071 RG-091,,
SITE_MACQ_IC12,Macquarie IC1 / IC2 Strategic Enclaves (Sydney),NSW,operational,REPORTED,market_research,B,O,gfa_sqm,Gross floor area,S4,,research,,,,RG-013 RG-024 RG-071 RG-091,,
SITE_MACQ_IC12,Macquarie IC1 / IC2 Strategic Enclaves (Sydney),NSW,operational,REPORTED,market_research,B,O,capital_cost_aud,Capital cost,S4,,research,,,,RG-013 RG-024 RG-071 RG-091,,
SITE_MACQ_IC12,Macquarie IC1 / IC2 Strategic Enclaves (Sydney),NSW,operational,REPORTED,market_research,B,O,construction_jobs,Construction jobs,S4,,research,,,,RG-013 RG-024 RG-071 RG-091,,
SITE_MACQ_IC12,Macquarie IC1 / IC2 Strategic Enclaves (Sydney),NSW,operational,REPORTED,market_research,B,O,operational_jobs,Operational jobs,S4,,research,,,,RG-013 RG-024 RG-071 RG-091,,
SITE_MACQ_IC12,Macquarie IC1 / IC2 Strategic Enclaves (Sydney),NSW,operational,REPORTED,market_research,B,O,operational_from,Operational from,S4,,research,,,,RG-013 RG-024 RG-071 RG-091,,
SITE_MACQ_IC12,Macquarie IC1 / IC2 Strategic Enclaves (Sydney),NSW,operational,REPORTED,market_research,B,O,target_completion,Target completion,S4,,research,,,,RG-013 RG-024 RG-071 RG-091,not_applicable,
SITE_MACQ_IC3,Macquarie IC3 'Super West' (Macquarie Park),NSW,operational,REPORTED,market_research,B,O,proponent,Proponent,S4,S5,research,Ryde,,,RG-013 RG-024 RG-071 RG-091,,
SITE_MACQ_IC3,Macquarie IC3 'Super West' (Macquarie Park),NSW,operational,REPORTED,market_research,B,O,address,Address,S4,S5,research,Ryde,,,RG-013 RG-024 RG-071 RG-091,,
SITE_MACQ_IC3,Macquarie IC3 'Super West' (Macquarie Park),NSW,operational,REPORTED,market_research,B,O,lat,Coordinates,S4,S5,research,Ryde,,,RG-013 RG-024 RG-071 RG-091,,
SITE_MACQ_IC3,Macquarie IC3 'Super West' (Macquarie Park),NSW,operational,REPORTED,market_research,B,O,total_capacity_mw,Total capacity,S4,S5,research,Ryde,,,RG-013 RG-024 RG-071 RG-091,,
SITE_MACQ_IC3,Macquarie IC3 'Super West' (Macquarie Park),NSW,operational,REPORTED,market_research,B,O,it_capacity_mw,IT capacity,S4,S5,research,Ryde,,,RG-013 RG-024 RG-071 RG-091,,
SITE_MACQ_IC3,Macquarie IC3 'Super West' (Macquarie Park),NSW,operational,REPORTED,market_research,B,O,max_capacity_mw,Maximum capacity,S4,S5,research,Ryde,,,RG-013 RG-024 RG-071 RG-091,,
SITE_MACQ_IC3,Macquarie IC3 'Super West' (Macquarie Park),NSW,operational,REPORTED,market_research,B,O,first_phase_mw,First phase capacity,S4,S5,research,Ryde,,,RG-013 RG-024 RG-071 RG-091,,
SITE_MACQ_IC3,Macquarie IC3 'Super West' (Macquarie Park),NSW,operational,REPORTED,market_research,B,O,live_capacity_mw,Live capacity,S7,,research,Ryde,,,RG-017 RG-021 RG-035 RG-036 RG-052 RG-059 RG-064 RG-081,,never filled from it_capacity_mw
SITE_MACQ_IC3,Macquarie IC3 'Super West' (Macquarie Park),NSW,operational,REPORTED,market_research,B,O,cooling_type,Cooling type,S4,S7,research,Ryde,,,RG-013 RG-024 RG-071 RG-091,,
SITE_MACQ_IC3,Macquarie IC3 'Super West' (Macquarie Park),NSW,operational,REPORTED,market_research,B,O,rack_density_kw,Rack density,S4,S7,research,Ryde,,,RG-013 RG-024 RG-071 RG-091,,
SITE_MACQ_IC3,Macquarie IC3 'Super West' (Macquarie Park),NSW,operational,REPORTED,market_research,B,O,grid_connection,Grid connection,S7,S4,research,Ryde,,,RG-017 RG-021 RG-035 RG-036 RG-052 RG-059 RG-064 RG-081,,
SITE_MACQ_IC3,Macquarie IC3 'Super West' (Macquarie Park),NSW,operational,REPORTED,market_research,B,O,water_usage,Water usage,S7,S4,research,Ryde,,,RG-017 RG-021 RG-035 RG-036 RG-052 RG-059 RG-064 RG-081,,
SITE_MACQ_IC3,Macquarie IC3 'Super West' (Macquarie Park),NSW,operational,REPORTED,market_research,B,O,campus_area_ha,Campus area,S5,S4,research,Ryde,,,RG-034,,
SITE_MACQ_IC3,Macquarie IC3 'Super West' (Macquarie Park),NSW,operational,REPORTED,market_research,B,O,gfa_sqm,Gross floor area,S5,S4,research,Ryde,,,RG-034,,
SITE_MACQ_IC3,Macquarie IC3 'Super West' (Macquarie Park),NSW,operational,REPORTED,market_research,B,O,capital_cost_aud,Capital cost,S5,S4,research,Ryde,,,RG-034,,
SITE_MACQ_IC3,Macquarie IC3 'Super West' (Macquarie Park),NSW,operational,REPORTED,market_research,B,O,construction_jobs,Construction jobs,S5,S4,research,Ryde,,,RG-034,,
SITE_MACQ_IC3,Macquarie IC3 'Super West' (Macquarie Park),NSW,operational,REPORTED,market_research,B,O,operational_jobs,Operational jobs,S5,S4,research,Ryde,,,RG-034,,
SITE_MACQ_IC3,Macquarie IC3 'Super West' (Macquarie Park),NSW,operational,REPORTED,market_research,B,O,operational_from,Operational from,S4,S5,research,Ryde,,,RG-013 RG-024 RG-071 RG-091,,
SITE_MACQ_IC3,Macquarie IC3 'Super West' (Macquarie Park),NSW,operational,REPORTED,market_research,B,O,target_completion,Target completion,S4,S5,research,Ryde,,,RG-013 RG-024 RG-071 RG-091,not_applicable,
SITE_MACQ_FAIRBAIRN,Macquarie IC4 / IC5 Fairbairn (ACT),ACT,operational,REPORTED,market_research,B,O,proponent,Proponent,S4,S6,research,,,,RG-013 RG-024 RG-071 RG-091,,
SITE_MACQ_FAIRBAIRN,Macquarie IC4 / IC5 Fairbairn (ACT),ACT,operational,REPORTED,market_research,B,O,lga,Council,S4,S6,research,,,,RG-013 RG-024 RG-071 RG-091,,
SITE_MACQ_FAIRBAIRN,Macquarie IC4 / IC5 Fairbairn (ACT),ACT,operational,REPORTED,market_research,B,O,address,Address,S4,S6,research,,,,RG-013 RG-024 RG-071 RG-091,,
SITE_MACQ_FAIRBAIRN,Macquarie IC4 / IC5 Fairbairn (ACT),ACT,operational,REPORTED,market_research,B,O,lat,Coordinates,S4,S6,research,,,,RG-013 RG-024 RG-071 RG-091,,
SITE_MACQ_FAIRBAIRN,Macquarie IC4 / IC5 Fairbairn (ACT),ACT,operational,REPORTED,market_research,B,O,total_capacity_mw,Total capacity,S4,S6,research,,,,RG-013 RG-024 RG-071 RG-091,,
SITE_MACQ_FAIRBAIRN,Macquarie IC4 / IC5 Fairbairn (ACT),ACT,operational,REPORTED,market_research,B,O,it_capacity_mw,IT capacity,S4,S6,research,,,,RG-013 RG-024 RG-071 RG-091,,
SITE_MACQ_FAIRBAIRN,Macquarie IC4 / IC5 Fairbairn (ACT),ACT,operational,REPORTED,market_research,B,O,max_capacity_mw,Maximum capacity,S4,S6,research,,,,RG-013 RG-024 RG-071 RG-091,,
SITE_MACQ_FAIRBAIRN,Macquarie IC4 / IC5 Fairbairn (ACT),ACT,operational,REPORTED,market_research,B,O,first_phase_mw,First phase capacity,S4,S6,research,,,,RG-013 RG-024 RG-071 RG-091,,
SITE_MACQ_FAIRBAIRN,Macquarie IC4 / IC5 Fairbairn (ACT),ACT,operational,REPORTED,market_research,B,O,live_capacity_mw,Live capacity,S7,,research,,,,RG-017 RG-021 RG-035 RG-036 RG-052 RG-059 RG-064 RG-081,,never filled from it_capacity_mw
SITE_MACQ_FAIRBAIRN,Macquarie IC4 / IC5 Fairbairn (ACT),ACT,operational,REPORTED,market_research,B,O,cooling_type,Cooling type,S4,S7,research,,,,RG-013 RG-024 RG-071 RG-091,,
SITE_MACQ_FAIRBAIRN,Macquarie IC4 / IC5 Fairbairn (ACT),ACT,operational,REPORTED,market_research,B,O,rack_density_kw,Rack density,S4,S7,research,,,,RG-013 RG-024 RG-071 RG-091,,
SITE_MACQ_FAIRBAIRN,Macquarie IC4 / IC5 Fairbairn (ACT),ACT,operational,REPORTED,market_research,B,O,grid_connection,Grid connection,S7,S4,research,,,,RG-017 RG-021 RG-035 RG-036 RG-052 RG-059 RG-064 RG-081,,
SITE_MACQ_FAIRBAIRN,Macquarie IC4 / IC5 Fairbairn (ACT),ACT,operational,REPORTED,market_research,B,O,water_usage,Water usage,S7,S4,research,,,,RG-017 RG-021 RG-035 RG-036 RG-052 RG-059 RG-064 RG-081,,
SITE_MACQ_FAIRBAIRN,Macquarie IC4 / IC5 Fairbairn (ACT),ACT,operational,REPORTED,market_research,B,O,campus_area_ha,Campus area,S6,S4,research,,,,RG-003 RG-010 RG-011 RG-027 RG-048 RG-051 RG-056,,
SITE_MACQ_FAIRBAIRN,Macquarie IC4 / IC5 Fairbairn (ACT),ACT,operational,REPORTED,market_research,B,O,gfa_sqm,Gross floor area,S6,S4,research,,,,RG-003 RG-010 RG-011 RG-027 RG-048 RG-051 RG-056,,
SITE_MACQ_FAIRBAIRN,Macquarie IC4 / IC5 Fairbairn (ACT),ACT,operational,REPORTED,market_research,B,O,capital_cost_aud,Capital cost,S6,S4,research,,,,RG-003 RG-010 RG-011 RG-027 RG-048 RG-051 RG-056,,
SITE_MACQ_FAIRBAIRN,Macquarie IC4 / IC5 Fairbairn (ACT),ACT,operational,REPORTED,market_research,B,O,construction_jobs,Construction jobs,S6,S4,research,,,,RG-003 RG-010 RG-011 RG-027 RG-048 RG-051 RG-056,,
SITE_MACQ_FAIRBAIRN,Macquarie IC4 / IC5 Fairbairn (ACT),ACT,operational,REPORTED,market_research,B,O,operational_jobs,Operational jobs,S6,S4,research,,,,RG-003 RG-010 RG-011 RG-027 RG-048 RG-051 RG-056,,
SITE_MACQ_FAIRBAIRN,Macquarie IC4 / IC5 Fairbairn (ACT),ACT,operational,REPORTED,market_research,B,O,operational_from,Operational from,S4,S6,research,,,,RG-013 RG-024 RG-071 RG-091,,
SITE_MACQ_FAIRBAIRN,Macquarie IC4 / IC5 Fairbairn (ACT),ACT,operational,REPORTED,market_research,B,O,target_completion,Target completion,S4,S6,research,,,,RG-013 RG-024 RG-071 RG-091,not_applicable,
SITE_MACQUARIE_PARK_DC,Macquarie Park Data Centre,NSW,approved,VERIFIED,primary_planning_portal,A,P,operator,Operator,S2,S7,research,Ryde,portal record; consent text,RG-084,RG-034 RG-037 RG-053 RG-073,,
SITE_MACQUARIE_PARK_DC,Macquarie Park Data Centre,NSW,approved,VERIFIED,primary_planning_portal,A,P,total_capacity_mw,Total capacity,S2,,research,Ryde,portal record; consent text,RG-084,RG-034 RG-037 RG-053 RG-073,,
SITE_MACQUARIE_PARK_DC,Macquarie Park Data Centre,NSW,approved,VERIFIED,primary_planning_portal,A,P,it_capacity_mw,IT capacity,S2,,research,Ryde,portal record; consent text,RG-084,RG-034 RG-037 RG-053 RG-073,,
SITE_MACQUARIE_PARK_DC,Macquarie Park Data Centre,NSW,approved,VERIFIED,primary_planning_portal,A,P,max_capacity_mw,Maximum capacity,S2,,research,Ryde,portal record; consent text,RG-084,RG-034 RG-037 RG-053 RG-073,,
SITE_MACQUARIE_PARK_DC,Macquarie Park Data Centre,NSW,approved,VERIFIED,primary_planning_portal,A,P,first_phase_mw,First phase capacity,S2,,research,Ryde,portal record; consent text,RG-084,RG-034 RG-037 RG-053 RG-073,,
SITE_MACQUARIE_PARK_DC,Macquarie Park Data Centre,NSW,approved,VERIFIED,primary_planning_portal,A,P,live_capacity_mw,Live capacity,S7,,research,Ryde,portal record; consent text,RG-084,RG-017 RG-021 RG-035 RG-036 RG-052 RG-059 RG-064 RG-081,not_applicable,never filled from it_capacity_mw
SITE_MACQUARIE_PARK_DC,Macquarie Park Data Centre,NSW,approved,VERIFIED,primary_planning_portal,A,P,cooling_type,Cooling type,S2,S7,research,Ryde,portal record; consent text,RG-084,RG-034 RG-037 RG-053 RG-073,,
SITE_MACQUARIE_PARK_DC,Macquarie Park Data Centre,NSW,approved,VERIFIED,primary_planning_portal,A,P,rack_density_kw,Rack density,S2,S7,research,Ryde,portal record; consent text,RG-084,RG-034 RG-037 RG-053 RG-073,,
SITE_MACQUARIE_PARK_DC,Macquarie Park Data Centre,NSW,approved,VERIFIED,primary_planning_portal,A,P,grid_connection,Grid connection,S2,S7,research,Ryde,portal record; consent text,RG-084,RG-034 RG-037 RG-053 RG-073,,
SITE_MACQUARIE_PARK_DC,Macquarie Park Data Centre,NSW,approved,VERIFIED,primary_planning_portal,A,P,water_usage,Water usage,S2,S7,research,Ryde,portal record; consent text,RG-084,RG-034 RG-037 RG-053 RG-073,,
SITE_MACQUARIE_PARK_DC,Macquarie Park Data Centre,NSW,approved,VERIFIED,primary_planning_portal,A,P,hcf_certified,HCF certification,S3,,research,Ryde,portal record; consent text,RG-084,,not_applicable,not on the HCF register (RG-096)
SITE_MACQUARIE_PARK_DC,Macquarie Park Data Centre,NSW,approved,VERIFIED,primary_planning_portal,A,P,campus_area_ha,Campus area,S2,,research,Ryde,portal record; consent text,RG-084,RG-034 RG-037 RG-053 RG-073,,
SITE_MACQUARIE_PARK_DC,Macquarie Park Data Centre,NSW,approved,VERIFIED,primary_planning_portal,A,P,gfa_sqm,Gross floor area,S2,,research,Ryde,portal record; consent text,RG-084,RG-034 RG-037 RG-053 RG-073,,
SITE_MACQUARIE_PARK_DC,Macquarie Park Data Centre,NSW,approved,VERIFIED,primary_planning_portal,A,P,capital_cost_aud,Capital cost,S2,,research,Ryde,portal record; consent text,RG-084,RG-034 RG-037 RG-053 RG-073,,
SITE_MACQUARIE_PARK_DC,Macquarie Park Data Centre,NSW,approved,VERIFIED,primary_planning_portal,A,P,construction_jobs,Construction jobs,S2,,research,Ryde,portal record; consent text,RG-084,RG-034 RG-037 RG-053 RG-073,,
SITE_MACQUARIE_PARK_DC,Macquarie Park Data Centre,NSW,approved,VERIFIED,primary_planning_portal,A,P,operational_jobs,Operational jobs,S2,,research,Ryde,portal record; consent text,RG-084,RG-034 RG-037 RG-053 RG-073,,
SITE_MACQUARIE_PARK_DC,Macquarie Park Data Centre,NSW,approved,VERIFIED,primary_planning_portal,A,P,operational_from,Operational from,S2,S4,research,Ryde,portal record; consent text,RG-084,RG-034 RG-037 RG-053 RG-073,,
SITE_MACQUARIE_PARK_DC,Macquarie Park Data Centre,NSW,approved,VERIFIED,primary_planning_portal,A,P,target_completion,Target completion,S2,S4,research,Ryde,portal record; consent text,RG-084,RG-034 RG-037 RG-053 RG-073,,
SITE_MAMRE_ROAD,Mamre Road Data Centre Campus,NSW,lodged,VERIFIED,primary_planning_portal,A,P,total_capacity_mw,Total capacity,S2,,research,Penrith,portal record,RG-036,RG-034 RG-037 RG-053 RG-073,,
SITE_MAMRE_ROAD,Mamre Road Data Centre Campus,NSW,lodged,VERIFIED,primary_planning_portal,A,P,first_phase_mw,First phase capacity,S2,,research,Penrith,portal record,RG-036,RG-034 RG-037 RG-053 RG-073,,
SITE_MAMRE_ROAD,Mamre Road Data Centre Campus,NSW,lodged,VERIFIED,primary_planning_portal,A,P,live_capacity_mw,Live capacity,S7,,research,Penrith,portal record,RG-036,RG-017 RG-021 RG-035 RG-036 RG-052 RG-059 RG-064 RG-081,not_applicable,never filled from it_capacity_mw
SITE_MAMRE_ROAD,Mamre Road Data Centre Campus,NSW,lodged,VERIFIED,primary_planning_portal,A,P,cooling_type,Cooling type,LOADER,,in pipeline,Penrith,portal record,RG-036,,,water_profile.cooling_technology holds a value; the loader does not map it
SITE_MAMRE_ROAD,Mamre Road Data Centre Campus,NSW,lodged,VERIFIED,primary_planning_portal,A,P,rack_density_kw,Rack density,S2,S7,research,Penrith,portal record,RG-036,RG-034 RG-037 RG-053 RG-073,,
SITE_MAMRE_ROAD,Mamre Road Data Centre Campus,NSW,lodged,VERIFIED,primary_planning_portal,A,P,grid_connection,Grid connection,S2,S7,research,Penrith,portal record,RG-036,RG-034 RG-037 RG-053 RG-073,,
SITE_MAMRE_ROAD,Mamre Road Data Centre Campus,NSW,lodged,VERIFIED,primary_planning_portal,A,P,water_usage,Water usage,LOADER,,in pipeline,Penrith,portal record,RG-036,,,water_profile.annual_water_kl holds a value; the loader does not map it
SITE_MAMRE_ROAD,Mamre Road Data Centre Campus,NSW,lodged,VERIFIED,primary_planning_portal,A,P,hcf_certified,HCF certification,S3,,research,Penrith,portal record,RG-036,,not_applicable,stored as the string 'unknown'; not on the HCF register (RG-096)
SITE_MAMRE_ROAD,Mamre Road Data Centre Campus,NSW,lodged,VERIFIED,primary_planning_portal,A,P,operational_from,Operational from,S2,S4,research,Penrith,portal record,RG-036,RG-034 RG-037 RG-053 RG-073,,
SITE_MAMRE_ROAD,Mamre Road Data Centre Campus,NSW,lodged,VERIFIED,primary_planning_portal,A,P,target_completion,Target completion,S2,S4,research,Penrith,portal record,RG-036,RG-034 RG-037 RG-053 RG-073,,
SITE_LANE_COVE_MARS,Mars Road Data Centre,NSW,pre_lodgement,VERIFIED,primary_planning_portal,A,P,total_capacity_mw,Total capacity,S2,,research,,portal record,,RG-034 RG-037 RG-053 RG-073,,
SITE_LANE_COVE_MARS,Mars Road Data Centre,NSW,pre_lodgement,VERIFIED,primary_planning_portal,A,P,it_capacity_mw,IT capacity,S2,,research,,portal record,,RG-034 RG-037 RG-053 RG-073,,
SITE_LANE_COVE_MARS,Mars Road Data Centre,NSW,pre_lodgement,VERIFIED,primary_planning_portal,A,P,max_capacity_mw,Maximum capacity,S2,,research,,portal record,,RG-034 RG-037 RG-053 RG-073,,
SITE_LANE_COVE_MARS,Mars Road Data Centre,NSW,pre_lodgement,VERIFIED,primary_planning_portal,A,P,first_phase_mw,First phase capacity,S2,,research,,portal record,,RG-034 RG-037 RG-053 RG-073,,
SITE_LANE_COVE_MARS,Mars Road Data Centre,NSW,pre_lodgement,VERIFIED,primary_planning_portal,A,P,live_capacity_mw,Live capacity,S7,,research,,portal record,,RG-017 RG-021 RG-035 RG-036 RG-052 RG-059 RG-064 RG-081,not_applicable,never filled from it_capacity_mw
SITE_LANE_COVE_MARS,Mars Road Data Centre,NSW,pre_lodgement,VERIFIED,primary_planning_portal,A,P,cooling_type,Cooling type,S2,S7,research,,portal record,,RG-034 RG-037 RG-053 RG-073,,
SITE_LANE_COVE_MARS,Mars Road Data Centre,NSW,pre_lodgement,VERIFIED,primary_planning_portal,A,P,rack_density_kw,Rack density,S2,S7,research,,portal record,,RG-034 RG-037 RG-053 RG-073,,
SITE_LANE_COVE_MARS,Mars Road Data Centre,NSW,pre_lodgement,VERIFIED,primary_planning_portal,A,P,grid_connection,Grid connection,S2,S7,research,,portal record,,RG-034 RG-037 RG-053 RG-073,,
SITE_LANE_COVE_MARS,Mars Road Data Centre,NSW,pre_lodgement,VERIFIED,primary_planning_portal,A,P,water_usage,Water usage,S2,S7,research,,portal record,,RG-034 RG-037 RG-053 RG-073,,
SITE_LANE_COVE_MARS,Mars Road Data Centre,NSW,pre_lodgement,VERIFIED,primary_planning_portal,A,P,hcf_certified,HCF certification,S3,,research,,portal record,,,not_applicable,stored as the string 'unknown'; not on the HCF register (RG-096)
SITE_LANE_COVE_MARS,Mars Road Data Centre,NSW,pre_lodgement,VERIFIED,primary_planning_portal,A,P,campus_area_ha,Campus area,S2,,research,,portal record,,RG-034 RG-037 RG-053 RG-073,,
SITE_LANE_COVE_MARS,Mars Road Data Centre,NSW,pre_lodgement,VERIFIED,primary_planning_portal,A,P,gfa_sqm,Gross floor area,S2,,research,,portal record,,RG-034 RG-037 RG-053 RG-073,,
SITE_LANE_COVE_MARS,Mars Road Data Centre,NSW,pre_lodgement,VERIFIED,primary_planning_portal,A,P,capital_cost_aud,Capital cost,S2,,research,,portal record,,RG-034 RG-037 RG-053 RG-073,,
SITE_LANE_COVE_MARS,Mars Road Data Centre,NSW,pre_lodgement,VERIFIED,primary_planning_portal,A,P,construction_jobs,Construction jobs,S2,,research,,portal record,,RG-034 RG-037 RG-053 RG-073,,
SITE_LANE_COVE_MARS,Mars Road Data Centre,NSW,pre_lodgement,VERIFIED,primary_planning_portal,A,P,operational_jobs,Operational jobs,S2,,research,,portal record,,RG-034 RG-037 RG-053 RG-073,,
SITE_LANE_COVE_MARS,Mars Road Data Centre,NSW,pre_lodgement,VERIFIED,primary_planning_portal,A,P,operational_from,Operational from,S2,S4,research,,portal record,,RG-034 RG-037 RG-053 RG-073,,
SITE_LANE_COVE_MARS,Mars Road Data Centre,NSW,pre_lodgement,VERIFIED,primary_planning_portal,A,P,target_completion,Target completion,S2,S4,research,,portal record,,RG-034 RG-037 RG-053 RG-073,,
SITE_CDC_MARSDEN,Marsden Park Data Centre,NSW,approved,VERIFIED,primary_planning_portal,A,P,proponent,Proponent,S2,S7,research,Blacktown,portal record,,RG-034 RG-037 RG-053 RG-073,,
SITE_CDC_MARSDEN,Marsden Park Data Centre,NSW,approved,VERIFIED,primary_planning_portal,A,P,total_capacity_mw,Total capacity,S2,,research,Blacktown,portal record,,RG-034 RG-037 RG-053 RG-073,,
SITE_CDC_MARSDEN,Marsden Park Data Centre,NSW,approved,VERIFIED,primary_planning_portal,A,P,max_capacity_mw,Maximum capacity,S2,,research,Blacktown,portal record,,RG-034 RG-037 RG-053 RG-073,,
SITE_CDC_MARSDEN,Marsden Park Data Centre,NSW,approved,VERIFIED,primary_planning_portal,A,P,first_phase_mw,First phase capacity,S2,,research,Blacktown,portal record,,RG-034 RG-037 RG-053 RG-073,,
SITE_CDC_MARSDEN,Marsden Park Data Centre,NSW,approved,VERIFIED,primary_planning_portal,A,P,live_capacity_mw,Live capacity,S7,,research,Blacktown,portal record,,RG-017 RG-021 RG-035 RG-036 RG-052 RG-059 RG-064 RG-081,not_applicable,never filled from it_capacity_mw
SITE_CDC_MARSDEN,Marsden Park Data Centre,NSW,approved,VERIFIED,primary_planning_portal,A,P,cooling_type,Cooling type,S2,S7,research,Blacktown,portal record,,RG-034 RG-037 RG-053 RG-073,,
SITE_CDC_MARSDEN,Marsden Park Data Centre,NSW,approved,VERIFIED,primary_planning_portal,A,P,rack_density_kw,Rack density,S2,S7,research,Blacktown,portal record,,RG-034 RG-037 RG-053 RG-073,,
SITE_CDC_MARSDEN,Marsden Park Data Centre,NSW,approved,VERIFIED,primary_planning_portal,A,P,grid_connection,Grid connection,S2,S7,research,Blacktown,portal record,,RG-034 RG-037 RG-053 RG-073,,
SITE_CDC_MARSDEN,Marsden Park Data Centre,NSW,approved,VERIFIED,primary_planning_portal,A,P,water_usage,Water usage,S2,S7,research,Blacktown,portal record,,RG-034 RG-037 RG-053 RG-073,,
SITE_CDC_MARSDEN,Marsden Park Data Centre,NSW,approved,VERIFIED,primary_planning_portal,A,P,hcf_certified,HCF certification,S3,,research,Blacktown,portal record,,,not_applicable,stored as the string 'unknown'; not on the HCF register (RG-096)
SITE_CDC_MARSDEN,Marsden Park Data Centre,NSW,approved,VERIFIED,primary_planning_portal,A,P,campus_area_ha,Campus area,S2,,research,Blacktown,portal record,,RG-034 RG-037 RG-053 RG-073,,
SITE_CDC_MARSDEN,Marsden Park Data Centre,NSW,approved,VERIFIED,primary_planning_portal,A,P,gfa_sqm,Gross floor area,S2,,research,Blacktown,portal record,,RG-034 RG-037 RG-053 RG-073,,
SITE_CDC_MARSDEN,Marsden Park Data Centre,NSW,approved,VERIFIED,primary_planning_portal,A,P,capital_cost_aud,Capital cost,S2,,research,Blacktown,portal record,,RG-034 RG-037 RG-053 RG-073,,
SITE_CDC_MARSDEN,Marsden Park Data Centre,NSW,approved,VERIFIED,primary_planning_portal,A,P,construction_jobs,Construction jobs,S2,,research,Blacktown,portal record,,RG-034 RG-037 RG-053 RG-073,,
SITE_CDC_MARSDEN,Marsden Park Data Centre,NSW,approved,VERIFIED,primary_planning_portal,A,P,operational_jobs,Operational jobs,S2,,research,Blacktown,portal record,,RG-034 RG-037 RG-053 RG-073,,
SITE_CDC_MARSDEN,Marsden Park Data Centre,NSW,approved,VERIFIED,primary_planning_portal,A,P,operational_from,Operational from,S2,S4,research,Blacktown,portal record,,RG-034 RG-037 RG-053 RG-073,,
SITE_CDC_MARSDEN,Marsden Park Data Centre,NSW,approved,VERIFIED,primary_planning_portal,A,P,target_completion,Target completion,S2,S4,research,Blacktown,portal record,,RG-034 RG-037 RG-053 RG-073,,
SITE_MS_AU_FLEET,"Microsoft Australia datacentre fleet (29 sites, 3 Azure regions)",Multi,operational,CLAIMED,primary_company,A,O,proponent,Proponent,S4,S6,research,,,,RG-013 RG-024 RG-071 RG-091,,"fleet record, not a single site"
SITE_MS_AU_FLEET,"Microsoft Australia datacentre fleet (29 sites, 3 Azure regions)",Multi,operational,CLAIMED,primary_company,A,O,lga,Council,S4,S6,research,,,,RG-013 RG-024 RG-071 RG-091,,"fleet record, not a single site"
SITE_MS_AU_FLEET,"Microsoft Australia datacentre fleet (29 sites, 3 Azure regions)",Multi,operational,CLAIMED,primary_company,A,O,suburb,Suburb,S4,S6,research,,,,RG-013 RG-024 RG-071 RG-091,,"fleet record, not a single site"
SITE_MS_AU_FLEET,"Microsoft Australia datacentre fleet (29 sites, 3 Azure regions)",Multi,operational,CLAIMED,primary_company,A,O,address,Address,S4,S6,research,,,,RG-013 RG-024 RG-071 RG-091,,"fleet record, not a single site"
SITE_MS_AU_FLEET,"Microsoft Australia datacentre fleet (29 sites, 3 Azure regions)",Multi,operational,CLAIMED,primary_company,A,O,lat,Coordinates,S4,S6,research,,,,RG-013 RG-024 RG-071 RG-091,,"fleet record, not a single site"
SITE_MS_AU_FLEET,"Microsoft Australia datacentre fleet (29 sites, 3 Azure regions)",Multi,operational,CLAIMED,primary_company,A,O,total_capacity_mw,Total capacity,S4,S6,research,,,,RG-013 RG-024 RG-071 RG-091,,"fleet record, not a single site"
SITE_MS_AU_FLEET,"Microsoft Australia datacentre fleet (29 sites, 3 Azure regions)",Multi,operational,CLAIMED,primary_company,A,O,it_capacity_mw,IT capacity,S4,S6,research,,,,RG-013 RG-024 RG-071 RG-091,,"fleet record, not a single site"
SITE_MS_AU_FLEET,"Microsoft Australia datacentre fleet (29 sites, 3 Azure regions)",Multi,operational,CLAIMED,primary_company,A,O,max_capacity_mw,Maximum capacity,S4,S6,research,,,,RG-013 RG-024 RG-071 RG-091,,"fleet record, not a single site"
SITE_MS_AU_FLEET,"Microsoft Australia datacentre fleet (29 sites, 3 Azure regions)",Multi,operational,CLAIMED,primary_company,A,O,first_phase_mw,First phase capacity,S4,S6,research,,,,RG-013 RG-024 RG-071 RG-091,,"fleet record, not a single site"
SITE_MS_AU_FLEET,"Microsoft Australia datacentre fleet (29 sites, 3 Azure regions)",Multi,operational,CLAIMED,primary_company,A,O,live_capacity_mw,Live capacity,S7,,research,,,,RG-017 RG-021 RG-035 RG-036 RG-052 RG-059 RG-064 RG-081,,"never filled from it_capacity_mw; fleet record, not a single site"
SITE_MS_AU_FLEET,"Microsoft Australia datacentre fleet (29 sites, 3 Azure regions)",Multi,operational,CLAIMED,primary_company,A,O,cooling_type,Cooling type,S4,S7,research,,,,RG-013 RG-024 RG-071 RG-091,,"fleet record, not a single site"
SITE_MS_AU_FLEET,"Microsoft Australia datacentre fleet (29 sites, 3 Azure regions)",Multi,operational,CLAIMED,primary_company,A,O,rack_density_kw,Rack density,S4,S7,research,,,,RG-013 RG-024 RG-071 RG-091,,"fleet record, not a single site"
SITE_MS_AU_FLEET,"Microsoft Australia datacentre fleet (29 sites, 3 Azure regions)",Multi,operational,CLAIMED,primary_company,A,O,grid_connection,Grid connection,S7,S4,research,,,,RG-017 RG-021 RG-035 RG-036 RG-052 RG-059 RG-064 RG-081,,"fleet record, not a single site"
SITE_MS_AU_FLEET,"Microsoft Australia datacentre fleet (29 sites, 3 Azure regions)",Multi,operational,CLAIMED,primary_company,A,O,water_usage,Water usage,S7,S4,research,,,,RG-017 RG-021 RG-035 RG-036 RG-052 RG-059 RG-064 RG-081,,"fleet record, not a single site"
SITE_MS_AU_FLEET,"Microsoft Australia datacentre fleet (29 sites, 3 Azure regions)",Multi,operational,CLAIMED,primary_company,A,O,hcf_certified,HCF certification,S3,,research,,,,,,"stored as the string 'unknown'; fleet record, not a single site; not on the HCF register (RG-096)"
SITE_MS_AU_FLEET,"Microsoft Australia datacentre fleet (29 sites, 3 Azure regions)",Multi,operational,CLAIMED,primary_company,A,O,campus_area_ha,Campus area,S6,S4,research,,,,RG-003 RG-010 RG-011 RG-027 RG-048 RG-051 RG-056,,"fleet record, not a single site"
SITE_MS_AU_FLEET,"Microsoft Australia datacentre fleet (29 sites, 3 Azure regions)",Multi,operational,CLAIMED,primary_company,A,O,gfa_sqm,Gross floor area,S6,S4,research,,,,RG-003 RG-010 RG-011 RG-027 RG-048 RG-051 RG-056,,"fleet record, not a single site"
SITE_MS_AU_FLEET,"Microsoft Australia datacentre fleet (29 sites, 3 Azure regions)",Multi,operational,CLAIMED,primary_company,A,O,capital_cost_aud,Capital cost,S6,S4,research,,,,RG-003 RG-010 RG-011 RG-027 RG-048 RG-051 RG-056,,"fleet record, not a single site"
SITE_MS_AU_FLEET,"Microsoft Australia datacentre fleet (29 sites, 3 Azure regions)",Multi,operational,CLAIMED,primary_company,A,O,construction_jobs,Construction jobs,S6,S4,research,,,,RG-003 RG-010 RG-011 RG-027 RG-048 RG-051 RG-056,,"fleet record, not a single site"
SITE_MS_AU_FLEET,"Microsoft Australia datacentre fleet (29 sites, 3 Azure regions)",Multi,operational,CLAIMED,primary_company,A,O,operational_jobs,Operational jobs,S6,S4,research,,,,RG-003 RG-010 RG-011 RG-027 RG-048 RG-051 RG-056,,"fleet record, not a single site"
SITE_MS_AU_FLEET,"Microsoft Australia datacentre fleet (29 sites, 3 Azure regions)",Multi,operational,CLAIMED,primary_company,A,O,operational_from,Operational from,S4,S6,research,,,,RG-013 RG-024 RG-071 RG-091,,"fleet record, not a single site"
SITE_MS_AU_FLEET,"Microsoft Australia datacentre fleet (29 sites, 3 Azure regions)",Multi,operational,CLAIMED,primary_company,A,O,target_completion,Target completion,S4,S6,research,,,,RG-013 RG-024 RG-071 RG-091,not_applicable,"fleet record, not a single site"
SITE_MSFT_KEMPS,Microsoft Kemps Creek Data Centre Campus,NSW,operational,VERIFIED,primary_planning_portal,A,P,total_capacity_mw,Total capacity,S2,,research,Penrith,portal record,RG-013 RG-024,RG-034 RG-037 RG-053 RG-073,,
SITE_MSFT_KEMPS,Microsoft Kemps Creek Data Centre Campus,NSW,operational,VERIFIED,primary_planning_portal,A,P,max_capacity_mw,Maximum capacity,S2,,research,Penrith,portal record,RG-013 RG-024,RG-034 RG-037 RG-053 RG-073,,
SITE_MSFT_KEMPS,Microsoft Kemps Creek Data Centre Campus,NSW,operational,VERIFIED,primary_planning_portal,A,P,first_phase_mw,First phase capacity,S2,,research,Penrith,portal record,RG-013 RG-024,RG-034 RG-037 RG-053 RG-073,,
SITE_MSFT_KEMPS,Microsoft Kemps Creek Data Centre Campus,NSW,operational,VERIFIED,primary_planning_portal,A,P,live_capacity_mw,Live capacity,S7,,research,Penrith,portal record,RG-013 RG-024,RG-017 RG-021 RG-035 RG-036 RG-052 RG-059 RG-064 RG-081,,never filled from it_capacity_mw
SITE_MSFT_KEMPS,Microsoft Kemps Creek Data Centre Campus,NSW,operational,VERIFIED,primary_planning_portal,A,P,cooling_type,Cooling type,S2,S7,research,Penrith,portal record,RG-013 RG-024,RG-034 RG-037 RG-053 RG-073,,
SITE_MSFT_KEMPS,Microsoft Kemps Creek Data Centre Campus,NSW,operational,VERIFIED,primary_planning_portal,A,P,rack_density_kw,Rack density,S2,S7,research,Penrith,portal record,RG-013 RG-024,RG-034 RG-037 RG-053 RG-073,,
SITE_MSFT_KEMPS,Microsoft Kemps Creek Data Centre Campus,NSW,operational,VERIFIED,primary_planning_portal,A,P,grid_connection,Grid connection,LOADER,,in pipeline,Penrith,portal record,RG-013 RG-024,,,power_profile.connection_type holds a value; the loader does not map it
SITE_MSFT_KEMPS,Microsoft Kemps Creek Data Centre Campus,NSW,operational,VERIFIED,primary_planning_portal,A,P,water_usage,Water usage,S2,S7,research,Penrith,portal record,RG-013 RG-024,RG-034 RG-037 RG-053 RG-073,,
SITE_MSFT_KEMPS,Microsoft Kemps Creek Data Centre Campus,NSW,operational,VERIFIED,primary_planning_portal,A,P,hcf_certified,HCF certification,S3,,research,Penrith,portal record,RG-013 RG-024,,,stored as the string 'unknown'; not on the HCF register (RG-096)
SITE_MSFT_KEMPS,Microsoft Kemps Creek Data Centre Campus,NSW,operational,VERIFIED,primary_planning_portal,A,P,construction_jobs,Construction jobs,S2,,research,Penrith,portal record,RG-013 RG-024,RG-034 RG-037 RG-053 RG-073,,
SITE_MSFT_KEMPS,Microsoft Kemps Creek Data Centre Campus,NSW,operational,VERIFIED,primary_planning_portal,A,P,operational_jobs,Operational jobs,S2,,research,Penrith,portal record,RG-013 RG-024,RG-034 RG-037 RG-053 RG-073,,
SITE_MSFT_KEMPS,Microsoft Kemps Creek Data Centre Campus,NSW,operational,VERIFIED,primary_planning_portal,A,P,operational_from,Operational from,S2,S4,research,Penrith,portal record,RG-013 RG-024,RG-034 RG-037 RG-053 RG-073,,
SITE_MSFT_KEMPS,Microsoft Kemps Creek Data Centre Campus,NSW,operational,VERIFIED,primary_planning_portal,A,P,target_completion,Target completion,S2,S4,research,Penrith,portal record,RG-013 RG-024,RG-034 RG-037 RG-053 RG-073,not_applicable,
SITE_MOWBRAY_RD,Mowbray Road Data Centre,NSW,withdrawn,VERIFIED,primary_planning_portal,A,P,operator,Operator,S2,S7,research,,portal record,,RG-034 RG-037 RG-053 RG-073,,
SITE_MOWBRAY_RD,Mowbray Road Data Centre,NSW,withdrawn,VERIFIED,primary_planning_portal,A,P,proponent,Proponent,S2,S7,research,,portal record,,RG-034 RG-037 RG-053 RG-073,,
SITE_MOWBRAY_RD,Mowbray Road Data Centre,NSW,withdrawn,VERIFIED,primary_planning_portal,A,P,total_capacity_mw,Total capacity,S2,,research,,portal record,,RG-034 RG-037 RG-053 RG-073,,
SITE_MOWBRAY_RD,Mowbray Road Data Centre,NSW,withdrawn,VERIFIED,primary_planning_portal,A,P,it_capacity_mw,IT capacity,S2,,research,,portal record,,RG-034 RG-037 RG-053 RG-073,,
SITE_MOWBRAY_RD,Mowbray Road Data Centre,NSW,withdrawn,VERIFIED,primary_planning_portal,A,P,max_capacity_mw,Maximum capacity,S2,,research,,portal record,,RG-034 RG-037 RG-053 RG-073,,
SITE_MOWBRAY_RD,Mowbray Road Data Centre,NSW,withdrawn,VERIFIED,primary_planning_portal,A,P,first_phase_mw,First phase capacity,S2,,research,,portal record,,RG-034 RG-037 RG-053 RG-073,,
SITE_MOWBRAY_RD,Mowbray Road Data Centre,NSW,withdrawn,VERIFIED,primary_planning_portal,A,P,live_capacity_mw,Live capacity,S7,,research,,portal record,,RG-017 RG-021 RG-035 RG-036 RG-052 RG-059 RG-064 RG-081,not_applicable,never filled from it_capacity_mw
SITE_MOWBRAY_RD,Mowbray Road Data Centre,NSW,withdrawn,VERIFIED,primary_planning_portal,A,P,cooling_type,Cooling type,S2,S7,research,,portal record,,RG-034 RG-037 RG-053 RG-073,,
SITE_MOWBRAY_RD,Mowbray Road Data Centre,NSW,withdrawn,VERIFIED,primary_planning_portal,A,P,rack_density_kw,Rack density,S2,S7,research,,portal record,,RG-034 RG-037 RG-053 RG-073,,
SITE_MOWBRAY_RD,Mowbray Road Data Centre,NSW,withdrawn,VERIFIED,primary_planning_portal,A,P,grid_connection,Grid connection,S2,S7,research,,portal record,,RG-034 RG-037 RG-053 RG-073,,
SITE_MOWBRAY_RD,Mowbray Road Data Centre,NSW,withdrawn,VERIFIED,primary_planning_portal,A,P,water_usage,Water usage,S2,S7,research,,portal record,,RG-034 RG-037 RG-053 RG-073,,
SITE_MOWBRAY_RD,Mowbray Road Data Centre,NSW,withdrawn,VERIFIED,primary_planning_portal,A,P,hcf_certified,HCF certification,S3,,research,,portal record,,,not_applicable,not on the HCF register (RG-096)
SITE_MOWBRAY_RD,Mowbray Road Data Centre,NSW,withdrawn,VERIFIED,primary_planning_portal,A,P,campus_area_ha,Campus area,S2,,research,,portal record,,RG-034 RG-037 RG-053 RG-073,,
SITE_MOWBRAY_RD,Mowbray Road Data Centre,NSW,withdrawn,VERIFIED,primary_planning_portal,A,P,gfa_sqm,Gross floor area,S2,,research,,portal record,,RG-034 RG-037 RG-053 RG-073,,
SITE_MOWBRAY_RD,Mowbray Road Data Centre,NSW,withdrawn,VERIFIED,primary_planning_portal,A,P,capital_cost_aud,Capital cost,S2,,research,,portal record,,RG-034 RG-037 RG-053 RG-073,,
SITE_MOWBRAY_RD,Mowbray Road Data Centre,NSW,withdrawn,VERIFIED,primary_planning_portal,A,P,construction_jobs,Construction jobs,S2,,research,,portal record,,RG-034 RG-037 RG-053 RG-073,,
SITE_MOWBRAY_RD,Mowbray Road Data Centre,NSW,withdrawn,VERIFIED,primary_planning_portal,A,P,operational_jobs,Operational jobs,S2,,research,,portal record,,RG-034 RG-037 RG-053 RG-073,,
SITE_MOWBRAY_RD,Mowbray Road Data Centre,NSW,withdrawn,VERIFIED,primary_planning_portal,A,P,operational_from,Operational from,S2,S4,research,,portal record,,RG-034 RG-037 RG-053 RG-073,not_applicable,
SITE_MOWBRAY_RD,Mowbray Road Data Centre,NSW,withdrawn,VERIFIED,primary_planning_portal,A,P,target_completion,Target completion,S2,S4,research,,portal record,,RG-034 RG-037 RG-053 RG-073,not_applicable,
SITE_NEXTDC_A1,NEXTDC A1 Adelaide,SA,operational,REPORTED,market_research,B,O,proponent,Proponent,S4,S6,research,,,,RG-013 RG-024 RG-071 RG-091,,
SITE_NEXTDC_A1,NEXTDC A1 Adelaide,SA,operational,REPORTED,market_research,B,O,lga,Council,S4,S6,research,,,,RG-013 RG-024 RG-071 RG-091,,
SITE_NEXTDC_A1,NEXTDC A1 Adelaide,SA,operational,REPORTED,market_research,B,O,address,Address,S4,S6,research,,,,RG-013 RG-024 RG-071 RG-091,,
SITE_NEXTDC_A1,NEXTDC A1 Adelaide,SA,operational,REPORTED,market_research,B,O,lat,Coordinates,S4,S6,research,,,,RG-013 RG-024 RG-071 RG-091,,
SITE_NEXTDC_A1,NEXTDC A1 Adelaide,SA,operational,REPORTED,market_research,B,O,total_capacity_mw,Total capacity,S4,S6,research,,,,RG-013 RG-024 RG-071 RG-091,,
SITE_NEXTDC_A1,NEXTDC A1 Adelaide,SA,operational,REPORTED,market_research,B,O,it_capacity_mw,IT capacity,S4,S6,research,,,,RG-013 RG-024 RG-071 RG-091,,
SITE_NEXTDC_A1,NEXTDC A1 Adelaide,SA,operational,REPORTED,market_research,B,O,max_capacity_mw,Maximum capacity,S4,S6,research,,,,RG-013 RG-024 RG-071 RG-091,,
SITE_NEXTDC_A1,NEXTDC A1 Adelaide,SA,operational,REPORTED,market_research,B,O,first_phase_mw,First phase capacity,S4,S6,research,,,,RG-013 RG-024 RG-071 RG-091,,
SITE_NEXTDC_A1,NEXTDC A1 Adelaide,SA,operational,REPORTED,market_research,B,O,live_capacity_mw,Live capacity,S7,,research,,,,RG-017 RG-021 RG-035 RG-036 RG-052 RG-059 RG-064 RG-081,,never filled from it_capacity_mw
SITE_NEXTDC_A1,NEXTDC A1 Adelaide,SA,operational,REPORTED,market_research,B,O,cooling_type,Cooling type,S4,S7,research,,,,RG-013 RG-024 RG-071 RG-091,,
SITE_NEXTDC_A1,NEXTDC A1 Adelaide,SA,operational,REPORTED,market_research,B,O,rack_density_kw,Rack density,S4,S7,research,,,,RG-013 RG-024 RG-071 RG-091,,
SITE_NEXTDC_A1,NEXTDC A1 Adelaide,SA,operational,REPORTED,market_research,B,O,grid_connection,Grid connection,S7,S4,research,,,,RG-017 RG-021 RG-035 RG-036 RG-052 RG-059 RG-064 RG-081,,
SITE_NEXTDC_A1,NEXTDC A1 Adelaide,SA,operational,REPORTED,market_research,B,O,water_usage,Water usage,S7,S4,research,,,,RG-017 RG-021 RG-035 RG-036 RG-052 RG-059 RG-064 RG-081,,
SITE_NEXTDC_A1,NEXTDC A1 Adelaide,SA,operational,REPORTED,market_research,B,O,campus_area_ha,Campus area,S6,S4,research,,,,RG-003 RG-010 RG-011 RG-027 RG-048 RG-051 RG-056,,
SITE_NEXTDC_A1,NEXTDC A1 Adelaide,SA,operational,REPORTED,market_research,B,O,gfa_sqm,Gross floor area,S6,S4,research,,,,RG-003 RG-010 RG-011 RG-027 RG-048 RG-051 RG-056,,
SITE_NEXTDC_A1,NEXTDC A1 Adelaide,SA,operational,REPORTED,market_research,B,O,capital_cost_aud,Capital cost,S6,S4,research,,,,RG-003 RG-010 RG-011 RG-027 RG-048 RG-051 RG-056,,
SITE_NEXTDC_A1,NEXTDC A1 Adelaide,SA,operational,REPORTED,market_research,B,O,construction_jobs,Construction jobs,S6,S4,research,,,,RG-003 RG-010 RG-011 RG-027 RG-048 RG-051 RG-056,,
SITE_NEXTDC_A1,NEXTDC A1 Adelaide,SA,operational,REPORTED,market_research,B,O,operational_jobs,Operational jobs,S6,S4,research,,,,RG-003 RG-010 RG-011 RG-027 RG-048 RG-051 RG-056,,
SITE_NEXTDC_A1,NEXTDC A1 Adelaide,SA,operational,REPORTED,market_research,B,O,operational_from,Operational from,S4,S6,research,,,,RG-013 RG-024 RG-071 RG-091,,
SITE_NEXTDC_A1,NEXTDC A1 Adelaide,SA,operational,REPORTED,market_research,B,O,target_completion,Target completion,S4,S6,research,,,,RG-013 RG-024 RG-071 RG-091,not_applicable,
SITE_NEXTDC_C1,NEXTDC C1 Canberra,ACT,operational,REPORTED,market_research,B,O,proponent,Proponent,S4,S6,research,,,,RG-013 RG-024 RG-071 RG-091,,
SITE_NEXTDC_C1,NEXTDC C1 Canberra,ACT,operational,REPORTED,market_research,B,O,lga,Council,S4,S6,research,,,,RG-013 RG-024 RG-071 RG-091,,
SITE_NEXTDC_C1,NEXTDC C1 Canberra,ACT,operational,REPORTED,market_research,B,O,address,Address,S4,S6,research,,,,RG-013 RG-024 RG-071 RG-091,,
SITE_NEXTDC_C1,NEXTDC C1 Canberra,ACT,operational,REPORTED,market_research,B,O,lat,Coordinates,S4,S6,research,,,,RG-013 RG-024 RG-071 RG-091,,
SITE_NEXTDC_C1,NEXTDC C1 Canberra,ACT,operational,REPORTED,market_research,B,O,total_capacity_mw,Total capacity,S4,S6,research,,,,RG-013 RG-024 RG-071 RG-091,,
SITE_NEXTDC_C1,NEXTDC C1 Canberra,ACT,operational,REPORTED,market_research,B,O,it_capacity_mw,IT capacity,S4,S6,research,,,,RG-013 RG-024 RG-071 RG-091,,
SITE_NEXTDC_C1,NEXTDC C1 Canberra,ACT,operational,REPORTED,market_research,B,O,max_capacity_mw,Maximum capacity,S4,S6,research,,,,RG-013 RG-024 RG-071 RG-091,,
SITE_NEXTDC_C1,NEXTDC C1 Canberra,ACT,operational,REPORTED,market_research,B,O,first_phase_mw,First phase capacity,S4,S6,research,,,,RG-013 RG-024 RG-071 RG-091,,
SITE_NEXTDC_C1,NEXTDC C1 Canberra,ACT,operational,REPORTED,market_research,B,O,live_capacity_mw,Live capacity,S7,,research,,,,RG-017 RG-021 RG-035 RG-036 RG-052 RG-059 RG-064 RG-081,,never filled from it_capacity_mw
SITE_NEXTDC_C1,NEXTDC C1 Canberra,ACT,operational,REPORTED,market_research,B,O,cooling_type,Cooling type,S4,S7,research,,,,RG-013 RG-024 RG-071 RG-091,,
SITE_NEXTDC_C1,NEXTDC C1 Canberra,ACT,operational,REPORTED,market_research,B,O,rack_density_kw,Rack density,S4,S7,research,,,,RG-013 RG-024 RG-071 RG-091,,
SITE_NEXTDC_C1,NEXTDC C1 Canberra,ACT,operational,REPORTED,market_research,B,O,grid_connection,Grid connection,S7,S4,research,,,,RG-017 RG-021 RG-035 RG-036 RG-052 RG-059 RG-064 RG-081,,
SITE_NEXTDC_C1,NEXTDC C1 Canberra,ACT,operational,REPORTED,market_research,B,O,water_usage,Water usage,S7,S4,research,,,,RG-017 RG-021 RG-035 RG-036 RG-052 RG-059 RG-064 RG-081,,
SITE_NEXTDC_C1,NEXTDC C1 Canberra,ACT,operational,REPORTED,market_research,B,O,campus_area_ha,Campus area,S6,S4,research,,,,RG-003 RG-010 RG-011 RG-027 RG-048 RG-051 RG-056,,
SITE_NEXTDC_C1,NEXTDC C1 Canberra,ACT,operational,REPORTED,market_research,B,O,gfa_sqm,Gross floor area,S6,S4,research,,,,RG-003 RG-010 RG-011 RG-027 RG-048 RG-051 RG-056,,
SITE_NEXTDC_C1,NEXTDC C1 Canberra,ACT,operational,REPORTED,market_research,B,O,capital_cost_aud,Capital cost,S6,S4,research,,,,RG-003 RG-010 RG-011 RG-027 RG-048 RG-051 RG-056,,
SITE_NEXTDC_C1,NEXTDC C1 Canberra,ACT,operational,REPORTED,market_research,B,O,construction_jobs,Construction jobs,S6,S4,research,,,,RG-003 RG-010 RG-011 RG-027 RG-048 RG-051 RG-056,,
SITE_NEXTDC_C1,NEXTDC C1 Canberra,ACT,operational,REPORTED,market_research,B,O,operational_jobs,Operational jobs,S6,S4,research,,,,RG-003 RG-010 RG-011 RG-027 RG-048 RG-051 RG-056,,
SITE_NEXTDC_C1,NEXTDC C1 Canberra,ACT,operational,REPORTED,market_research,B,O,operational_from,Operational from,S4,S6,research,,,,RG-013 RG-024 RG-071 RG-091,,
SITE_NEXTDC_C1,NEXTDC C1 Canberra,ACT,operational,REPORTED,market_research,B,O,target_completion,Target completion,S4,S6,research,,,,RG-013 RG-024 RG-071 RG-091,not_applicable,
SITE_NEXTDC_D1,NEXTDC D1 Darwin,NT,operational,REPORTED,market_research,B,O,proponent,Proponent,S4,S6,research,,,,RG-013 RG-024 RG-071 RG-091,,
SITE_NEXTDC_D1,NEXTDC D1 Darwin,NT,operational,REPORTED,market_research,B,O,lga,Council,S4,S6,research,,,,RG-013 RG-024 RG-071 RG-091,,
SITE_NEXTDC_D1,NEXTDC D1 Darwin,NT,operational,REPORTED,market_research,B,O,address,Address,S4,S6,research,,,,RG-013 RG-024 RG-071 RG-091,,
SITE_NEXTDC_D1,NEXTDC D1 Darwin,NT,operational,REPORTED,market_research,B,O,lat,Coordinates,S4,S6,research,,,,RG-013 RG-024 RG-071 RG-091,,
SITE_NEXTDC_D1,NEXTDC D1 Darwin,NT,operational,REPORTED,market_research,B,O,total_capacity_mw,Total capacity,S4,S6,research,,,,RG-013 RG-024 RG-071 RG-091,,
SITE_NEXTDC_D1,NEXTDC D1 Darwin,NT,operational,REPORTED,market_research,B,O,it_capacity_mw,IT capacity,S4,S6,research,,,,RG-013 RG-024 RG-071 RG-091,,
SITE_NEXTDC_D1,NEXTDC D1 Darwin,NT,operational,REPORTED,market_research,B,O,max_capacity_mw,Maximum capacity,S4,S6,research,,,,RG-013 RG-024 RG-071 RG-091,,
SITE_NEXTDC_D1,NEXTDC D1 Darwin,NT,operational,REPORTED,market_research,B,O,first_phase_mw,First phase capacity,S4,S6,research,,,,RG-013 RG-024 RG-071 RG-091,,
SITE_NEXTDC_D1,NEXTDC D1 Darwin,NT,operational,REPORTED,market_research,B,O,live_capacity_mw,Live capacity,S7,,research,,,,RG-017 RG-021 RG-035 RG-036 RG-052 RG-059 RG-064 RG-081,,never filled from it_capacity_mw
SITE_NEXTDC_D1,NEXTDC D1 Darwin,NT,operational,REPORTED,market_research,B,O,cooling_type,Cooling type,S4,S7,research,,,,RG-013 RG-024 RG-071 RG-091,,
SITE_NEXTDC_D1,NEXTDC D1 Darwin,NT,operational,REPORTED,market_research,B,O,rack_density_kw,Rack density,S4,S7,research,,,,RG-013 RG-024 RG-071 RG-091,,
SITE_NEXTDC_D1,NEXTDC D1 Darwin,NT,operational,REPORTED,market_research,B,O,grid_connection,Grid connection,S7,S4,research,,,,RG-017 RG-021 RG-035 RG-036 RG-052 RG-059 RG-064 RG-081,,
SITE_NEXTDC_D1,NEXTDC D1 Darwin,NT,operational,REPORTED,market_research,B,O,water_usage,Water usage,S7,S4,research,,,,RG-017 RG-021 RG-035 RG-036 RG-052 RG-059 RG-064 RG-081,,
SITE_NEXTDC_D1,NEXTDC D1 Darwin,NT,operational,REPORTED,market_research,B,O,campus_area_ha,Campus area,S6,S4,research,,,,RG-003 RG-010 RG-011 RG-027 RG-048 RG-051 RG-056,,
SITE_NEXTDC_D1,NEXTDC D1 Darwin,NT,operational,REPORTED,market_research,B,O,gfa_sqm,Gross floor area,S6,S4,research,,,,RG-003 RG-010 RG-011 RG-027 RG-048 RG-051 RG-056,,
SITE_NEXTDC_D1,NEXTDC D1 Darwin,NT,operational,REPORTED,market_research,B,O,capital_cost_aud,Capital cost,S6,S4,research,,,,RG-003 RG-010 RG-011 RG-027 RG-048 RG-051 RG-056,,
SITE_NEXTDC_D1,NEXTDC D1 Darwin,NT,operational,REPORTED,market_research,B,O,construction_jobs,Construction jobs,S6,S4,research,,,,RG-003 RG-010 RG-011 RG-027 RG-048 RG-051 RG-056,,
SITE_NEXTDC_D1,NEXTDC D1 Darwin,NT,operational,REPORTED,market_research,B,O,operational_jobs,Operational jobs,S6,S4,research,,,,RG-003 RG-010 RG-011 RG-027 RG-048 RG-051 RG-056,,
SITE_NEXTDC_D1,NEXTDC D1 Darwin,NT,operational,REPORTED,market_research,B,O,operational_from,Operational from,S4,S6,research,,,,RG-013 RG-024 RG-071 RG-091,,
SITE_NEXTDC_D1,NEXTDC D1 Darwin,NT,operational,REPORTED,market_research,B,O,target_completion,Target completion,S4,S6,research,,,,RG-013 RG-024 RG-071 RG-091,not_applicable,
SITE_NEXTDC_M123,NEXTDC M1 / M2 / M3 Melbourne,VIC,operational,REPORTED,law_firm_analysis,B,O,proponent,Proponent,S4,S6,research,,,,RG-013 RG-024 RG-071 RG-091,,
SITE_NEXTDC_M123,NEXTDC M1 / M2 / M3 Melbourne,VIC,operational,REPORTED,law_firm_analysis,B,O,lga,Council,S4,S6,research,,,,RG-013 RG-024 RG-071 RG-091,,
SITE_NEXTDC_M123,NEXTDC M1 / M2 / M3 Melbourne,VIC,operational,REPORTED,law_firm_analysis,B,O,address,Address,S4,S6,research,,,,RG-013 RG-024 RG-071 RG-091,,
SITE_NEXTDC_M123,NEXTDC M1 / M2 / M3 Melbourne,VIC,operational,REPORTED,law_firm_analysis,B,O,lat,Coordinates,S4,S6,research,,,,RG-013 RG-024 RG-071 RG-091,,
SITE_NEXTDC_M123,NEXTDC M1 / M2 / M3 Melbourne,VIC,operational,REPORTED,law_firm_analysis,B,O,total_capacity_mw,Total capacity,S4,S6,research,,,,RG-013 RG-024 RG-071 RG-091,,
SITE_NEXTDC_M123,NEXTDC M1 / M2 / M3 Melbourne,VIC,operational,REPORTED,law_firm_analysis,B,O,it_capacity_mw,IT capacity,S4,S6,research,,,,RG-013 RG-024 RG-071 RG-091,,
SITE_NEXTDC_M123,NEXTDC M1 / M2 / M3 Melbourne,VIC,operational,REPORTED,law_firm_analysis,B,O,max_capacity_mw,Maximum capacity,S4,S6,research,,,,RG-013 RG-024 RG-071 RG-091,,
SITE_NEXTDC_M123,NEXTDC M1 / M2 / M3 Melbourne,VIC,operational,REPORTED,law_firm_analysis,B,O,first_phase_mw,First phase capacity,S4,S6,research,,,,RG-013 RG-024 RG-071 RG-091,,
SITE_NEXTDC_M123,NEXTDC M1 / M2 / M3 Melbourne,VIC,operational,REPORTED,law_firm_analysis,B,O,live_capacity_mw,Live capacity,S7,,research,,,,RG-017 RG-021 RG-035 RG-036 RG-052 RG-059 RG-064 RG-081,,never filled from it_capacity_mw
SITE_NEXTDC_M123,NEXTDC M1 / M2 / M3 Melbourne,VIC,operational,REPORTED,law_firm_analysis,B,O,cooling_type,Cooling type,S4,S7,research,,,,RG-013 RG-024 RG-071 RG-091,,
SITE_NEXTDC_M123,NEXTDC M1 / M2 / M3 Melbourne,VIC,operational,REPORTED,law_firm_analysis,B,O,rack_density_kw,Rack density,S4,S7,research,,,,RG-013 RG-024 RG-071 RG-091,,
SITE_NEXTDC_M123,NEXTDC M1 / M2 / M3 Melbourne,VIC,operational,REPORTED,law_firm_analysis,B,O,grid_connection,Grid connection,S7,S4,research,,,,RG-017 RG-021 RG-035 RG-036 RG-052 RG-059 RG-064 RG-081,,
SITE_NEXTDC_M123,NEXTDC M1 / M2 / M3 Melbourne,VIC,operational,REPORTED,law_firm_analysis,B,O,water_usage,Water usage,S7,S4,research,,,,RG-017 RG-021 RG-035 RG-036 RG-052 RG-059 RG-064 RG-081,,
SITE_NEXTDC_M123,NEXTDC M1 / M2 / M3 Melbourne,VIC,operational,REPORTED,law_firm_analysis,B,O,campus_area_ha,Campus area,S6,S4,research,,,,RG-003 RG-010 RG-011 RG-027 RG-048 RG-051 RG-056,,
SITE_NEXTDC_M123,NEXTDC M1 / M2 / M3 Melbourne,VIC,operational,REPORTED,law_firm_analysis,B,O,gfa_sqm,Gross floor area,S6,S4,research,,,,RG-003 RG-010 RG-011 RG-027 RG-048 RG-051 RG-056,,
SITE_NEXTDC_M123,NEXTDC M1 / M2 / M3 Melbourne,VIC,operational,REPORTED,law_firm_analysis,B,O,capital_cost_aud,Capital cost,S6,S4,research,,,,RG-003 RG-010 RG-011 RG-027 RG-048 RG-051 RG-056,,
SITE_NEXTDC_M123,NEXTDC M1 / M2 / M3 Melbourne,VIC,operational,REPORTED,law_firm_analysis,B,O,construction_jobs,Construction jobs,S6,S4,research,,,,RG-003 RG-010 RG-011 RG-027 RG-048 RG-051 RG-056,,
SITE_NEXTDC_M123,NEXTDC M1 / M2 / M3 Melbourne,VIC,operational,REPORTED,law_firm_analysis,B,O,operational_jobs,Operational jobs,S6,S4,research,,,,RG-003 RG-010 RG-011 RG-027 RG-048 RG-051 RG-056,,
SITE_NEXTDC_M123,NEXTDC M1 / M2 / M3 Melbourne,VIC,operational,REPORTED,law_firm_analysis,B,O,operational_from,Operational from,S4,S6,research,,,,RG-013 RG-024 RG-071 RG-091,,
SITE_NEXTDC_M123,NEXTDC M1 / M2 / M3 Melbourne,VIC,operational,REPORTED,law_firm_analysis,B,O,target_completion,Target completion,S4,S6,research,,,,RG-013 RG-024 RG-071 RG-091,not_applicable,
SITE_NEXTDC_M4,NEXTDC M4 Melbourne (Fishermans Bend),VIC,approved,REPORTED,market_research,B,O,proponent,Proponent,S4,S6,research,,,,RG-013 RG-024 RG-071 RG-091,,
SITE_NEXTDC_M4,NEXTDC M4 Melbourne (Fishermans Bend),VIC,approved,REPORTED,market_research,B,O,address,Address,S4,S6,research,,,,RG-013 RG-024 RG-071 RG-091,,
SITE_NEXTDC_M4,NEXTDC M4 Melbourne (Fishermans Bend),VIC,approved,REPORTED,market_research,B,O,lat,Coordinates,S4,S6,research,,,,RG-013 RG-024 RG-071 RG-091,,
SITE_NEXTDC_M4,NEXTDC M4 Melbourne (Fishermans Bend),VIC,approved,REPORTED,market_research,B,O,total_capacity_mw,Total capacity,S4,S6,research,,,,RG-013 RG-024 RG-071 RG-091,,
SITE_NEXTDC_M4,NEXTDC M4 Melbourne (Fishermans Bend),VIC,approved,REPORTED,market_research,B,O,max_capacity_mw,Maximum capacity,S4,S6,research,,,,RG-013 RG-024 RG-071 RG-091,,
SITE_NEXTDC_M4,NEXTDC M4 Melbourne (Fishermans Bend),VIC,approved,REPORTED,market_research,B,O,first_phase_mw,First phase capacity,S4,S6,research,,,,RG-013 RG-024 RG-071 RG-091,,
SITE_NEXTDC_M4,NEXTDC M4 Melbourne (Fishermans Bend),VIC,approved,REPORTED,market_research,B,O,live_capacity_mw,Live capacity,S7,,research,,,,RG-017 RG-021 RG-035 RG-036 RG-052 RG-059 RG-064 RG-081,not_applicable,never filled from it_capacity_mw
SITE_NEXTDC_M4,NEXTDC M4 Melbourne (Fishermans Bend),VIC,approved,REPORTED,market_research,B,O,cooling_type,Cooling type,S4,S7,research,,,,RG-013 RG-024 RG-071 RG-091,,
SITE_NEXTDC_M4,NEXTDC M4 Melbourne (Fishermans Bend),VIC,approved,REPORTED,market_research,B,O,rack_density_kw,Rack density,S4,S7,research,,,,RG-013 RG-024 RG-071 RG-091,,
SITE_NEXTDC_M4,NEXTDC M4 Melbourne (Fishermans Bend),VIC,approved,REPORTED,market_research,B,O,grid_connection,Grid connection,S7,S4,research,,,,RG-017 RG-021 RG-035 RG-036 RG-052 RG-059 RG-064 RG-081,,
SITE_NEXTDC_M4,NEXTDC M4 Melbourne (Fishermans Bend),VIC,approved,REPORTED,market_research,B,O,water_usage,Water usage,S7,S4,research,,,,RG-017 RG-021 RG-035 RG-036 RG-052 RG-059 RG-064 RG-081,,
SITE_NEXTDC_M4,NEXTDC M4 Melbourne (Fishermans Bend),VIC,approved,REPORTED,market_research,B,O,hcf_certified,HCF certification,S3,,research,,,,,not_applicable,stored as the string 'unknown'; not on the HCF register (RG-096)
SITE_NEXTDC_M4,NEXTDC M4 Melbourne (Fishermans Bend),VIC,approved,REPORTED,market_research,B,O,campus_area_ha,Campus area,S6,S4,research,,,,RG-003 RG-010 RG-011 RG-027 RG-048 RG-051 RG-056,,
SITE_NEXTDC_M4,NEXTDC M4 Melbourne (Fishermans Bend),VIC,approved,REPORTED,market_research,B,O,gfa_sqm,Gross floor area,S6,S4,research,,,,RG-003 RG-010 RG-011 RG-027 RG-048 RG-051 RG-056,,
SITE_NEXTDC_M4,NEXTDC M4 Melbourne (Fishermans Bend),VIC,approved,REPORTED,market_research,B,O,construction_jobs,Construction jobs,S6,S4,research,,,,RG-003 RG-010 RG-011 RG-027 RG-048 RG-051 RG-056,,
SITE_NEXTDC_M4,NEXTDC M4 Melbourne (Fishermans Bend),VIC,approved,REPORTED,market_research,B,O,operational_jobs,Operational jobs,S6,S4,research,,,,RG-003 RG-010 RG-011 RG-027 RG-048 RG-051 RG-056,,
SITE_NEXTDC_M4,NEXTDC M4 Melbourne (Fishermans Bend),VIC,approved,REPORTED,market_research,B,O,operational_from,Operational from,S4,S6,research,,,,RG-013 RG-024 RG-071 RG-091,,
SITE_NEXTDC_M4,NEXTDC M4 Melbourne (Fishermans Bend),VIC,approved,REPORTED,market_research,B,O,target_completion,Target completion,S4,S6,research,,,,RG-013 RG-024 RG-071 RG-091,,
SITE_NEXTDC_P12,NEXTDC P1 / P2 Perth,WA,operational,REPORTED,market_research,B,O,proponent,Proponent,S4,S6,research,,,,RG-013 RG-024 RG-071 RG-091,,
SITE_NEXTDC_P12,NEXTDC P1 / P2 Perth,WA,operational,REPORTED,market_research,B,O,lga,Council,S4,S6,research,,,,RG-013 RG-024 RG-071 RG-091,,
SITE_NEXTDC_P12,NEXTDC P1 / P2 Perth,WA,operational,REPORTED,market_research,B,O,address,Address,S4,S6,research,,,,RG-013 RG-024 RG-071 RG-091,,
SITE_NEXTDC_P12,NEXTDC P1 / P2 Perth,WA,operational,REPORTED,market_research,B,O,lat,Coordinates,S4,S6,research,,,,RG-013 RG-024 RG-071 RG-091,,
SITE_NEXTDC_P12,NEXTDC P1 / P2 Perth,WA,operational,REPORTED,market_research,B,O,total_capacity_mw,Total capacity,S4,S6,research,,,,RG-013 RG-024 RG-071 RG-091,,
SITE_NEXTDC_P12,NEXTDC P1 / P2 Perth,WA,operational,REPORTED,market_research,B,O,it_capacity_mw,IT capacity,S4,S6,research,,,,RG-013 RG-024 RG-071 RG-091,,
SITE_NEXTDC_P12,NEXTDC P1 / P2 Perth,WA,operational,REPORTED,market_research,B,O,max_capacity_mw,Maximum capacity,S4,S6,research,,,,RG-013 RG-024 RG-071 RG-091,,
SITE_NEXTDC_P12,NEXTDC P1 / P2 Perth,WA,operational,REPORTED,market_research,B,O,first_phase_mw,First phase capacity,S4,S6,research,,,,RG-013 RG-024 RG-071 RG-091,,
SITE_NEXTDC_P12,NEXTDC P1 / P2 Perth,WA,operational,REPORTED,market_research,B,O,live_capacity_mw,Live capacity,S7,,research,,,,RG-017 RG-021 RG-035 RG-036 RG-052 RG-059 RG-064 RG-081,,never filled from it_capacity_mw
SITE_NEXTDC_P12,NEXTDC P1 / P2 Perth,WA,operational,REPORTED,market_research,B,O,cooling_type,Cooling type,S4,S7,research,,,,RG-013 RG-024 RG-071 RG-091,,
SITE_NEXTDC_P12,NEXTDC P1 / P2 Perth,WA,operational,REPORTED,market_research,B,O,rack_density_kw,Rack density,S4,S7,research,,,,RG-013 RG-024 RG-071 RG-091,,
SITE_NEXTDC_P12,NEXTDC P1 / P2 Perth,WA,operational,REPORTED,market_research,B,O,grid_connection,Grid connection,S7,S4,research,,,,RG-017 RG-021 RG-035 RG-036 RG-052 RG-059 RG-064 RG-081,,
SITE_NEXTDC_P12,NEXTDC P1 / P2 Perth,WA,operational,REPORTED,market_research,B,O,water_usage,Water usage,S7,S4,research,,,,RG-017 RG-021 RG-035 RG-036 RG-052 RG-059 RG-064 RG-081,,
SITE_NEXTDC_P12,NEXTDC P1 / P2 Perth,WA,operational,REPORTED,market_research,B,O,campus_area_ha,Campus area,S6,S4,research,,,,RG-003 RG-010 RG-011 RG-027 RG-048 RG-051 RG-056,,
SITE_NEXTDC_P12,NEXTDC P1 / P2 Perth,WA,operational,REPORTED,market_research,B,O,gfa_sqm,Gross floor area,S6,S4,research,,,,RG-003 RG-010 RG-011 RG-027 RG-048 RG-051 RG-056,,
SITE_NEXTDC_P12,NEXTDC P1 / P2 Perth,WA,operational,REPORTED,market_research,B,O,capital_cost_aud,Capital cost,S6,S4,research,,,,RG-003 RG-010 RG-011 RG-027 RG-048 RG-051 RG-056,,
SITE_NEXTDC_P12,NEXTDC P1 / P2 Perth,WA,operational,REPORTED,market_research,B,O,construction_jobs,Construction jobs,S6,S4,research,,,,RG-003 RG-010 RG-011 RG-027 RG-048 RG-051 RG-056,,
SITE_NEXTDC_P12,NEXTDC P1 / P2 Perth,WA,operational,REPORTED,market_research,B,O,operational_jobs,Operational jobs,S6,S4,research,,,,RG-003 RG-010 RG-011 RG-027 RG-048 RG-051 RG-056,,
SITE_NEXTDC_P12,NEXTDC P1 / P2 Perth,WA,operational,REPORTED,market_research,B,O,operational_from,Operational from,S4,S6,research,,,,RG-013 RG-024 RG-071 RG-091,,
SITE_NEXTDC_P12,NEXTDC P1 / P2 Perth,WA,operational,REPORTED,market_research,B,O,target_completion,Target completion,S4,S6,research,,,,RG-013 RG-024 RG-071 RG-091,not_applicable,
SITE_NEXTDC_S1,NEXTDC S1 Sydney,NSW,operational,REPORTED,market_research,B,O,proponent,Proponent,S4,S7,research,,,,RG-013 RG-024 RG-071 RG-091,,
SITE_NEXTDC_S1,NEXTDC S1 Sydney,NSW,operational,REPORTED,market_research,B,O,lga,Council,S4,,research,,,,RG-013 RG-024 RG-071 RG-091,,
SITE_NEXTDC_S1,NEXTDC S1 Sydney,NSW,operational,REPORTED,market_research,B,O,address,Address,S4,,research,,,,RG-013 RG-024 RG-071 RG-091,,
SITE_NEXTDC_S1,NEXTDC S1 Sydney,NSW,operational,REPORTED,market_research,B,O,lat,Coordinates,S4,,research,,,,RG-013 RG-024 RG-071 RG-091,,
SITE_NEXTDC_S1,NEXTDC S1 Sydney,NSW,operational,REPORTED,market_research,B,O,total_capacity_mw,Total capacity,S4,,research,,,,RG-013 RG-024 RG-071 RG-091,,
SITE_NEXTDC_S1,NEXTDC S1 Sydney,NSW,operational,REPORTED,market_research,B,O,it_capacity_mw,IT capacity,S4,,research,,,,RG-013 RG-024 RG-071 RG-091,,
SITE_NEXTDC_S1,NEXTDC S1 Sydney,NSW,operational,REPORTED,market_research,B,O,max_capacity_mw,Maximum capacity,S4,,research,,,,RG-013 RG-024 RG-071 RG-091,,
SITE_NEXTDC_S1,NEXTDC S1 Sydney,NSW,operational,REPORTED,market_research,B,O,first_phase_mw,First phase capacity,S4,,research,,,,RG-013 RG-024 RG-071 RG-091,,
SITE_NEXTDC_S1,NEXTDC S1 Sydney,NSW,operational,REPORTED,market_research,B,O,live_capacity_mw,Live capacity,S7,,research,,,,RG-017 RG-021 RG-035 RG-036 RG-052 RG-059 RG-064 RG-081,,never filled from it_capacity_mw
SITE_NEXTDC_S1,NEXTDC S1 Sydney,NSW,operational,REPORTED,market_research,B,O,cooling_type,Cooling type,S4,S7,research,,,,RG-013 RG-024 RG-071 RG-091,,
SITE_NEXTDC_S1,NEXTDC S1 Sydney,NSW,operational,REPORTED,market_research,B,O,rack_density_kw,Rack density,S4,S7,research,,,,RG-013 RG-024 RG-071 RG-091,,
SITE_NEXTDC_S1,NEXTDC S1 Sydney,NSW,operational,REPORTED,market_research,B,O,grid_connection,Grid connection,S7,S4,research,,,,RG-017 RG-021 RG-035 RG-036 RG-052 RG-059 RG-064 RG-081,,
SITE_NEXTDC_S1,NEXTDC S1 Sydney,NSW,operational,REPORTED,market_research,B,O,water_usage,Water usage,S7,S4,research,,,,RG-017 RG-021 RG-035 RG-036 RG-052 RG-059 RG-064 RG-081,,
SITE_NEXTDC_S1,NEXTDC S1 Sydney,NSW,operational,REPORTED,market_research,B,O,campus_area_ha,Campus area,S4,,research,,,,RG-013 RG-024 RG-071 RG-091,,
SITE_NEXTDC_S1,NEXTDC S1 Sydney,NSW,operational,REPORTED,market_research,B,O,gfa_sqm,Gross floor area,S4,,research,,,,RG-013 RG-024 RG-071 RG-091,,
SITE_NEXTDC_S1,NEXTDC S1 Sydney,NSW,operational,REPORTED,market_research,B,O,capital_cost_aud,Capital cost,S4,,research,,,,RG-013 RG-024 RG-071 RG-091,,
SITE_NEXTDC_S1,NEXTDC S1 Sydney,NSW,operational,REPORTED,market_research,B,O,construction_jobs,Construction jobs,S4,,research,,,,RG-013 RG-024 RG-071 RG-091,,
SITE_NEXTDC_S1,NEXTDC S1 Sydney,NSW,operational,REPORTED,market_research,B,O,operational_jobs,Operational jobs,S4,,research,,,,RG-013 RG-024 RG-071 RG-091,,
SITE_NEXTDC_S1,NEXTDC S1 Sydney,NSW,operational,REPORTED,market_research,B,O,operational_from,Operational from,S4,,research,,,,RG-013 RG-024 RG-071 RG-091,,
SITE_NEXTDC_S1,NEXTDC S1 Sydney,NSW,operational,REPORTED,market_research,B,O,target_completion,Target completion,S4,,research,,,,RG-013 RG-024 RG-071 RG-091,not_applicable,
SITE_NEXTDC_S2,NEXTDC S2 Sydney,NSW,operational,REPORTED,market_research,B,O,proponent,Proponent,S4,S7,research,,,,RG-013 RG-024 RG-071 RG-091,,
SITE_NEXTDC_S2,NEXTDC S2 Sydney,NSW,operational,REPORTED,market_research,B,O,lga,Council,S4,,research,,,,RG-013 RG-024 RG-071 RG-091,,
SITE_NEXTDC_S2,NEXTDC S2 Sydney,NSW,operational,REPORTED,market_research,B,O,address,Address,S4,,research,,,,RG-013 RG-024 RG-071 RG-091,,
SITE_NEXTDC_S2,NEXTDC S2 Sydney,NSW,operational,REPORTED,market_research,B,O,lat,Coordinates,S4,,research,,,,RG-013 RG-024 RG-071 RG-091,,
SITE_NEXTDC_S2,NEXTDC S2 Sydney,NSW,operational,REPORTED,market_research,B,O,total_capacity_mw,Total capacity,S4,,research,,,,RG-013 RG-024 RG-071 RG-091,,
SITE_NEXTDC_S2,NEXTDC S2 Sydney,NSW,operational,REPORTED,market_research,B,O,it_capacity_mw,IT capacity,S4,,research,,,,RG-013 RG-024 RG-071 RG-091,,
SITE_NEXTDC_S2,NEXTDC S2 Sydney,NSW,operational,REPORTED,market_research,B,O,max_capacity_mw,Maximum capacity,S4,,research,,,,RG-013 RG-024 RG-071 RG-091,,
SITE_NEXTDC_S2,NEXTDC S2 Sydney,NSW,operational,REPORTED,market_research,B,O,first_phase_mw,First phase capacity,S4,,research,,,,RG-013 RG-024 RG-071 RG-091,,
SITE_NEXTDC_S2,NEXTDC S2 Sydney,NSW,operational,REPORTED,market_research,B,O,live_capacity_mw,Live capacity,S7,,research,,,,RG-017 RG-021 RG-035 RG-036 RG-052 RG-059 RG-064 RG-081,,never filled from it_capacity_mw
SITE_NEXTDC_S2,NEXTDC S2 Sydney,NSW,operational,REPORTED,market_research,B,O,cooling_type,Cooling type,S4,S7,research,,,,RG-013 RG-024 RG-071 RG-091,,
SITE_NEXTDC_S2,NEXTDC S2 Sydney,NSW,operational,REPORTED,market_research,B,O,rack_density_kw,Rack density,S4,S7,research,,,,RG-013 RG-024 RG-071 RG-091,,
SITE_NEXTDC_S2,NEXTDC S2 Sydney,NSW,operational,REPORTED,market_research,B,O,grid_connection,Grid connection,S7,S4,research,,,,RG-017 RG-021 RG-035 RG-036 RG-052 RG-059 RG-064 RG-081,,
SITE_NEXTDC_S2,NEXTDC S2 Sydney,NSW,operational,REPORTED,market_research,B,O,water_usage,Water usage,S7,S4,research,,,,RG-017 RG-021 RG-035 RG-036 RG-052 RG-059 RG-064 RG-081,,
SITE_NEXTDC_S2,NEXTDC S2 Sydney,NSW,operational,REPORTED,market_research,B,O,campus_area_ha,Campus area,S4,,research,,,,RG-013 RG-024 RG-071 RG-091,,
SITE_NEXTDC_S2,NEXTDC S2 Sydney,NSW,operational,REPORTED,market_research,B,O,gfa_sqm,Gross floor area,S4,,research,,,,RG-013 RG-024 RG-071 RG-091,,
SITE_NEXTDC_S2,NEXTDC S2 Sydney,NSW,operational,REPORTED,market_research,B,O,capital_cost_aud,Capital cost,S4,,research,,,,RG-013 RG-024 RG-071 RG-091,,
SITE_NEXTDC_S2,NEXTDC S2 Sydney,NSW,operational,REPORTED,market_research,B,O,construction_jobs,Construction jobs,S4,,research,,,,RG-013 RG-024 RG-071 RG-091,,
SITE_NEXTDC_S2,NEXTDC S2 Sydney,NSW,operational,REPORTED,market_research,B,O,operational_jobs,Operational jobs,S4,,research,,,,RG-013 RG-024 RG-071 RG-091,,
SITE_NEXTDC_S2,NEXTDC S2 Sydney,NSW,operational,REPORTED,market_research,B,O,operational_from,Operational from,S4,,research,,,,RG-013 RG-024 RG-071 RG-091,,
SITE_NEXTDC_S2,NEXTDC S2 Sydney,NSW,operational,REPORTED,market_research,B,O,target_completion,Target completion,S4,,research,,,,RG-013 RG-024 RG-071 RG-091,not_applicable,
SITE_NEXTDC_S3,NEXTDC S3 Sydney,NSW,operational,REPORTED,market_research,B,O,proponent,Proponent,S4,S7,research,,,,RG-013 RG-024 RG-071 RG-091,,
SITE_NEXTDC_S3,NEXTDC S3 Sydney,NSW,operational,REPORTED,market_research,B,O,lga,Council,S4,,research,,,,RG-013 RG-024 RG-071 RG-091,,
SITE_NEXTDC_S3,NEXTDC S3 Sydney,NSW,operational,REPORTED,market_research,B,O,address,Address,S4,,research,,,,RG-013 RG-024 RG-071 RG-091,,
SITE_NEXTDC_S3,NEXTDC S3 Sydney,NSW,operational,REPORTED,market_research,B,O,lat,Coordinates,S4,,research,,,,RG-013 RG-024 RG-071 RG-091,,
SITE_NEXTDC_S3,NEXTDC S3 Sydney,NSW,operational,REPORTED,market_research,B,O,total_capacity_mw,Total capacity,S4,,research,,,,RG-013 RG-024 RG-071 RG-091,,
SITE_NEXTDC_S3,NEXTDC S3 Sydney,NSW,operational,REPORTED,market_research,B,O,it_capacity_mw,IT capacity,S4,,research,,,,RG-013 RG-024 RG-071 RG-091,,
SITE_NEXTDC_S3,NEXTDC S3 Sydney,NSW,operational,REPORTED,market_research,B,O,max_capacity_mw,Maximum capacity,S4,,research,,,,RG-013 RG-024 RG-071 RG-091,,
SITE_NEXTDC_S3,NEXTDC S3 Sydney,NSW,operational,REPORTED,market_research,B,O,first_phase_mw,First phase capacity,S4,,research,,,,RG-013 RG-024 RG-071 RG-091,,
SITE_NEXTDC_S3,NEXTDC S3 Sydney,NSW,operational,REPORTED,market_research,B,O,live_capacity_mw,Live capacity,S7,,research,,,,RG-017 RG-021 RG-035 RG-036 RG-052 RG-059 RG-064 RG-081,,never filled from it_capacity_mw
SITE_NEXTDC_S3,NEXTDC S3 Sydney,NSW,operational,REPORTED,market_research,B,O,cooling_type,Cooling type,S4,S7,research,,,,RG-013 RG-024 RG-071 RG-091,,
SITE_NEXTDC_S3,NEXTDC S3 Sydney,NSW,operational,REPORTED,market_research,B,O,rack_density_kw,Rack density,S4,S7,research,,,,RG-013 RG-024 RG-071 RG-091,,
SITE_NEXTDC_S3,NEXTDC S3 Sydney,NSW,operational,REPORTED,market_research,B,O,grid_connection,Grid connection,S7,S4,research,,,,RG-017 RG-021 RG-035 RG-036 RG-052 RG-059 RG-064 RG-081,,
SITE_NEXTDC_S3,NEXTDC S3 Sydney,NSW,operational,REPORTED,market_research,B,O,water_usage,Water usage,S7,S4,research,,,,RG-017 RG-021 RG-035 RG-036 RG-052 RG-059 RG-064 RG-081,,
SITE_NEXTDC_S3,NEXTDC S3 Sydney,NSW,operational,REPORTED,market_research,B,O,campus_area_ha,Campus area,S4,,research,,,,RG-013 RG-024 RG-071 RG-091,,
SITE_NEXTDC_S3,NEXTDC S3 Sydney,NSW,operational,REPORTED,market_research,B,O,gfa_sqm,Gross floor area,S4,,research,,,,RG-013 RG-024 RG-071 RG-091,,
SITE_NEXTDC_S3,NEXTDC S3 Sydney,NSW,operational,REPORTED,market_research,B,O,capital_cost_aud,Capital cost,S4,,research,,,,RG-013 RG-024 RG-071 RG-091,,
SITE_NEXTDC_S3,NEXTDC S3 Sydney,NSW,operational,REPORTED,market_research,B,O,construction_jobs,Construction jobs,S4,,research,,,,RG-013 RG-024 RG-071 RG-091,,
SITE_NEXTDC_S3,NEXTDC S3 Sydney,NSW,operational,REPORTED,market_research,B,O,operational_jobs,Operational jobs,S4,,research,,,,RG-013 RG-024 RG-071 RG-091,,
SITE_NEXTDC_S3,NEXTDC S3 Sydney,NSW,operational,REPORTED,market_research,B,O,operational_from,Operational from,S4,,research,,,,RG-013 RG-024 RG-071 RG-091,,
SITE_NEXTDC_S3,NEXTDC S3 Sydney,NSW,operational,REPORTED,market_research,B,O,target_completion,Target completion,S4,,research,,,,RG-013 RG-024 RG-071 RG-091,not_applicable,
SITE_NEXTDC_S4,NEXTDC S4 Data Centre Horsley Park,NSW,approved,VERIFIED,primary_planning_portal,A,P,it_capacity_mw,IT capacity,S2,,research,Blacktown,portal record; consent text,,RG-034 RG-037 RG-053 RG-073,,
SITE_NEXTDC_S4,NEXTDC S4 Data Centre Horsley Park,NSW,approved,VERIFIED,primary_planning_portal,A,P,max_capacity_mw,Maximum capacity,S2,,research,Blacktown,portal record; consent text,,RG-034 RG-037 RG-053 RG-073,,
SITE_NEXTDC_S4,NEXTDC S4 Data Centre Horsley Park,NSW,approved,VERIFIED,primary_planning_portal,A,P,first_phase_mw,First phase capacity,S2,,research,Blacktown,portal record; consent text,,RG-034 RG-037 RG-053 RG-073,,
SITE_NEXTDC_S4,NEXTDC S4 Data Centre Horsley Park,NSW,approved,VERIFIED,primary_planning_portal,A,P,live_capacity_mw,Live capacity,S7,,research,Blacktown,portal record; consent text,,RG-017 RG-021 RG-035 RG-036 RG-052 RG-059 RG-064 RG-081,not_applicable,never filled from it_capacity_mw
SITE_NEXTDC_S4,NEXTDC S4 Data Centre Horsley Park,NSW,approved,VERIFIED,primary_planning_portal,A,P,cooling_type,Cooling type,S2,S7,research,Blacktown,portal record; consent text,,RG-034 RG-037 RG-053 RG-073,,
SITE_NEXTDC_S4,NEXTDC S4 Data Centre Horsley Park,NSW,approved,VERIFIED,primary_planning_portal,A,P,rack_density_kw,Rack density,S2,S7,research,Blacktown,portal record; consent text,,RG-034 RG-037 RG-053 RG-073,,
SITE_NEXTDC_S4,NEXTDC S4 Data Centre Horsley Park,NSW,approved,VERIFIED,primary_planning_portal,A,P,grid_connection,Grid connection,LOADER,,in pipeline,Blacktown,portal record; consent text,,,,power_profile.connection_type holds a value; the loader does not map it
SITE_NEXTDC_S4,NEXTDC S4 Data Centre Horsley Park,NSW,approved,VERIFIED,primary_planning_portal,A,P,water_usage,Water usage,S2,S7,research,Blacktown,portal record; consent text,,RG-034 RG-037 RG-053 RG-073,,
SITE_NEXTDC_S4,NEXTDC S4 Data Centre Horsley Park,NSW,approved,VERIFIED,primary_planning_portal,A,P,hcf_certified,HCF certification,S3,,research,Blacktown,portal record; consent text,,,not_applicable,stored as the string 'unknown'; not on the HCF register (RG-096)
SITE_NEXTDC_S4,NEXTDC S4 Data Centre Horsley Park,NSW,approved,VERIFIED,primary_planning_portal,A,P,campus_area_ha,Campus area,S2,,research,Blacktown,portal record; consent text,,RG-034 RG-037 RG-053 RG-073,,
SITE_NEXTDC_S4,NEXTDC S4 Data Centre Horsley Park,NSW,approved,VERIFIED,primary_planning_portal,A,P,gfa_sqm,Gross floor area,S2,,research,Blacktown,portal record; consent text,,RG-034 RG-037 RG-053 RG-073,,
SITE_NEXTDC_S4,NEXTDC S4 Data Centre Horsley Park,NSW,approved,VERIFIED,primary_planning_portal,A,P,capital_cost_aud,Capital cost,S2,,research,Blacktown,portal record; consent text,,RG-034 RG-037 RG-053 RG-073,,
SITE_NEXTDC_S4,NEXTDC S4 Data Centre Horsley Park,NSW,approved,VERIFIED,primary_planning_portal,A,P,construction_jobs,Construction jobs,S2,,research,Blacktown,portal record; consent text,,RG-034 RG-037 RG-053 RG-073,,
SITE_NEXTDC_S4,NEXTDC S4 Data Centre Horsley Park,NSW,approved,VERIFIED,primary_planning_portal,A,P,operational_jobs,Operational jobs,S2,,research,Blacktown,portal record; consent text,,RG-034 RG-037 RG-053 RG-073,,
SITE_NEXTDC_S4,NEXTDC S4 Data Centre Horsley Park,NSW,approved,VERIFIED,primary_planning_portal,A,P,operational_from,Operational from,S2,S4,research,Blacktown,portal record; consent text,,RG-034 RG-037 RG-053 RG-073,,
SITE_NEXTDC_S4,NEXTDC S4 Data Centre Horsley Park,NSW,approved,VERIFIED,primary_planning_portal,A,P,target_completion,Target completion,S2,S4,research,Blacktown,portal record; consent text,,RG-034 RG-037 RG-053 RG-073,,
SITE_NEXTDC_S4_P2,"NEXTDC S4 Data Centre Phase 2, Horsley Park",NSW,pre_lodgement,VERIFIED,primary_planning_portal,A,P,proponent,Proponent,S2,S7,research,,portal record,,RG-034 RG-037 RG-053 RG-073,,
SITE_NEXTDC_S4_P2,"NEXTDC S4 Data Centre Phase 2, Horsley Park",NSW,pre_lodgement,VERIFIED,primary_planning_portal,A,P,total_capacity_mw,Total capacity,S2,,research,,portal record,,RG-034 RG-037 RG-053 RG-073,,
SITE_NEXTDC_S4_P2,"NEXTDC S4 Data Centre Phase 2, Horsley Park",NSW,pre_lodgement,VERIFIED,primary_planning_portal,A,P,first_phase_mw,First phase capacity,S2,,research,,portal record,,RG-034 RG-037 RG-053 RG-073,,
SITE_NEXTDC_S4_P2,"NEXTDC S4 Data Centre Phase 2, Horsley Park",NSW,pre_lodgement,VERIFIED,primary_planning_portal,A,P,live_capacity_mw,Live capacity,S7,,research,,portal record,,RG-017 RG-021 RG-035 RG-036 RG-052 RG-059 RG-064 RG-081,not_applicable,never filled from it_capacity_mw
SITE_NEXTDC_S4_P2,"NEXTDC S4 Data Centre Phase 2, Horsley Park",NSW,pre_lodgement,VERIFIED,primary_planning_portal,A,P,cooling_type,Cooling type,S2,S7,research,,portal record,,RG-034 RG-037 RG-053 RG-073,,
SITE_NEXTDC_S4_P2,"NEXTDC S4 Data Centre Phase 2, Horsley Park",NSW,pre_lodgement,VERIFIED,primary_planning_portal,A,P,rack_density_kw,Rack density,S2,S7,research,,portal record,,RG-034 RG-037 RG-053 RG-073,,
SITE_NEXTDC_S4_P2,"NEXTDC S4 Data Centre Phase 2, Horsley Park",NSW,pre_lodgement,VERIFIED,primary_planning_portal,A,P,grid_connection,Grid connection,S2,S7,research,,portal record,,RG-034 RG-037 RG-053 RG-073,,
SITE_NEXTDC_S4_P2,"NEXTDC S4 Data Centre Phase 2, Horsley Park",NSW,pre_lodgement,VERIFIED,primary_planning_portal,A,P,water_usage,Water usage,S2,S7,research,,portal record,,RG-034 RG-037 RG-053 RG-073,,
SITE_NEXTDC_S4_P2,"NEXTDC S4 Data Centre Phase 2, Horsley Park",NSW,pre_lodgement,VERIFIED,primary_planning_portal,A,P,hcf_certified,HCF certification,S3,,research,,portal record,,,not_applicable,not on the HCF register (RG-096)
SITE_NEXTDC_S4_P2,"NEXTDC S4 Data Centre Phase 2, Horsley Park",NSW,pre_lodgement,VERIFIED,primary_planning_portal,A,P,campus_area_ha,Campus area,S2,,research,,portal record,,RG-034 RG-037 RG-053 RG-073,,
SITE_NEXTDC_S4_P2,"NEXTDC S4 Data Centre Phase 2, Horsley Park",NSW,pre_lodgement,VERIFIED,primary_planning_portal,A,P,gfa_sqm,Gross floor area,S2,,research,,portal record,,RG-034 RG-037 RG-053 RG-073,,
SITE_NEXTDC_S4_P2,"NEXTDC S4 Data Centre Phase 2, Horsley Park",NSW,pre_lodgement,VERIFIED,primary_planning_portal,A,P,capital_cost_aud,Capital cost,S2,,research,,portal record,,RG-034 RG-037 RG-053 RG-073,,
SITE_NEXTDC_S4_P2,"NEXTDC S4 Data Centre Phase 2, Horsley Park",NSW,pre_lodgement,VERIFIED,primary_planning_portal,A,P,construction_jobs,Construction jobs,S2,,research,,portal record,,RG-034 RG-037 RG-053 RG-073,,
SITE_NEXTDC_S4_P2,"NEXTDC S4 Data Centre Phase 2, Horsley Park",NSW,pre_lodgement,VERIFIED,primary_planning_portal,A,P,operational_jobs,Operational jobs,S2,,research,,portal record,,RG-034 RG-037 RG-053 RG-073,,
SITE_NEXTDC_S4_P2,"NEXTDC S4 Data Centre Phase 2, Horsley Park",NSW,pre_lodgement,VERIFIED,primary_planning_portal,A,P,operational_from,Operational from,S2,S4,research,,portal record,,RG-034 RG-037 RG-053 RG-073,,
SITE_NEXTDC_S4_P2,"NEXTDC S4 Data Centre Phase 2, Horsley Park",NSW,pre_lodgement,VERIFIED,primary_planning_portal,A,P,target_completion,Target completion,S2,S4,research,,portal record,,RG-034 RG-037 RG-053 RG-073,,
SITE_NEXTDC_S5,NEXTDC S5 Data Centre and Innovation Hub,NSW,lodged,VERIFIED,primary_planning_portal,A,P,total_capacity_mw,Total capacity,S2,,research,Ryde,portal record,,RG-034 RG-037 RG-053 RG-073,,
SITE_NEXTDC_S5,NEXTDC S5 Data Centre and Innovation Hub,NSW,lodged,VERIFIED,primary_planning_portal,A,P,it_capacity_mw,IT capacity,S2,,research,Ryde,portal record,,RG-034 RG-037 RG-053 RG-073,,
SITE_NEXTDC_S5,NEXTDC S5 Data Centre and Innovation Hub,NSW,lodged,VERIFIED,primary_planning_portal,A,P,max_capacity_mw,Maximum capacity,S2,,research,Ryde,portal record,,RG-034 RG-037 RG-053 RG-073,,
SITE_NEXTDC_S5,NEXTDC S5 Data Centre and Innovation Hub,NSW,lodged,VERIFIED,primary_planning_portal,A,P,first_phase_mw,First phase capacity,S2,,research,Ryde,portal record,,RG-034 RG-037 RG-053 RG-073,,
SITE_NEXTDC_S5,NEXTDC S5 Data Centre and Innovation Hub,NSW,lodged,VERIFIED,primary_planning_portal,A,P,live_capacity_mw,Live capacity,S7,,research,Ryde,portal record,,RG-017 RG-021 RG-035 RG-036 RG-052 RG-059 RG-064 RG-081,not_applicable,never filled from it_capacity_mw
SITE_NEXTDC_S5,NEXTDC S5 Data Centre and Innovation Hub,NSW,lodged,VERIFIED,primary_planning_portal,A,P,cooling_type,Cooling type,S2,S7,research,Ryde,portal record,,RG-034 RG-037 RG-053 RG-073,,
SITE_NEXTDC_S5,NEXTDC S5 Data Centre and Innovation Hub,NSW,lodged,VERIFIED,primary_planning_portal,A,P,rack_density_kw,Rack density,S2,S7,research,Ryde,portal record,,RG-034 RG-037 RG-053 RG-073,,
SITE_NEXTDC_S5,NEXTDC S5 Data Centre and Innovation Hub,NSW,lodged,VERIFIED,primary_planning_portal,A,P,grid_connection,Grid connection,S2,S7,research,Ryde,portal record,,RG-034 RG-037 RG-053 RG-073,,
SITE_NEXTDC_S5,NEXTDC S5 Data Centre and Innovation Hub,NSW,lodged,VERIFIED,primary_planning_portal,A,P,water_usage,Water usage,S2,S7,research,Ryde,portal record,,RG-034 RG-037 RG-053 RG-073,,
SITE_NEXTDC_S5,NEXTDC S5 Data Centre and Innovation Hub,NSW,lodged,VERIFIED,primary_planning_portal,A,P,hcf_certified,HCF certification,S3,,research,Ryde,portal record,,,not_applicable,stored as the string 'unknown'; not on the HCF register (RG-096)
SITE_NEXTDC_S5,NEXTDC S5 Data Centre and Innovation Hub,NSW,lodged,VERIFIED,primary_planning_portal,A,P,campus_area_ha,Campus area,S2,,research,Ryde,portal record,,RG-034 RG-037 RG-053 RG-073,,
SITE_NEXTDC_S5,NEXTDC S5 Data Centre and Innovation Hub,NSW,lodged,VERIFIED,primary_planning_portal,A,P,gfa_sqm,Gross floor area,S2,,research,Ryde,portal record,,RG-034 RG-037 RG-053 RG-073,,
SITE_NEXTDC_S5,NEXTDC S5 Data Centre and Innovation Hub,NSW,lodged,VERIFIED,primary_planning_portal,A,P,capital_cost_aud,Capital cost,S2,,research,Ryde,portal record,,RG-034 RG-037 RG-053 RG-073,,
SITE_NEXTDC_S5,NEXTDC S5 Data Centre and Innovation Hub,NSW,lodged,VERIFIED,primary_planning_portal,A,P,construction_jobs,Construction jobs,S2,,research,Ryde,portal record,,RG-034 RG-037 RG-053 RG-073,,
SITE_NEXTDC_S5,NEXTDC S5 Data Centre and Innovation Hub,NSW,lodged,VERIFIED,primary_planning_portal,A,P,operational_jobs,Operational jobs,S2,,research,Ryde,portal record,,RG-034 RG-037 RG-053 RG-073,,
SITE_NEXTDC_S5,NEXTDC S5 Data Centre and Innovation Hub,NSW,lodged,VERIFIED,primary_planning_portal,A,P,operational_from,Operational from,S2,S4,research,Ryde,portal record,,RG-034 RG-037 RG-053 RG-073,,
SITE_NEXTDC_S5,NEXTDC S5 Data Centre and Innovation Hub,NSW,lodged,VERIFIED,primary_planning_portal,A,P,target_completion,Target completion,S2,S4,research,Ryde,portal record,,RG-034 RG-037 RG-053 RG-073,,
SITE_NEXTDC_S7,"NEXTDC S7 Data Centre, Eastern Creek",NSW,lodged,VERIFIED,primary_planning_portal,A,P,proponent,Proponent,S2,S7,research,Blacktown,portal record,,RG-034 RG-037 RG-053 RG-073,,
SITE_NEXTDC_S7,"NEXTDC S7 Data Centre, Eastern Creek",NSW,lodged,VERIFIED,primary_planning_portal,A,P,total_capacity_mw,Total capacity,S2,,research,Blacktown,portal record,,RG-034 RG-037 RG-053 RG-073,,
SITE_NEXTDC_S7,"NEXTDC S7 Data Centre, Eastern Creek",NSW,lodged,VERIFIED,primary_planning_portal,A,P,first_phase_mw,First phase capacity,S2,,research,Blacktown,portal record,,RG-034 RG-037 RG-053 RG-073,,
SITE_NEXTDC_S7,"NEXTDC S7 Data Centre, Eastern Creek",NSW,lodged,VERIFIED,primary_planning_portal,A,P,live_capacity_mw,Live capacity,S7,,research,Blacktown,portal record,,RG-017 RG-021 RG-035 RG-036 RG-052 RG-059 RG-064 RG-081,not_applicable,never filled from it_capacity_mw
SITE_NEXTDC_S7,"NEXTDC S7 Data Centre, Eastern Creek",NSW,lodged,VERIFIED,primary_planning_portal,A,P,cooling_type,Cooling type,LOADER,,in pipeline,Blacktown,portal record,,,,water_profile.cooling_technology holds a value; the loader does not map it
SITE_NEXTDC_S7,"NEXTDC S7 Data Centre, Eastern Creek",NSW,lodged,VERIFIED,primary_planning_portal,A,P,rack_density_kw,Rack density,S2,S7,research,Blacktown,portal record,,RG-034 RG-037 RG-053 RG-073,,
SITE_NEXTDC_S7,"NEXTDC S7 Data Centre, Eastern Creek",NSW,lodged,VERIFIED,primary_planning_portal,A,P,grid_connection,Grid connection,S2,S7,research,Blacktown,portal record,,RG-034 RG-037 RG-053 RG-073,,
SITE_NEXTDC_S7,"NEXTDC S7 Data Centre, Eastern Creek",NSW,lodged,VERIFIED,primary_planning_portal,A,P,water_usage,Water usage,S2,S7,research,Blacktown,portal record,,RG-034 RG-037 RG-053 RG-073,,
SITE_NEXTDC_S7,"NEXTDC S7 Data Centre, Eastern Creek",NSW,lodged,VERIFIED,primary_planning_portal,A,P,hcf_certified,HCF certification,S3,,research,Blacktown,portal record,,,not_applicable,stored as the string 'unknown'; not on the HCF register (RG-096)
SITE_NEXTDC_S7,"NEXTDC S7 Data Centre, Eastern Creek",NSW,lodged,VERIFIED,primary_planning_portal,A,P,campus_area_ha,Campus area,S2,,research,Blacktown,portal record,,RG-034 RG-037 RG-053 RG-073,,
SITE_NEXTDC_S7,"NEXTDC S7 Data Centre, Eastern Creek",NSW,lodged,VERIFIED,primary_planning_portal,A,P,gfa_sqm,Gross floor area,S2,,research,Blacktown,portal record,,RG-034 RG-037 RG-053 RG-073,,
SITE_NEXTDC_S7,"NEXTDC S7 Data Centre, Eastern Creek",NSW,lodged,VERIFIED,primary_planning_portal,A,P,construction_jobs,Construction jobs,S2,,research,Blacktown,portal record,,RG-034 RG-037 RG-053 RG-073,,
SITE_NEXTDC_S7,"NEXTDC S7 Data Centre, Eastern Creek",NSW,lodged,VERIFIED,primary_planning_portal,A,P,operational_jobs,Operational jobs,S2,,research,Blacktown,portal record,,RG-034 RG-037 RG-053 RG-073,,
SITE_NEXTDC_S7,"NEXTDC S7 Data Centre, Eastern Creek",NSW,lodged,VERIFIED,primary_planning_portal,A,P,operational_from,Operational from,S2,S4,research,Blacktown,portal record,,RG-034 RG-037 RG-053 RG-073,,
SITE_NEXTDC_S7,"NEXTDC S7 Data Centre, Eastern Creek",NSW,lodged,VERIFIED,primary_planning_portal,A,P,target_completion,Target completion,S2,S4,research,Blacktown,portal record,,RG-034 RG-037 RG-053 RG-073,,
SITE_PROJECT_APOLLO,Project Apollo Data Centre Macquarie Park,NSW,approved,VERIFIED,primary_planning_portal,A,P,it_capacity_mw,IT capacity,S2,,research,Ryde,portal record; consent text,,RG-034 RG-037 RG-053 RG-073,,
SITE_PROJECT_APOLLO,Project Apollo Data Centre Macquarie Park,NSW,approved,VERIFIED,primary_planning_portal,A,P,max_capacity_mw,Maximum capacity,S2,,research,Ryde,portal record; consent text,,RG-034 RG-037 RG-053 RG-073,,
SITE_PROJECT_APOLLO,Project Apollo Data Centre Macquarie Park,NSW,approved,VERIFIED,primary_planning_portal,A,P,first_phase_mw,First phase capacity,S2,,research,Ryde,portal record; consent text,,RG-034 RG-037 RG-053 RG-073,,
SITE_PROJECT_APOLLO,Project Apollo Data Centre Macquarie Park,NSW,approved,VERIFIED,primary_planning_portal,A,P,live_capacity_mw,Live capacity,S7,,research,Ryde,portal record; consent text,,RG-017 RG-021 RG-035 RG-036 RG-052 RG-059 RG-064 RG-081,not_applicable,never filled from it_capacity_mw
SITE_PROJECT_APOLLO,Project Apollo Data Centre Macquarie Park,NSW,approved,VERIFIED,primary_planning_portal,A,P,cooling_type,Cooling type,S2,S7,research,Ryde,portal record; consent text,,RG-034 RG-037 RG-053 RG-073,,
SITE_PROJECT_APOLLO,Project Apollo Data Centre Macquarie Park,NSW,approved,VERIFIED,primary_planning_portal,A,P,rack_density_kw,Rack density,S2,S7,research,Ryde,portal record; consent text,,RG-034 RG-037 RG-053 RG-073,,
SITE_PROJECT_APOLLO,Project Apollo Data Centre Macquarie Park,NSW,approved,VERIFIED,primary_planning_portal,A,P,grid_connection,Grid connection,LOADER,,in pipeline,Ryde,portal record; consent text,,,,power_profile.connection_type holds a value; the loader does not map it
SITE_PROJECT_APOLLO,Project Apollo Data Centre Macquarie Park,NSW,approved,VERIFIED,primary_planning_portal,A,P,water_usage,Water usage,S2,S7,research,Ryde,portal record; consent text,,RG-034 RG-037 RG-053 RG-073,,
SITE_PROJECT_APOLLO,Project Apollo Data Centre Macquarie Park,NSW,approved,VERIFIED,primary_planning_portal,A,P,hcf_certified,HCF certification,S3,,research,Ryde,portal record; consent text,,,not_applicable,not on the HCF register (RG-096)
SITE_PROJECT_APOLLO,Project Apollo Data Centre Macquarie Park,NSW,approved,VERIFIED,primary_planning_portal,A,P,campus_area_ha,Campus area,S2,,research,Ryde,portal record; consent text,,RG-034 RG-037 RG-053 RG-073,,
SITE_PROJECT_APOLLO,Project Apollo Data Centre Macquarie Park,NSW,approved,VERIFIED,primary_planning_portal,A,P,gfa_sqm,Gross floor area,S2,,research,Ryde,portal record; consent text,,RG-034 RG-037 RG-053 RG-073,,
SITE_PROJECT_APOLLO,Project Apollo Data Centre Macquarie Park,NSW,approved,VERIFIED,primary_planning_portal,A,P,capital_cost_aud,Capital cost,S2,,research,Ryde,portal record; consent text,,RG-034 RG-037 RG-053 RG-073,,
SITE_PROJECT_APOLLO,Project Apollo Data Centre Macquarie Park,NSW,approved,VERIFIED,primary_planning_portal,A,P,construction_jobs,Construction jobs,S2,,research,Ryde,portal record; consent text,,RG-034 RG-037 RG-053 RG-073,,
SITE_PROJECT_APOLLO,Project Apollo Data Centre Macquarie Park,NSW,approved,VERIFIED,primary_planning_portal,A,P,operational_jobs,Operational jobs,S2,,research,Ryde,portal record; consent text,,RG-034 RG-037 RG-053 RG-073,,
SITE_PROJECT_APOLLO,Project Apollo Data Centre Macquarie Park,NSW,approved,VERIFIED,primary_planning_portal,A,P,operational_from,Operational from,S2,S4,research,Ryde,portal record; consent text,,RG-034 RG-037 RG-053 RG-073,,
SITE_PROJECT_APOLLO,Project Apollo Data Centre Macquarie Park,NSW,approved,VERIFIED,primary_planning_portal,A,P,target_completion,Target completion,S2,S4,research,Ryde,portal record; consent text,,RG-034 RG-037 RG-053 RG-073,,
SITE_GOODMAN_ATLAS,Project Atlas Data Centre Eastern Creek,NSW,lodged,VERIFIED,primary_planning_portal,A,P,total_capacity_mw,Total capacity,S2,,research,Blacktown,portal record,,RG-034 RG-037 RG-053 RG-073,,
SITE_GOODMAN_ATLAS,Project Atlas Data Centre Eastern Creek,NSW,lodged,VERIFIED,primary_planning_portal,A,P,it_capacity_mw,IT capacity,S2,,research,Blacktown,portal record,,RG-034 RG-037 RG-053 RG-073,,
SITE_GOODMAN_ATLAS,Project Atlas Data Centre Eastern Creek,NSW,lodged,VERIFIED,primary_planning_portal,A,P,max_capacity_mw,Maximum capacity,S2,,research,Blacktown,portal record,,RG-034 RG-037 RG-053 RG-073,,
SITE_GOODMAN_ATLAS,Project Atlas Data Centre Eastern Creek,NSW,lodged,VERIFIED,primary_planning_portal,A,P,first_phase_mw,First phase capacity,S2,,research,Blacktown,portal record,,RG-034 RG-037 RG-053 RG-073,,
SITE_GOODMAN_ATLAS,Project Atlas Data Centre Eastern Creek,NSW,lodged,VERIFIED,primary_planning_portal,A,P,live_capacity_mw,Live capacity,S7,,research,Blacktown,portal record,,RG-017 RG-021 RG-035 RG-036 RG-052 RG-059 RG-064 RG-081,not_applicable,never filled from it_capacity_mw
SITE_GOODMAN_ATLAS,Project Atlas Data Centre Eastern Creek,NSW,lodged,VERIFIED,primary_planning_portal,A,P,cooling_type,Cooling type,S2,S7,research,Blacktown,portal record,,RG-034 RG-037 RG-053 RG-073,,
SITE_GOODMAN_ATLAS,Project Atlas Data Centre Eastern Creek,NSW,lodged,VERIFIED,primary_planning_portal,A,P,rack_density_kw,Rack density,S2,S7,research,Blacktown,portal record,,RG-034 RG-037 RG-053 RG-073,,
SITE_GOODMAN_ATLAS,Project Atlas Data Centre Eastern Creek,NSW,lodged,VERIFIED,primary_planning_portal,A,P,grid_connection,Grid connection,S2,S7,research,Blacktown,portal record,,RG-034 RG-037 RG-053 RG-073,,
SITE_GOODMAN_ATLAS,Project Atlas Data Centre Eastern Creek,NSW,lodged,VERIFIED,primary_planning_portal,A,P,water_usage,Water usage,S2,S7,research,Blacktown,portal record,,RG-034 RG-037 RG-053 RG-073,,
SITE_GOODMAN_ATLAS,Project Atlas Data Centre Eastern Creek,NSW,lodged,VERIFIED,primary_planning_portal,A,P,hcf_certified,HCF certification,S3,,research,Blacktown,portal record,,,not_applicable,stored as the string 'unknown'; not on the HCF register (RG-096)
SITE_GOODMAN_ATLAS,Project Atlas Data Centre Eastern Creek,NSW,lodged,VERIFIED,primary_planning_portal,A,P,campus_area_ha,Campus area,S2,,research,Blacktown,portal record,,RG-034 RG-037 RG-053 RG-073,,
SITE_GOODMAN_ATLAS,Project Atlas Data Centre Eastern Creek,NSW,lodged,VERIFIED,primary_planning_portal,A,P,gfa_sqm,Gross floor area,S2,,research,Blacktown,portal record,,RG-034 RG-037 RG-053 RG-073,,
SITE_GOODMAN_ATLAS,Project Atlas Data Centre Eastern Creek,NSW,lodged,VERIFIED,primary_planning_portal,A,P,capital_cost_aud,Capital cost,S2,,research,Blacktown,portal record,,RG-034 RG-037 RG-053 RG-073,,
SITE_GOODMAN_ATLAS,Project Atlas Data Centre Eastern Creek,NSW,lodged,VERIFIED,primary_planning_portal,A,P,construction_jobs,Construction jobs,S2,,research,Blacktown,portal record,,RG-034 RG-037 RG-053 RG-073,,
SITE_GOODMAN_ATLAS,Project Atlas Data Centre Eastern Creek,NSW,lodged,VERIFIED,primary_planning_portal,A,P,operational_jobs,Operational jobs,S2,,research,Blacktown,portal record,,RG-034 RG-037 RG-053 RG-073,,
SITE_GOODMAN_ATLAS,Project Atlas Data Centre Eastern Creek,NSW,lodged,VERIFIED,primary_planning_portal,A,P,operational_from,Operational from,S2,S4,research,Blacktown,portal record,,RG-034 RG-037 RG-053 RG-073,,
SITE_GOODMAN_ATLAS,Project Atlas Data Centre Eastern Creek,NSW,lodged,VERIFIED,primary_planning_portal,A,P,target_completion,Target completion,S2,S4,research,Blacktown,portal record,,RG-034 RG-037 RG-053 RG-073,,
SITE_PROJECT_DUKE,Project Duke Data Centre,NSW,approved,VERIFIED,primary_planning_portal,A,P,operator,Operator,S2,S7,research,,portal record,,RG-034 RG-037 RG-053 RG-073,,
SITE_PROJECT_DUKE,Project Duke Data Centre,NSW,approved,VERIFIED,primary_planning_portal,A,P,proponent,Proponent,S2,S7,research,,portal record,,RG-034 RG-037 RG-053 RG-073,,
SITE_PROJECT_DUKE,Project Duke Data Centre,NSW,approved,VERIFIED,primary_planning_portal,A,P,total_capacity_mw,Total capacity,S2,,research,,portal record,,RG-034 RG-037 RG-053 RG-073,,
SITE_PROJECT_DUKE,Project Duke Data Centre,NSW,approved,VERIFIED,primary_planning_portal,A,P,it_capacity_mw,IT capacity,S2,,research,,portal record,,RG-034 RG-037 RG-053 RG-073,,
SITE_PROJECT_DUKE,Project Duke Data Centre,NSW,approved,VERIFIED,primary_planning_portal,A,P,max_capacity_mw,Maximum capacity,S2,,research,,portal record,,RG-034 RG-037 RG-053 RG-073,,
SITE_PROJECT_DUKE,Project Duke Data Centre,NSW,approved,VERIFIED,primary_planning_portal,A,P,first_phase_mw,First phase capacity,S2,,research,,portal record,,RG-034 RG-037 RG-053 RG-073,,
SITE_PROJECT_DUKE,Project Duke Data Centre,NSW,approved,VERIFIED,primary_planning_portal,A,P,live_capacity_mw,Live capacity,S7,,research,,portal record,,RG-017 RG-021 RG-035 RG-036 RG-052 RG-059 RG-064 RG-081,not_applicable,never filled from it_capacity_mw
SITE_PROJECT_DUKE,Project Duke Data Centre,NSW,approved,VERIFIED,primary_planning_portal,A,P,cooling_type,Cooling type,S2,S7,research,,portal record,,RG-034 RG-037 RG-053 RG-073,,
SITE_PROJECT_DUKE,Project Duke Data Centre,NSW,approved,VERIFIED,primary_planning_portal,A,P,rack_density_kw,Rack density,S2,S7,research,,portal record,,RG-034 RG-037 RG-053 RG-073,,
SITE_PROJECT_DUKE,Project Duke Data Centre,NSW,approved,VERIFIED,primary_planning_portal,A,P,grid_connection,Grid connection,S2,S7,research,,portal record,,RG-034 RG-037 RG-053 RG-073,,
SITE_PROJECT_DUKE,Project Duke Data Centre,NSW,approved,VERIFIED,primary_planning_portal,A,P,water_usage,Water usage,S2,S7,research,,portal record,,RG-034 RG-037 RG-053 RG-073,,
SITE_PROJECT_DUKE,Project Duke Data Centre,NSW,approved,VERIFIED,primary_planning_portal,A,P,hcf_certified,HCF certification,S3,,research,,portal record,,,not_applicable,not on the HCF register (RG-096)
SITE_PROJECT_DUKE,Project Duke Data Centre,NSW,approved,VERIFIED,primary_planning_portal,A,P,campus_area_ha,Campus area,S2,,research,,portal record,,RG-034 RG-037 RG-053 RG-073,,
SITE_PROJECT_DUKE,Project Duke Data Centre,NSW,approved,VERIFIED,primary_planning_portal,A,P,gfa_sqm,Gross floor area,S2,,research,,portal record,,RG-034 RG-037 RG-053 RG-073,,
SITE_PROJECT_DUKE,Project Duke Data Centre,NSW,approved,VERIFIED,primary_planning_portal,A,P,capital_cost_aud,Capital cost,S2,,research,,portal record,,RG-034 RG-037 RG-053 RG-073,,
SITE_PROJECT_DUKE,Project Duke Data Centre,NSW,approved,VERIFIED,primary_planning_portal,A,P,construction_jobs,Construction jobs,S2,,research,,portal record,,RG-034 RG-037 RG-053 RG-073,,
SITE_PROJECT_DUKE,Project Duke Data Centre,NSW,approved,VERIFIED,primary_planning_portal,A,P,operational_jobs,Operational jobs,S2,,research,,portal record,,RG-034 RG-037 RG-053 RG-073,,
SITE_PROJECT_DUKE,Project Duke Data Centre,NSW,approved,VERIFIED,primary_planning_portal,A,P,operational_from,Operational from,S2,S4,research,,portal record,,RG-034 RG-037 RG-053 RG-073,,
SITE_PROJECT_DUKE,Project Duke Data Centre,NSW,approved,VERIFIED,primary_planning_portal,A,P,target_completion,Target completion,S2,S4,research,,portal record,,RG-034 RG-037 RG-053 RG-073,,
SITE_ECHIDNA,Project Echidna Data Centre Eastern Creek,NSW,approved,VERIFIED,primary_planning_portal,A,P,operator,Operator,S2,S7,research,Blacktown,portal record; consent text,,RG-034 RG-037 RG-053 RG-073,,
SITE_ECHIDNA,Project Echidna Data Centre Eastern Creek,NSW,approved,VERIFIED,primary_planning_portal,A,P,total_capacity_mw,Total capacity,S2,,research,Blacktown,portal record; consent text,,RG-034 RG-037 RG-053 RG-073,,
SITE_ECHIDNA,Project Echidna Data Centre Eastern Creek,NSW,approved,VERIFIED,primary_planning_portal,A,P,first_phase_mw,First phase capacity,S2,,research,Blacktown,portal record; consent text,,RG-034 RG-037 RG-053 RG-073,,
SITE_ECHIDNA,Project Echidna Data Centre Eastern Creek,NSW,approved,VERIFIED,primary_planning_portal,A,P,live_capacity_mw,Live capacity,S7,,research,Blacktown,portal record; consent text,,RG-017 RG-021 RG-035 RG-036 RG-052 RG-059 RG-064 RG-081,not_applicable,never filled from it_capacity_mw
SITE_ECHIDNA,Project Echidna Data Centre Eastern Creek,NSW,approved,VERIFIED,primary_planning_portal,A,P,cooling_type,Cooling type,S2,S7,research,Blacktown,portal record; consent text,,RG-034 RG-037 RG-053 RG-073,,
SITE_ECHIDNA,Project Echidna Data Centre Eastern Creek,NSW,approved,VERIFIED,primary_planning_portal,A,P,rack_density_kw,Rack density,S2,S7,research,Blacktown,portal record; consent text,,RG-034 RG-037 RG-053 RG-073,,
SITE_ECHIDNA,Project Echidna Data Centre Eastern Creek,NSW,approved,VERIFIED,primary_planning_portal,A,P,grid_connection,Grid connection,LOADER,,in pipeline,Blacktown,portal record; consent text,,,,power_profile.connection_type holds a value; the loader does not map it
SITE_ECHIDNA,Project Echidna Data Centre Eastern Creek,NSW,approved,VERIFIED,primary_planning_portal,A,P,water_usage,Water usage,S2,S7,research,Blacktown,portal record; consent text,,RG-034 RG-037 RG-053 RG-073,,
SITE_ECHIDNA,Project Echidna Data Centre Eastern Creek,NSW,approved,VERIFIED,primary_planning_portal,A,P,hcf_certified,HCF certification,S3,,research,Blacktown,portal record; consent text,,,not_applicable,stored as the string 'unknown'; not on the HCF register (RG-096)
SITE_ECHIDNA,Project Echidna Data Centre Eastern Creek,NSW,approved,VERIFIED,primary_planning_portal,A,P,campus_area_ha,Campus area,S2,,research,Blacktown,portal record; consent text,,RG-034 RG-037 RG-053 RG-073,,
SITE_ECHIDNA,Project Echidna Data Centre Eastern Creek,NSW,approved,VERIFIED,primary_planning_portal,A,P,gfa_sqm,Gross floor area,S2,,research,Blacktown,portal record; consent text,,RG-034 RG-037 RG-053 RG-073,,
SITE_ECHIDNA,Project Echidna Data Centre Eastern Creek,NSW,approved,VERIFIED,primary_planning_portal,A,P,capital_cost_aud,Capital cost,S2,,research,Blacktown,portal record; consent text,,RG-034 RG-037 RG-053 RG-073,,
SITE_ECHIDNA,Project Echidna Data Centre Eastern Creek,NSW,approved,VERIFIED,primary_planning_portal,A,P,construction_jobs,Construction jobs,S2,,research,Blacktown,portal record; consent text,,RG-034 RG-037 RG-053 RG-073,,
SITE_ECHIDNA,Project Echidna Data Centre Eastern Creek,NSW,approved,VERIFIED,primary_planning_portal,A,P,operational_jobs,Operational jobs,S2,,research,Blacktown,portal record; consent text,,RG-034 RG-037 RG-053 RG-073,,
SITE_ECHIDNA,Project Echidna Data Centre Eastern Creek,NSW,approved,VERIFIED,primary_planning_portal,A,P,operational_from,Operational from,S2,S4,research,Blacktown,portal record; consent text,,RG-034 RG-037 RG-053 RG-073,,
SITE_ECHIDNA,Project Echidna Data Centre Eastern Creek,NSW,approved,VERIFIED,primary_planning_portal,A,P,target_completion,Target completion,S2,S4,research,Blacktown,portal record; consent text,,RG-034 RG-037 RG-053 RG-073,,
SITE_PROJECT_MARS,Project Mars Data Centre,NSW,lodged,VERIFIED,primary_planning_portal,A,P,operator,Operator,S2,S7,research,,portal record,,RG-034 RG-037 RG-053 RG-073,,
SITE_PROJECT_MARS,Project Mars Data Centre,NSW,lodged,VERIFIED,primary_planning_portal,A,P,proponent,Proponent,S2,S7,research,,portal record,,RG-034 RG-037 RG-053 RG-073,,
SITE_PROJECT_MARS,Project Mars Data Centre,NSW,lodged,VERIFIED,primary_planning_portal,A,P,total_capacity_mw,Total capacity,S2,,research,,portal record,,RG-034 RG-037 RG-053 RG-073,,
SITE_PROJECT_MARS,Project Mars Data Centre,NSW,lodged,VERIFIED,primary_planning_portal,A,P,it_capacity_mw,IT capacity,S2,,research,,portal record,,RG-034 RG-037 RG-053 RG-073,,
SITE_PROJECT_MARS,Project Mars Data Centre,NSW,lodged,VERIFIED,primary_planning_portal,A,P,max_capacity_mw,Maximum capacity,S2,,research,,portal record,,RG-034 RG-037 RG-053 RG-073,,
SITE_PROJECT_MARS,Project Mars Data Centre,NSW,lodged,VERIFIED,primary_planning_portal,A,P,first_phase_mw,First phase capacity,S2,,research,,portal record,,RG-034 RG-037 RG-053 RG-073,,
SITE_PROJECT_MARS,Project Mars Data Centre,NSW,lodged,VERIFIED,primary_planning_portal,A,P,live_capacity_mw,Live capacity,S7,,research,,portal record,,RG-017 RG-021 RG-035 RG-036 RG-052 RG-059 RG-064 RG-081,not_applicable,never filled from it_capacity_mw
SITE_PROJECT_MARS,Project Mars Data Centre,NSW,lodged,VERIFIED,primary_planning_portal,A,P,cooling_type,Cooling type,S2,S7,research,,portal record,,RG-034 RG-037 RG-053 RG-073,,
SITE_PROJECT_MARS,Project Mars Data Centre,NSW,lodged,VERIFIED,primary_planning_portal,A,P,rack_density_kw,Rack density,S2,S7,research,,portal record,,RG-034 RG-037 RG-053 RG-073,,
SITE_PROJECT_MARS,Project Mars Data Centre,NSW,lodged,VERIFIED,primary_planning_portal,A,P,grid_connection,Grid connection,S2,S7,research,,portal record,,RG-034 RG-037 RG-053 RG-073,,
SITE_PROJECT_MARS,Project Mars Data Centre,NSW,lodged,VERIFIED,primary_planning_portal,A,P,water_usage,Water usage,S2,S7,research,,portal record,,RG-034 RG-037 RG-053 RG-073,,
SITE_PROJECT_MARS,Project Mars Data Centre,NSW,lodged,VERIFIED,primary_planning_portal,A,P,hcf_certified,HCF certification,S3,,research,,portal record,,,not_applicable,not on the HCF register (RG-096)
SITE_PROJECT_MARS,Project Mars Data Centre,NSW,lodged,VERIFIED,primary_planning_portal,A,P,campus_area_ha,Campus area,S2,,research,,portal record,,RG-034 RG-037 RG-053 RG-073,,
SITE_PROJECT_MARS,Project Mars Data Centre,NSW,lodged,VERIFIED,primary_planning_portal,A,P,gfa_sqm,Gross floor area,S2,,research,,portal record,,RG-034 RG-037 RG-053 RG-073,,
SITE_PROJECT_MARS,Project Mars Data Centre,NSW,lodged,VERIFIED,primary_planning_portal,A,P,capital_cost_aud,Capital cost,S2,,research,,portal record,,RG-034 RG-037 RG-053 RG-073,,
SITE_PROJECT_MARS,Project Mars Data Centre,NSW,lodged,VERIFIED,primary_planning_portal,A,P,construction_jobs,Construction jobs,S2,,research,,portal record,,RG-034 RG-037 RG-053 RG-073,,
SITE_PROJECT_MARS,Project Mars Data Centre,NSW,lodged,VERIFIED,primary_planning_portal,A,P,operational_jobs,Operational jobs,S2,,research,,portal record,,RG-034 RG-037 RG-053 RG-073,,
SITE_PROJECT_MARS,Project Mars Data Centre,NSW,lodged,VERIFIED,primary_planning_portal,A,P,operational_from,Operational from,S2,S4,research,,portal record,,RG-034 RG-037 RG-053 RG-073,,
SITE_PROJECT_MARS,Project Mars Data Centre,NSW,lodged,VERIFIED,primary_planning_portal,A,P,target_completion,Target completion,S2,S4,research,,portal record,,RG-034 RG-037 RG-053 RG-073,,
SITE_PROJECT_PLUTO,Project Pluto Data Centre,NSW,approved,VERIFIED,primary_planning_portal,A,P,operator,Operator,S2,S7,research,,portal record; consent text,,RG-034 RG-037 RG-053 RG-073,,
SITE_PROJECT_PLUTO,Project Pluto Data Centre,NSW,approved,VERIFIED,primary_planning_portal,A,P,proponent,Proponent,S2,S7,research,,portal record; consent text,,RG-034 RG-037 RG-053 RG-073,,
SITE_PROJECT_PLUTO,Project Pluto Data Centre,NSW,approved,VERIFIED,primary_planning_portal,A,P,total_capacity_mw,Total capacity,S2,,research,,portal record; consent text,,RG-034 RG-037 RG-053 RG-073,,
SITE_PROJECT_PLUTO,Project Pluto Data Centre,NSW,approved,VERIFIED,primary_planning_portal,A,P,first_phase_mw,First phase capacity,S2,,research,,portal record; consent text,,RG-034 RG-037 RG-053 RG-073,,
SITE_PROJECT_PLUTO,Project Pluto Data Centre,NSW,approved,VERIFIED,primary_planning_portal,A,P,live_capacity_mw,Live capacity,S7,,research,,portal record; consent text,,RG-017 RG-021 RG-035 RG-036 RG-052 RG-059 RG-064 RG-081,not_applicable,never filled from it_capacity_mw
SITE_PROJECT_PLUTO,Project Pluto Data Centre,NSW,approved,VERIFIED,primary_planning_portal,A,P,cooling_type,Cooling type,S2,S7,research,,portal record; consent text,,RG-034 RG-037 RG-053 RG-073,,
SITE_PROJECT_PLUTO,Project Pluto Data Centre,NSW,approved,VERIFIED,primary_planning_portal,A,P,rack_density_kw,Rack density,S2,S7,research,,portal record; consent text,,RG-034 RG-037 RG-053 RG-073,,
SITE_PROJECT_PLUTO,Project Pluto Data Centre,NSW,approved,VERIFIED,primary_planning_portal,A,P,grid_connection,Grid connection,S2,S7,research,,portal record; consent text,,RG-034 RG-037 RG-053 RG-073,,
SITE_PROJECT_PLUTO,Project Pluto Data Centre,NSW,approved,VERIFIED,primary_planning_portal,A,P,water_usage,Water usage,S2,S7,research,,portal record; consent text,,RG-034 RG-037 RG-053 RG-073,,
SITE_PROJECT_PLUTO,Project Pluto Data Centre,NSW,approved,VERIFIED,primary_planning_portal,A,P,hcf_certified,HCF certification,S3,,research,,portal record; consent text,,,not_applicable,not on the HCF register (RG-096)
SITE_PROJECT_PLUTO,Project Pluto Data Centre,NSW,approved,VERIFIED,primary_planning_portal,A,P,campus_area_ha,Campus area,S2,,research,,portal record; consent text,,RG-034 RG-037 RG-053 RG-073,,
SITE_PROJECT_PLUTO,Project Pluto Data Centre,NSW,approved,VERIFIED,primary_planning_portal,A,P,gfa_sqm,Gross floor area,S2,,research,,portal record; consent text,,RG-034 RG-037 RG-053 RG-073,,
SITE_PROJECT_PLUTO,Project Pluto Data Centre,NSW,approved,VERIFIED,primary_planning_portal,A,P,capital_cost_aud,Capital cost,S2,,research,,portal record; consent text,,RG-034 RG-037 RG-053 RG-073,,
SITE_PROJECT_PLUTO,Project Pluto Data Centre,NSW,approved,VERIFIED,primary_planning_portal,A,P,construction_jobs,Construction jobs,S2,,research,,portal record; consent text,,RG-034 RG-037 RG-053 RG-073,,
SITE_PROJECT_PLUTO,Project Pluto Data Centre,NSW,approved,VERIFIED,primary_planning_portal,A,P,operational_jobs,Operational jobs,S2,,research,,portal record; consent text,,RG-034 RG-037 RG-053 RG-073,,
SITE_PROJECT_PLUTO,Project Pluto Data Centre,NSW,approved,VERIFIED,primary_planning_portal,A,P,operational_from,Operational from,S2,S4,research,,portal record; consent text,,RG-034 RG-037 RG-053 RG-073,,
SITE_PROJECT_PLUTO,Project Pluto Data Centre,NSW,approved,VERIFIED,primary_planning_portal,A,P,target_completion,Target completion,S2,S4,research,,portal record; consent text,,RG-034 RG-037 RG-053 RG-073,,
SITE_WA_1GW,Proposed ~1 GW WA renewable-powered data centre,WA,rumoured,CLAIMED,news,C,O,operator,Operator,S4,S6,research,,,,RG-013 RG-024 RG-071 RG-091,,
SITE_WA_1GW,Proposed ~1 GW WA renewable-powered data centre,WA,rumoured,CLAIMED,news,C,O,proponent,Proponent,S4,S6,research,,,,RG-013 RG-024 RG-071 RG-091,,
SITE_WA_1GW,Proposed ~1 GW WA renewable-powered data centre,WA,rumoured,CLAIMED,news,C,O,lga,Council,S4,S6,research,,,,RG-013 RG-024 RG-071 RG-091,,
SITE_WA_1GW,Proposed ~1 GW WA renewable-powered data centre,WA,rumoured,CLAIMED,news,C,O,suburb,Suburb,S4,S6,research,,,,RG-013 RG-024 RG-071 RG-091,,
SITE_WA_1GW,Proposed ~1 GW WA renewable-powered data centre,WA,rumoured,CLAIMED,news,C,O,address,Address,S4,S6,research,,,,RG-013 RG-024 RG-071 RG-091,,
SITE_WA_1GW,Proposed ~1 GW WA renewable-powered data centre,WA,rumoured,CLAIMED,news,C,O,lat,Coordinates,S4,S6,research,,,,RG-013 RG-024 RG-071 RG-091,,
SITE_WA_1GW,Proposed ~1 GW WA renewable-powered data centre,WA,rumoured,CLAIMED,news,C,O,total_capacity_mw,Total capacity,S4,S6,research,,,,RG-013 RG-024 RG-071 RG-091,,
SITE_WA_1GW,Proposed ~1 GW WA renewable-powered data centre,WA,rumoured,CLAIMED,news,C,O,it_capacity_mw,IT capacity,S4,S6,research,,,,RG-013 RG-024 RG-071 RG-091,,
SITE_WA_1GW,Proposed ~1 GW WA renewable-powered data centre,WA,rumoured,CLAIMED,news,C,O,first_phase_mw,First phase capacity,S4,S6,research,,,,RG-013 RG-024 RG-071 RG-091,,
SITE_WA_1GW,Proposed ~1 GW WA renewable-powered data centre,WA,rumoured,CLAIMED,news,C,O,live_capacity_mw,Live capacity,S7,,research,,,,RG-017 RG-021 RG-035 RG-036 RG-052 RG-059 RG-064 RG-081,not_applicable,never filled from it_capacity_mw
SITE_WA_1GW,Proposed ~1 GW WA renewable-powered data centre,WA,rumoured,CLAIMED,news,C,O,cooling_type,Cooling type,S4,S7,research,,,,RG-013 RG-024 RG-071 RG-091,,
SITE_WA_1GW,Proposed ~1 GW WA renewable-powered data centre,WA,rumoured,CLAIMED,news,C,O,rack_density_kw,Rack density,S4,S7,research,,,,RG-013 RG-024 RG-071 RG-091,,
SITE_WA_1GW,Proposed ~1 GW WA renewable-powered data centre,WA,rumoured,CLAIMED,news,C,O,grid_connection,Grid connection,S7,S4,research,,,,RG-017 RG-021 RG-035 RG-036 RG-052 RG-059 RG-064 RG-081,,
SITE_WA_1GW,Proposed ~1 GW WA renewable-powered data centre,WA,rumoured,CLAIMED,news,C,O,water_usage,Water usage,S7,S4,research,,,,RG-017 RG-021 RG-035 RG-036 RG-052 RG-059 RG-064 RG-081,,
SITE_WA_1GW,Proposed ~1 GW WA renewable-powered data centre,WA,rumoured,CLAIMED,news,C,O,hcf_certified,HCF certification,S3,,research,,,,,not_applicable,stored as the string 'unknown'; not on the HCF register (RG-096)
SITE_WA_1GW,Proposed ~1 GW WA renewable-powered data centre,WA,rumoured,CLAIMED,news,C,O,campus_area_ha,Campus area,S6,S4,research,,,,RG-003 RG-010 RG-011 RG-027 RG-048 RG-051 RG-056,,
SITE_WA_1GW,Proposed ~1 GW WA renewable-powered data centre,WA,rumoured,CLAIMED,news,C,O,gfa_sqm,Gross floor area,S6,S4,research,,,,RG-003 RG-010 RG-011 RG-027 RG-048 RG-051 RG-056,,
SITE_WA_1GW,Proposed ~1 GW WA renewable-powered data centre,WA,rumoured,CLAIMED,news,C,O,capital_cost_aud,Capital cost,S6,S4,research,,,,RG-003 RG-010 RG-011 RG-027 RG-048 RG-051 RG-056,,
SITE_WA_1GW,Proposed ~1 GW WA renewable-powered data centre,WA,rumoured,CLAIMED,news,C,O,construction_jobs,Construction jobs,S6,S4,research,,,,RG-003 RG-010 RG-011 RG-027 RG-048 RG-051 RG-056,,
SITE_WA_1GW,Proposed ~1 GW WA renewable-powered data centre,WA,rumoured,CLAIMED,news,C,O,operational_jobs,Operational jobs,S6,S4,research,,,,RG-003 RG-010 RG-011 RG-027 RG-048 RG-051 RG-056,,
SITE_WA_1GW,Proposed ~1 GW WA renewable-powered data centre,WA,rumoured,CLAIMED,news,C,O,operational_from,Operational from,S4,S6,research,,,,RG-013 RG-024 RG-071 RG-091,,
SITE_WA_1GW,Proposed ~1 GW WA renewable-powered data centre,WA,rumoured,CLAIMED,news,C,O,target_completion,Target completion,S4,S6,research,,,,RG-013 RG-024 RG-071 RG-091,,
SITE_ROAD_1,Road 1 Data Centre,NSW,lodged,VERIFIED,primary_planning_portal,A,P,operator,Operator,S2,S7,research,Ryde,portal record,,RG-034 RG-037 RG-053 RG-073,,
SITE_ROAD_1,Road 1 Data Centre,NSW,lodged,VERIFIED,primary_planning_portal,A,P,proponent,Proponent,S2,S7,research,Ryde,portal record,,RG-034 RG-037 RG-053 RG-073,,
SITE_ROAD_1,Road 1 Data Centre,NSW,lodged,VERIFIED,primary_planning_portal,A,P,total_capacity_mw,Total capacity,S2,,research,Ryde,portal record,,RG-034 RG-037 RG-053 RG-073,,
SITE_ROAD_1,Road 1 Data Centre,NSW,lodged,VERIFIED,primary_planning_portal,A,P,first_phase_mw,First phase capacity,S2,,research,Ryde,portal record,,RG-034 RG-037 RG-053 RG-073,,
SITE_ROAD_1,Road 1 Data Centre,NSW,lodged,VERIFIED,primary_planning_portal,A,P,live_capacity_mw,Live capacity,S7,,research,Ryde,portal record,,RG-017 RG-021 RG-035 RG-036 RG-052 RG-059 RG-064 RG-081,not_applicable,never filled from it_capacity_mw
SITE_ROAD_1,Road 1 Data Centre,NSW,lodged,VERIFIED,primary_planning_portal,A,P,cooling_type,Cooling type,S2,S7,research,Ryde,portal record,,RG-034 RG-037 RG-053 RG-073,,
SITE_ROAD_1,Road 1 Data Centre,NSW,lodged,VERIFIED,primary_planning_portal,A,P,rack_density_kw,Rack density,S2,S7,research,Ryde,portal record,,RG-034 RG-037 RG-053 RG-073,,
SITE_ROAD_1,Road 1 Data Centre,NSW,lodged,VERIFIED,primary_planning_portal,A,P,grid_connection,Grid connection,S2,S7,research,Ryde,portal record,,RG-034 RG-037 RG-053 RG-073,,
SITE_ROAD_1,Road 1 Data Centre,NSW,lodged,VERIFIED,primary_planning_portal,A,P,water_usage,Water usage,S2,S7,research,Ryde,portal record,,RG-034 RG-037 RG-053 RG-073,,
SITE_ROAD_1,Road 1 Data Centre,NSW,lodged,VERIFIED,primary_planning_portal,A,P,hcf_certified,HCF certification,S3,,research,Ryde,portal record,,,not_applicable,not on the HCF register (RG-096)
SITE_ROAD_1,Road 1 Data Centre,NSW,lodged,VERIFIED,primary_planning_portal,A,P,campus_area_ha,Campus area,S2,,research,Ryde,portal record,,RG-034 RG-037 RG-053 RG-073,,
SITE_ROAD_1,Road 1 Data Centre,NSW,lodged,VERIFIED,primary_planning_portal,A,P,gfa_sqm,Gross floor area,S2,,research,Ryde,portal record,,RG-034 RG-037 RG-053 RG-073,,
SITE_ROAD_1,Road 1 Data Centre,NSW,lodged,VERIFIED,primary_planning_portal,A,P,capital_cost_aud,Capital cost,S2,,research,Ryde,portal record,,RG-034 RG-037 RG-053 RG-073,,
SITE_ROAD_1,Road 1 Data Centre,NSW,lodged,VERIFIED,primary_planning_portal,A,P,construction_jobs,Construction jobs,S2,,research,Ryde,portal record,,RG-034 RG-037 RG-053 RG-073,,
SITE_ROAD_1,Road 1 Data Centre,NSW,lodged,VERIFIED,primary_planning_portal,A,P,operational_jobs,Operational jobs,S2,,research,Ryde,portal record,,RG-034 RG-037 RG-053 RG-073,,
SITE_ROAD_1,Road 1 Data Centre,NSW,lodged,VERIFIED,primary_planning_portal,A,P,operational_from,Operational from,S2,S4,research,Ryde,portal record,,RG-034 RG-037 RG-053 RG-073,,
SITE_ROAD_1,Road 1 Data Centre,NSW,lodged,VERIFIED,primary_planning_portal,A,P,target_completion,Target completion,S2,S4,research,Ryde,portal record,,RG-034 RG-037 RG-053 RG-073,,
SITE_ROBERTS_RD,Roberts Road Data Centre,NSW,approved,VERIFIED,primary_planning_portal,A,P,total_capacity_mw,Total capacity,S2,,research,Blacktown,portal record; consent text,RG-045 RG-057 RG-058 RG-069,RG-034 RG-037 RG-053 RG-073,,
SITE_ROBERTS_RD,Roberts Road Data Centre,NSW,approved,VERIFIED,primary_planning_portal,A,P,it_capacity_mw,IT capacity,S2,,research,Blacktown,portal record; consent text,RG-045 RG-057 RG-058 RG-069,RG-034 RG-037 RG-053 RG-073,,
SITE_ROBERTS_RD,Roberts Road Data Centre,NSW,approved,VERIFIED,primary_planning_portal,A,P,max_capacity_mw,Maximum capacity,S2,,research,Blacktown,portal record; consent text,RG-045 RG-057 RG-058 RG-069,RG-034 RG-037 RG-053 RG-073,,
SITE_ROBERTS_RD,Roberts Road Data Centre,NSW,approved,VERIFIED,primary_planning_portal,A,P,first_phase_mw,First phase capacity,S2,,research,Blacktown,portal record; consent text,RG-045 RG-057 RG-058 RG-069,RG-034 RG-037 RG-053 RG-073,,
SITE_ROBERTS_RD,Roberts Road Data Centre,NSW,approved,VERIFIED,primary_planning_portal,A,P,live_capacity_mw,Live capacity,S7,,research,Blacktown,portal record; consent text,RG-045 RG-057 RG-058 RG-069,RG-017 RG-021 RG-035 RG-036 RG-052 RG-059 RG-064 RG-081,not_applicable,never filled from it_capacity_mw
SITE_ROBERTS_RD,Roberts Road Data Centre,NSW,approved,VERIFIED,primary_planning_portal,A,P,cooling_type,Cooling type,S2,S7,research,Blacktown,portal record; consent text,RG-045 RG-057 RG-058 RG-069,RG-034 RG-037 RG-053 RG-073,,
SITE_ROBERTS_RD,Roberts Road Data Centre,NSW,approved,VERIFIED,primary_planning_portal,A,P,rack_density_kw,Rack density,S2,S7,research,Blacktown,portal record; consent text,RG-045 RG-057 RG-058 RG-069,RG-034 RG-037 RG-053 RG-073,,
SITE_ROBERTS_RD,Roberts Road Data Centre,NSW,approved,VERIFIED,primary_planning_portal,A,P,grid_connection,Grid connection,LOADER,,in pipeline,Blacktown,portal record; consent text,RG-045 RG-057 RG-058 RG-069,,,power_profile.connection_type holds a value; the loader does not map it
SITE_ROBERTS_RD,Roberts Road Data Centre,NSW,approved,VERIFIED,primary_planning_portal,A,P,water_usage,Water usage,S2,S7,research,Blacktown,portal record; consent text,RG-045 RG-057 RG-058 RG-069,RG-034 RG-037 RG-053 RG-073,,
SITE_ROBERTS_RD,Roberts Road Data Centre,NSW,approved,VERIFIED,primary_planning_portal,A,P,hcf_certified,HCF certification,S3,,research,Blacktown,portal record; consent text,RG-045 RG-057 RG-058 RG-069,,not_applicable,not on the HCF register (RG-096)
SITE_ROBERTS_RD,Roberts Road Data Centre,NSW,approved,VERIFIED,primary_planning_portal,A,P,campus_area_ha,Campus area,S2,,research,Blacktown,portal record; consent text,RG-045 RG-057 RG-058 RG-069,RG-034 RG-037 RG-053 RG-073,,
SITE_ROBERTS_RD,Roberts Road Data Centre,NSW,approved,VERIFIED,primary_planning_portal,A,P,gfa_sqm,Gross floor area,S2,,research,Blacktown,portal record; consent text,RG-045 RG-057 RG-058 RG-069,RG-034 RG-037 RG-053 RG-073,,
SITE_ROBERTS_RD,Roberts Road Data Centre,NSW,approved,VERIFIED,primary_planning_portal,A,P,capital_cost_aud,Capital cost,S2,,research,Blacktown,portal record; consent text,RG-045 RG-057 RG-058 RG-069,RG-034 RG-037 RG-053 RG-073,,
SITE_ROBERTS_RD,Roberts Road Data Centre,NSW,approved,VERIFIED,primary_planning_portal,A,P,construction_jobs,Construction jobs,S2,,research,Blacktown,portal record; consent text,RG-045 RG-057 RG-058 RG-069,RG-034 RG-037 RG-053 RG-073,,
SITE_ROBERTS_RD,Roberts Road Data Centre,NSW,approved,VERIFIED,primary_planning_portal,A,P,operational_jobs,Operational jobs,S2,,research,Blacktown,portal record; consent text,RG-045 RG-057 RG-058 RG-069,RG-034 RG-037 RG-053 RG-073,,
SITE_ROBERTS_RD,Roberts Road Data Centre,NSW,approved,VERIFIED,primary_planning_portal,A,P,operational_from,Operational from,S2,S4,research,Blacktown,portal record; consent text,RG-045 RG-057 RG-058 RG-069,RG-034 RG-037 RG-053 RG-073,,
SITE_ROBERTS_RD,Roberts Road Data Centre,NSW,approved,VERIFIED,primary_planning_portal,A,P,target_completion,Target completion,S2,S4,research,Blacktown,portal record; consent text,RG-045 RG-057 RG-058 RG-069,RG-034 RG-037 RG-053 RG-073,,
SITE_STACK_LOCKWOOD,STACK 78 Lockwood Road Data Centre,NSW,lodged,VERIFIED,primary_government,A,O,address,Address,S4,S5,research,Penrith,,,RG-013 RG-024 RG-071 RG-091,,
SITE_STACK_LOCKWOOD,STACK 78 Lockwood Road Data Centre,NSW,lodged,VERIFIED,primary_government,A,O,lat,Coordinates,S4,S5,research,Penrith,,,RG-013 RG-024 RG-071 RG-091,,
SITE_STACK_LOCKWOOD,STACK 78 Lockwood Road Data Centre,NSW,lodged,VERIFIED,primary_government,A,O,total_capacity_mw,Total capacity,S4,S5,research,Penrith,,,RG-013 RG-024 RG-071 RG-091,,
SITE_STACK_LOCKWOOD,STACK 78 Lockwood Road Data Centre,NSW,lodged,VERIFIED,primary_government,A,O,it_capacity_mw,IT capacity,S4,S5,research,Penrith,,,RG-013 RG-024 RG-071 RG-091,,
SITE_STACK_LOCKWOOD,STACK 78 Lockwood Road Data Centre,NSW,lodged,VERIFIED,primary_government,A,O,max_capacity_mw,Maximum capacity,S4,S5,research,Penrith,,,RG-013 RG-024 RG-071 RG-091,,
SITE_STACK_LOCKWOOD,STACK 78 Lockwood Road Data Centre,NSW,lodged,VERIFIED,primary_government,A,O,first_phase_mw,First phase capacity,S4,S5,research,Penrith,,,RG-013 RG-024 RG-071 RG-091,,
SITE_STACK_LOCKWOOD,STACK 78 Lockwood Road Data Centre,NSW,lodged,VERIFIED,primary_government,A,O,live_capacity_mw,Live capacity,S7,,research,Penrith,,,RG-017 RG-021 RG-035 RG-036 RG-052 RG-059 RG-064 RG-081,not_applicable,never filled from it_capacity_mw
SITE_STACK_LOCKWOOD,STACK 78 Lockwood Road Data Centre,NSW,lodged,VERIFIED,primary_government,A,O,cooling_type,Cooling type,S4,S7,research,Penrith,,,RG-013 RG-024 RG-071 RG-091,,
SITE_STACK_LOCKWOOD,STACK 78 Lockwood Road Data Centre,NSW,lodged,VERIFIED,primary_government,A,O,rack_density_kw,Rack density,S4,S7,research,Penrith,,,RG-013 RG-024 RG-071 RG-091,,
SITE_STACK_LOCKWOOD,STACK 78 Lockwood Road Data Centre,NSW,lodged,VERIFIED,primary_government,A,O,grid_connection,Grid connection,S7,S4,research,Penrith,,,RG-017 RG-021 RG-035 RG-036 RG-052 RG-059 RG-064 RG-081,,
SITE_STACK_LOCKWOOD,STACK 78 Lockwood Road Data Centre,NSW,lodged,VERIFIED,primary_government,A,O,water_usage,Water usage,S7,S4,research,Penrith,,,RG-017 RG-021 RG-035 RG-036 RG-052 RG-059 RG-064 RG-081,,
SITE_STACK_LOCKWOOD,STACK 78 Lockwood Road Data Centre,NSW,lodged,VERIFIED,primary_government,A,O,hcf_certified,HCF certification,S3,,research,Penrith,,,,not_applicable,stored as the string 'unknown'; not on the HCF register (RG-096)
SITE_STACK_LOCKWOOD,STACK 78 Lockwood Road Data Centre,NSW,lodged,VERIFIED,primary_government,A,O,campus_area_ha,Campus area,S5,S4,research,Penrith,,,RG-034,,
SITE_STACK_LOCKWOOD,STACK 78 Lockwood Road Data Centre,NSW,lodged,VERIFIED,primary_government,A,O,gfa_sqm,Gross floor area,S5,S4,research,Penrith,,,RG-034,,
SITE_STACK_LOCKWOOD,STACK 78 Lockwood Road Data Centre,NSW,lodged,VERIFIED,primary_government,A,O,capital_cost_aud,Capital cost,S5,S4,research,Penrith,,,RG-034,,
SITE_STACK_LOCKWOOD,STACK 78 Lockwood Road Data Centre,NSW,lodged,VERIFIED,primary_government,A,O,construction_jobs,Construction jobs,S5,S4,research,Penrith,,,RG-034,,
SITE_STACK_LOCKWOOD,STACK 78 Lockwood Road Data Centre,NSW,lodged,VERIFIED,primary_government,A,O,operational_jobs,Operational jobs,S5,S4,research,Penrith,,,RG-034,,
SITE_STACK_LOCKWOOD,STACK 78 Lockwood Road Data Centre,NSW,lodged,VERIFIED,primary_government,A,O,operational_from,Operational from,S4,S5,research,Penrith,,,RG-013 RG-024 RG-071 RG-091,,
SITE_STACK_LOCKWOOD,STACK 78 Lockwood Road Data Centre,NSW,lodged,VERIFIED,primary_government,A,O,target_completion,Target completion,S4,S5,research,Penrith,,,RG-013 RG-024 RG-071 RG-091,,
SITE_STACK_SYD01,"STACK SYD01 Data Centre, Erskine Park",NSW,lodged,VERIFIED,primary_planning_portal,A,P,proponent,Proponent,S2,S7,research,Blacktown,portal record,,RG-034 RG-037 RG-053 RG-073,,
SITE_STACK_SYD01,"STACK SYD01 Data Centre, Erskine Park",NSW,lodged,VERIFIED,primary_planning_portal,A,P,suburb,Suburb,S1,S2,archived,Blacktown,portal record,,,,
SITE_STACK_SYD01,"STACK SYD01 Data Centre, Erskine Park",NSW,lodged,VERIFIED,primary_planning_portal,A,P,address,Address,S1,S2,archived,Blacktown,portal record,,,,
SITE_STACK_SYD01,"STACK SYD01 Data Centre, Erskine Park",NSW,lodged,VERIFIED,primary_planning_portal,A,P,total_capacity_mw,Total capacity,S2,,research,Blacktown,portal record,,RG-034 RG-037 RG-053 RG-073,,
SITE_STACK_SYD01,"STACK SYD01 Data Centre, Erskine Park",NSW,lodged,VERIFIED,primary_planning_portal,A,P,first_phase_mw,First phase capacity,S2,,research,Blacktown,portal record,,RG-034 RG-037 RG-053 RG-073,,
SITE_STACK_SYD01,"STACK SYD01 Data Centre, Erskine Park",NSW,lodged,VERIFIED,primary_planning_portal,A,P,live_capacity_mw,Live capacity,S7,,research,Blacktown,portal record,,RG-017 RG-021 RG-035 RG-036 RG-052 RG-059 RG-064 RG-081,not_applicable,never filled from it_capacity_mw
SITE_STACK_SYD01,"STACK SYD01 Data Centre, Erskine Park",NSW,lodged,VERIFIED,primary_planning_portal,A,P,cooling_type,Cooling type,S2,S7,research,Blacktown,portal record,,RG-034 RG-037 RG-053 RG-073,,
SITE_STACK_SYD01,"STACK SYD01 Data Centre, Erskine Park",NSW,lodged,VERIFIED,primary_planning_portal,A,P,rack_density_kw,Rack density,S2,S7,research,Blacktown,portal record,,RG-034 RG-037 RG-053 RG-073,,
SITE_STACK_SYD01,"STACK SYD01 Data Centre, Erskine Park",NSW,lodged,VERIFIED,primary_planning_portal,A,P,grid_connection,Grid connection,S2,S7,research,Blacktown,portal record,,RG-034 RG-037 RG-053 RG-073,,
SITE_STACK_SYD01,"STACK SYD01 Data Centre, Erskine Park",NSW,lodged,VERIFIED,primary_planning_portal,A,P,water_usage,Water usage,S2,S7,research,Blacktown,portal record,,RG-034 RG-037 RG-053 RG-073,,
SITE_STACK_SYD01,"STACK SYD01 Data Centre, Erskine Park",NSW,lodged,VERIFIED,primary_planning_portal,A,P,hcf_certified,HCF certification,S3,,research,Blacktown,portal record,,,not_applicable,not on the HCF register (RG-096)
SITE_STACK_SYD01,"STACK SYD01 Data Centre, Erskine Park",NSW,lodged,VERIFIED,primary_planning_portal,A,P,campus_area_ha,Campus area,S2,,research,Blacktown,portal record,,RG-034 RG-037 RG-053 RG-073,,
SITE_STACK_SYD01,"STACK SYD01 Data Centre, Erskine Park",NSW,lodged,VERIFIED,primary_planning_portal,A,P,gfa_sqm,Gross floor area,S2,,research,Blacktown,portal record,,RG-034 RG-037 RG-053 RG-073,,
SITE_STACK_SYD01,"STACK SYD01 Data Centre, Erskine Park",NSW,lodged,VERIFIED,primary_planning_portal,A,P,capital_cost_aud,Capital cost,S2,,research,Blacktown,portal record,,RG-034 RG-037 RG-053 RG-073,,
SITE_STACK_SYD01,"STACK SYD01 Data Centre, Erskine Park",NSW,lodged,VERIFIED,primary_planning_portal,A,P,construction_jobs,Construction jobs,S2,,research,Blacktown,portal record,,RG-034 RG-037 RG-053 RG-073,,
SITE_STACK_SYD01,"STACK SYD01 Data Centre, Erskine Park",NSW,lodged,VERIFIED,primary_planning_portal,A,P,operational_jobs,Operational jobs,S2,,research,Blacktown,portal record,,RG-034 RG-037 RG-053 RG-073,,
SITE_STACK_SYD01,"STACK SYD01 Data Centre, Erskine Park",NSW,lodged,VERIFIED,primary_planning_portal,A,P,operational_from,Operational from,S2,S4,research,Blacktown,portal record,,RG-034 RG-037 RG-053 RG-073,,
SITE_STACK_SYD01,"STACK SYD01 Data Centre, Erskine Park",NSW,lodged,VERIFIED,primary_planning_portal,A,P,target_completion,Target completion,S2,S4,research,Blacktown,portal record,,RG-034 RG-037 RG-053 RG-073,,
SITE_SOUTH_MORANG,"South Morang data centre (approved, ~A$1bn)",VIC,approved,CLAIMED,community,C,O,operator,Operator,S4,S6,research,,,,RG-013 RG-024 RG-071 RG-091,,
SITE_SOUTH_MORANG,"South Morang data centre (approved, ~A$1bn)",VIC,approved,CLAIMED,community,C,O,proponent,Proponent,S4,S6,research,,,,RG-013 RG-024 RG-071 RG-091,,
SITE_SOUTH_MORANG,"South Morang data centre (approved, ~A$1bn)",VIC,approved,CLAIMED,community,C,O,address,Address,S4,S6,research,,,,RG-013 RG-024 RG-071 RG-091,,
SITE_SOUTH_MORANG,"South Morang data centre (approved, ~A$1bn)",VIC,approved,CLAIMED,community,C,O,lat,Coordinates,S4,S6,research,,,,RG-013 RG-024 RG-071 RG-091,,
SITE_SOUTH_MORANG,"South Morang data centre (approved, ~A$1bn)",VIC,approved,CLAIMED,community,C,O,total_capacity_mw,Total capacity,S4,S6,research,,,,RG-013 RG-024 RG-071 RG-091,,
SITE_SOUTH_MORANG,"South Morang data centre (approved, ~A$1bn)",VIC,approved,CLAIMED,community,C,O,it_capacity_mw,IT capacity,S4,S6,research,,,,RG-013 RG-024 RG-071 RG-091,,
SITE_SOUTH_MORANG,"South Morang data centre (approved, ~A$1bn)",VIC,approved,CLAIMED,community,C,O,max_capacity_mw,Maximum capacity,S4,S6,research,,,,RG-013 RG-024 RG-071 RG-091,,
SITE_SOUTH_MORANG,"South Morang data centre (approved, ~A$1bn)",VIC,approved,CLAIMED,community,C,O,first_phase_mw,First phase capacity,S4,S6,research,,,,RG-013 RG-024 RG-071 RG-091,,
SITE_SOUTH_MORANG,"South Morang data centre (approved, ~A$1bn)",VIC,approved,CLAIMED,community,C,O,live_capacity_mw,Live capacity,S7,,research,,,,RG-017 RG-021 RG-035 RG-036 RG-052 RG-059 RG-064 RG-081,not_applicable,never filled from it_capacity_mw
SITE_SOUTH_MORANG,"South Morang data centre (approved, ~A$1bn)",VIC,approved,CLAIMED,community,C,O,cooling_type,Cooling type,S4,S7,research,,,,RG-013 RG-024 RG-071 RG-091,,
SITE_SOUTH_MORANG,"South Morang data centre (approved, ~A$1bn)",VIC,approved,CLAIMED,community,C,O,rack_density_kw,Rack density,S4,S7,research,,,,RG-013 RG-024 RG-071 RG-091,,
SITE_SOUTH_MORANG,"South Morang data centre (approved, ~A$1bn)",VIC,approved,CLAIMED,community,C,O,grid_connection,Grid connection,S7,S4,research,,,,RG-017 RG-021 RG-035 RG-036 RG-052 RG-059 RG-064 RG-081,,
SITE_SOUTH_MORANG,"South Morang data centre (approved, ~A$1bn)",VIC,approved,CLAIMED,community,C,O,water_usage,Water usage,S7,S4,research,,,,RG-017 RG-021 RG-035 RG-036 RG-052 RG-059 RG-064 RG-081,,
SITE_SOUTH_MORANG,"South Morang data centre (approved, ~A$1bn)",VIC,approved,CLAIMED,community,C,O,hcf_certified,HCF certification,S3,,research,,,,,not_applicable,stored as the string 'unknown'; not on the HCF register (RG-096)
SITE_SOUTH_MORANG,"South Morang data centre (approved, ~A$1bn)",VIC,approved,CLAIMED,community,C,O,campus_area_ha,Campus area,S6,S4,research,,,,RG-003 RG-010 RG-011 RG-027 RG-048 RG-051 RG-056,,
SITE_SOUTH_MORANG,"South Morang data centre (approved, ~A$1bn)",VIC,approved,CLAIMED,community,C,O,gfa_sqm,Gross floor area,S6,S4,research,,,,RG-003 RG-010 RG-011 RG-027 RG-048 RG-051 RG-056,,
SITE_SOUTH_MORANG,"South Morang data centre (approved, ~A$1bn)",VIC,approved,CLAIMED,community,C,O,capital_cost_aud,Capital cost,S6,S4,research,,,,RG-003 RG-010 RG-011 RG-027 RG-048 RG-051 RG-056,,
SITE_SOUTH_MORANG,"South Morang data centre (approved, ~A$1bn)",VIC,approved,CLAIMED,community,C,O,construction_jobs,Construction jobs,S6,S4,research,,,,RG-003 RG-010 RG-011 RG-027 RG-048 RG-051 RG-056,,
SITE_SOUTH_MORANG,"South Morang data centre (approved, ~A$1bn)",VIC,approved,CLAIMED,community,C,O,operational_jobs,Operational jobs,S6,S4,research,,,,RG-003 RG-010 RG-011 RG-027 RG-048 RG-051 RG-056,,
SITE_SOUTH_MORANG,"South Morang data centre (approved, ~A$1bn)",VIC,approved,CLAIMED,community,C,O,operational_from,Operational from,S4,S6,research,,,,RG-013 RG-024 RG-071 RG-091,,
SITE_SOUTH_MORANG,"South Morang data centre (approved, ~A$1bn)",VIC,approved,CLAIMED,community,C,O,target_completion,Target completion,S4,S6,research,,,,RG-013 RG-024 RG-071 RG-091,,
SITE_STATION_RD,Station Road Data Centre Expansion,NSW,approved,VERIFIED,primary_planning_portal,A,P,operator,Operator,S2,S7,research,Blacktown,portal record; consent text,,RG-034 RG-037 RG-053 RG-073,,
SITE_STATION_RD,Station Road Data Centre Expansion,NSW,approved,VERIFIED,primary_planning_portal,A,P,total_capacity_mw,Total capacity,S2,,research,Blacktown,portal record; consent text,,RG-034 RG-037 RG-053 RG-073,,
SITE_STATION_RD,Station Road Data Centre Expansion,NSW,approved,VERIFIED,primary_planning_portal,A,P,it_capacity_mw,IT capacity,S2,,research,Blacktown,portal record; consent text,,RG-034 RG-037 RG-053 RG-073,,
SITE_STATION_RD,Station Road Data Centre Expansion,NSW,approved,VERIFIED,primary_planning_portal,A,P,max_capacity_mw,Maximum capacity,S2,,research,Blacktown,portal record; consent text,,RG-034 RG-037 RG-053 RG-073,,
SITE_STATION_RD,Station Road Data Centre Expansion,NSW,approved,VERIFIED,primary_planning_portal,A,P,first_phase_mw,First phase capacity,S2,,research,Blacktown,portal record; consent text,,RG-034 RG-037 RG-053 RG-073,,
SITE_STATION_RD,Station Road Data Centre Expansion,NSW,approved,VERIFIED,primary_planning_portal,A,P,live_capacity_mw,Live capacity,S7,,research,Blacktown,portal record; consent text,,RG-017 RG-021 RG-035 RG-036 RG-052 RG-059 RG-064 RG-081,not_applicable,never filled from it_capacity_mw
SITE_STATION_RD,Station Road Data Centre Expansion,NSW,approved,VERIFIED,primary_planning_portal,A,P,cooling_type,Cooling type,S2,S7,research,Blacktown,portal record; consent text,,RG-034 RG-037 RG-053 RG-073,,
SITE_STATION_RD,Station Road Data Centre Expansion,NSW,approved,VERIFIED,primary_planning_portal,A,P,rack_density_kw,Rack density,S2,S7,research,Blacktown,portal record; consent text,,RG-034 RG-037 RG-053 RG-073,,
SITE_STATION_RD,Station Road Data Centre Expansion,NSW,approved,VERIFIED,primary_planning_portal,A,P,grid_connection,Grid connection,S2,S7,research,Blacktown,portal record; consent text,,RG-034 RG-037 RG-053 RG-073,,
SITE_STATION_RD,Station Road Data Centre Expansion,NSW,approved,VERIFIED,primary_planning_portal,A,P,water_usage,Water usage,S2,S7,research,Blacktown,portal record; consent text,,RG-034 RG-037 RG-053 RG-073,,
SITE_STATION_RD,Station Road Data Centre Expansion,NSW,approved,VERIFIED,primary_planning_portal,A,P,hcf_certified,HCF certification,S3,,research,Blacktown,portal record; consent text,,,not_applicable,not on the HCF register (RG-096)
SITE_STATION_RD,Station Road Data Centre Expansion,NSW,approved,VERIFIED,primary_planning_portal,A,P,campus_area_ha,Campus area,S2,,research,Blacktown,portal record; consent text,,RG-034 RG-037 RG-053 RG-073,,
SITE_STATION_RD,Station Road Data Centre Expansion,NSW,approved,VERIFIED,primary_planning_portal,A,P,gfa_sqm,Gross floor area,S2,,research,Blacktown,portal record; consent text,,RG-034 RG-037 RG-053 RG-073,,
SITE_STATION_RD,Station Road Data Centre Expansion,NSW,approved,VERIFIED,primary_planning_portal,A,P,capital_cost_aud,Capital cost,S2,,research,Blacktown,portal record; consent text,,RG-034 RG-037 RG-053 RG-073,,
SITE_STATION_RD,Station Road Data Centre Expansion,NSW,approved,VERIFIED,primary_planning_portal,A,P,construction_jobs,Construction jobs,S2,,research,Blacktown,portal record; consent text,,RG-034 RG-037 RG-053 RG-073,,
SITE_STATION_RD,Station Road Data Centre Expansion,NSW,approved,VERIFIED,primary_planning_portal,A,P,operational_jobs,Operational jobs,S2,,research,Blacktown,portal record; consent text,,RG-034 RG-037 RG-053 RG-073,,
SITE_STATION_RD,Station Road Data Centre Expansion,NSW,approved,VERIFIED,primary_planning_portal,A,P,operational_from,Operational from,S2,S4,research,Blacktown,portal record; consent text,,RG-034 RG-037 RG-053 RG-073,,
SITE_STATION_RD,Station Road Data Centre Expansion,NSW,approved,VERIFIED,primary_planning_portal,A,P,target_completion,Target completion,S2,S4,research,Blacktown,portal record; consent text,,RG-034 RG-037 RG-053 RG-073,,
SITE_STOCKLAND_PROJA,Stockland 'Project A' Data Centre,NSW,lodged,VERIFIED,primary_government,A,O,address,Address,S4,S5,research,Ryde,,,RG-013 RG-024 RG-071 RG-091,,
SITE_STOCKLAND_PROJA,Stockland 'Project A' Data Centre,NSW,lodged,VERIFIED,primary_government,A,O,lat,Coordinates,S4,S5,research,Ryde,,,RG-013 RG-024 RG-071 RG-091,,
SITE_STOCKLAND_PROJA,Stockland 'Project A' Data Centre,NSW,lodged,VERIFIED,primary_government,A,O,total_capacity_mw,Total capacity,S4,S5,research,Ryde,,,RG-013 RG-024 RG-071 RG-091,,
SITE_STOCKLAND_PROJA,Stockland 'Project A' Data Centre,NSW,lodged,VERIFIED,primary_government,A,O,it_capacity_mw,IT capacity,S4,S5,research,Ryde,,,RG-013 RG-024 RG-071 RG-091,,
SITE_STOCKLAND_PROJA,Stockland 'Project A' Data Centre,NSW,lodged,VERIFIED,primary_government,A,O,max_capacity_mw,Maximum capacity,S4,S5,research,Ryde,,,RG-013 RG-024 RG-071 RG-091,,
SITE_STOCKLAND_PROJA,Stockland 'Project A' Data Centre,NSW,lodged,VERIFIED,primary_government,A,O,first_phase_mw,First phase capacity,S4,S5,research,Ryde,,,RG-013 RG-024 RG-071 RG-091,,
SITE_STOCKLAND_PROJA,Stockland 'Project A' Data Centre,NSW,lodged,VERIFIED,primary_government,A,O,live_capacity_mw,Live capacity,S7,,research,Ryde,,,RG-017 RG-021 RG-035 RG-036 RG-052 RG-059 RG-064 RG-081,not_applicable,never filled from it_capacity_mw
SITE_STOCKLAND_PROJA,Stockland 'Project A' Data Centre,NSW,lodged,VERIFIED,primary_government,A,O,cooling_type,Cooling type,S4,S7,research,Ryde,,,RG-013 RG-024 RG-071 RG-091,,
SITE_STOCKLAND_PROJA,Stockland 'Project A' Data Centre,NSW,lodged,VERIFIED,primary_government,A,O,rack_density_kw,Rack density,S4,S7,research,Ryde,,,RG-013 RG-024 RG-071 RG-091,,
SITE_STOCKLAND_PROJA,Stockland 'Project A' Data Centre,NSW,lodged,VERIFIED,primary_government,A,O,grid_connection,Grid connection,S7,S4,research,Ryde,,,RG-017 RG-021 RG-035 RG-036 RG-052 RG-059 RG-064 RG-081,,
SITE_STOCKLAND_PROJA,Stockland 'Project A' Data Centre,NSW,lodged,VERIFIED,primary_government,A,O,water_usage,Water usage,S7,S4,research,Ryde,,,RG-017 RG-021 RG-035 RG-036 RG-052 RG-059 RG-064 RG-081,,
SITE_STOCKLAND_PROJA,Stockland 'Project A' Data Centre,NSW,lodged,VERIFIED,primary_government,A,O,hcf_certified,HCF certification,S3,,research,Ryde,,,,not_applicable,stored as the string 'unknown'; not on the HCF register (RG-096)
SITE_STOCKLAND_PROJA,Stockland 'Project A' Data Centre,NSW,lodged,VERIFIED,primary_government,A,O,campus_area_ha,Campus area,S5,S4,research,Ryde,,,RG-034,,
SITE_STOCKLAND_PROJA,Stockland 'Project A' Data Centre,NSW,lodged,VERIFIED,primary_government,A,O,gfa_sqm,Gross floor area,S5,S4,research,Ryde,,,RG-034,,
SITE_STOCKLAND_PROJA,Stockland 'Project A' Data Centre,NSW,lodged,VERIFIED,primary_government,A,O,capital_cost_aud,Capital cost,S5,S4,research,Ryde,,,RG-034,,
SITE_STOCKLAND_PROJA,Stockland 'Project A' Data Centre,NSW,lodged,VERIFIED,primary_government,A,O,construction_jobs,Construction jobs,S5,S4,research,Ryde,,,RG-034,,
SITE_STOCKLAND_PROJA,Stockland 'Project A' Data Centre,NSW,lodged,VERIFIED,primary_government,A,O,operational_jobs,Operational jobs,S5,S4,research,Ryde,,,RG-034,,
SITE_STOCKLAND_PROJA,Stockland 'Project A' Data Centre,NSW,lodged,VERIFIED,primary_government,A,O,operational_from,Operational from,S4,S5,research,Ryde,,,RG-013 RG-024 RG-071 RG-091,,
SITE_STOCKLAND_PROJA,Stockland 'Project A' Data Centre,NSW,lodged,VERIFIED,primary_government,A,O,target_completion,Target completion,S4,S5,research,Ryde,,,RG-013 RG-024 RG-071 RG-091,,
SITE_STOCKLAND_DAVIS,Stockland 2 Davis Road Data Centre,NSW,lodged,VERIFIED,primary_government,A,O,address,Address,S4,,research,,,,RG-013 RG-024 RG-071 RG-091,,
SITE_STOCKLAND_DAVIS,Stockland 2 Davis Road Data Centre,NSW,lodged,VERIFIED,primary_government,A,O,lat,Coordinates,S4,,research,,,,RG-013 RG-024 RG-071 RG-091,,
SITE_STOCKLAND_DAVIS,Stockland 2 Davis Road Data Centre,NSW,lodged,VERIFIED,primary_government,A,O,total_capacity_mw,Total capacity,S4,,research,,,,RG-013 RG-024 RG-071 RG-091,,
SITE_STOCKLAND_DAVIS,Stockland 2 Davis Road Data Centre,NSW,lodged,VERIFIED,primary_government,A,O,it_capacity_mw,IT capacity,S4,,research,,,,RG-013 RG-024 RG-071 RG-091,,
SITE_STOCKLAND_DAVIS,Stockland 2 Davis Road Data Centre,NSW,lodged,VERIFIED,primary_government,A,O,max_capacity_mw,Maximum capacity,S4,,research,,,,RG-013 RG-024 RG-071 RG-091,,
SITE_STOCKLAND_DAVIS,Stockland 2 Davis Road Data Centre,NSW,lodged,VERIFIED,primary_government,A,O,first_phase_mw,First phase capacity,S4,,research,,,,RG-013 RG-024 RG-071 RG-091,,
SITE_STOCKLAND_DAVIS,Stockland 2 Davis Road Data Centre,NSW,lodged,VERIFIED,primary_government,A,O,live_capacity_mw,Live capacity,S7,,research,,,,RG-017 RG-021 RG-035 RG-036 RG-052 RG-059 RG-064 RG-081,not_applicable,never filled from it_capacity_mw
SITE_STOCKLAND_DAVIS,Stockland 2 Davis Road Data Centre,NSW,lodged,VERIFIED,primary_government,A,O,cooling_type,Cooling type,S4,S7,research,,,,RG-013 RG-024 RG-071 RG-091,,
SITE_STOCKLAND_DAVIS,Stockland 2 Davis Road Data Centre,NSW,lodged,VERIFIED,primary_government,A,O,rack_density_kw,Rack density,S4,S7,research,,,,RG-013 RG-024 RG-071 RG-091,,
SITE_STOCKLAND_DAVIS,Stockland 2 Davis Road Data Centre,NSW,lodged,VERIFIED,primary_government,A,O,grid_connection,Grid connection,S7,S4,research,,,,RG-017 RG-021 RG-035 RG-036 RG-052 RG-059 RG-064 RG-081,,
SITE_STOCKLAND_DAVIS,Stockland 2 Davis Road Data Centre,NSW,lodged,VERIFIED,primary_government,A,O,water_usage,Water usage,S7,S4,research,,,,RG-017 RG-021 RG-035 RG-036 RG-052 RG-059 RG-064 RG-081,,
SITE_STOCKLAND_DAVIS,Stockland 2 Davis Road Data Centre,NSW,lodged,VERIFIED,primary_government,A,O,hcf_certified,HCF certification,S3,,research,,,,,not_applicable,stored as the string 'unknown'; not on the HCF register (RG-096)
SITE_STOCKLAND_DAVIS,Stockland 2 Davis Road Data Centre,NSW,lodged,VERIFIED,primary_government,A,O,campus_area_ha,Campus area,S4,,research,,,,RG-013 RG-024 RG-071 RG-091,,
SITE_STOCKLAND_DAVIS,Stockland 2 Davis Road Data Centre,NSW,lodged,VERIFIED,primary_government,A,O,gfa_sqm,Gross floor area,S4,,research,,,,RG-013 RG-024 RG-071 RG-091,,
SITE_STOCKLAND_DAVIS,Stockland 2 Davis Road Data Centre,NSW,lodged,VERIFIED,primary_government,A,O,capital_cost_aud,Capital cost,S4,,research,,,,RG-013 RG-024 RG-071 RG-091,,
SITE_STOCKLAND_DAVIS,Stockland 2 Davis Road Data Centre,NSW,lodged,VERIFIED,primary_government,A,O,construction_jobs,Construction jobs,S4,,research,,,,RG-013 RG-024 RG-071 RG-091,,
SITE_STOCKLAND_DAVIS,Stockland 2 Davis Road Data Centre,NSW,lodged,VERIFIED,primary_government,A,O,operational_jobs,Operational jobs,S4,,research,,,,RG-013 RG-024 RG-071 RG-091,,
SITE_STOCKLAND_DAVIS,Stockland 2 Davis Road Data Centre,NSW,lodged,VERIFIED,primary_government,A,O,operational_from,Operational from,S4,,research,,,,RG-013 RG-024 RG-071 RG-091,,
SITE_STOCKLAND_DAVIS,Stockland 2 Davis Road Data Centre,NSW,lodged,VERIFIED,primary_government,A,O,target_completion,Target completion,S4,,research,,,,RG-013 RG-024 RG-071 RG-091,,
SITE_STOCKLAND_FIFE,Stockland Fife Kemps Creek Data Centre,NSW,lodged,VERIFIED,primary_government,A,O,address,Address,S4,S5,research,Penrith,,,RG-013 RG-024 RG-071 RG-091,,
SITE_STOCKLAND_FIFE,Stockland Fife Kemps Creek Data Centre,NSW,lodged,VERIFIED,primary_government,A,O,lat,Coordinates,S4,S5,research,Penrith,,,RG-013 RG-024 RG-071 RG-091,,
SITE_STOCKLAND_FIFE,Stockland Fife Kemps Creek Data Centre,NSW,lodged,VERIFIED,primary_government,A,O,total_capacity_mw,Total capacity,S4,S5,research,Penrith,,,RG-013 RG-024 RG-071 RG-091,,
SITE_STOCKLAND_FIFE,Stockland Fife Kemps Creek Data Centre,NSW,lodged,VERIFIED,primary_government,A,O,it_capacity_mw,IT capacity,S4,S5,research,Penrith,,,RG-013 RG-024 RG-071 RG-091,,
SITE_STOCKLAND_FIFE,Stockland Fife Kemps Creek Data Centre,NSW,lodged,VERIFIED,primary_government,A,O,max_capacity_mw,Maximum capacity,S4,S5,research,Penrith,,,RG-013 RG-024 RG-071 RG-091,,
SITE_STOCKLAND_FIFE,Stockland Fife Kemps Creek Data Centre,NSW,lodged,VERIFIED,primary_government,A,O,first_phase_mw,First phase capacity,S4,S5,research,Penrith,,,RG-013 RG-024 RG-071 RG-091,,
SITE_STOCKLAND_FIFE,Stockland Fife Kemps Creek Data Centre,NSW,lodged,VERIFIED,primary_government,A,O,live_capacity_mw,Live capacity,S7,,research,Penrith,,,RG-017 RG-021 RG-035 RG-036 RG-052 RG-059 RG-064 RG-081,not_applicable,never filled from it_capacity_mw
SITE_STOCKLAND_FIFE,Stockland Fife Kemps Creek Data Centre,NSW,lodged,VERIFIED,primary_government,A,O,cooling_type,Cooling type,S4,S7,research,Penrith,,,RG-013 RG-024 RG-071 RG-091,,
SITE_STOCKLAND_FIFE,Stockland Fife Kemps Creek Data Centre,NSW,lodged,VERIFIED,primary_government,A,O,rack_density_kw,Rack density,S4,S7,research,Penrith,,,RG-013 RG-024 RG-071 RG-091,,
SITE_STOCKLAND_FIFE,Stockland Fife Kemps Creek Data Centre,NSW,lodged,VERIFIED,primary_government,A,O,grid_connection,Grid connection,S7,S4,research,Penrith,,,RG-017 RG-021 RG-035 RG-036 RG-052 RG-059 RG-064 RG-081,,
SITE_STOCKLAND_FIFE,Stockland Fife Kemps Creek Data Centre,NSW,lodged,VERIFIED,primary_government,A,O,water_usage,Water usage,S7,S4,research,Penrith,,,RG-017 RG-021 RG-035 RG-036 RG-052 RG-059 RG-064 RG-081,,
SITE_STOCKLAND_FIFE,Stockland Fife Kemps Creek Data Centre,NSW,lodged,VERIFIED,primary_government,A,O,hcf_certified,HCF certification,S3,,research,Penrith,,,,not_applicable,stored as the string 'unknown'; not on the HCF register (RG-096)
SITE_STOCKLAND_FIFE,Stockland Fife Kemps Creek Data Centre,NSW,lodged,VERIFIED,primary_government,A,O,campus_area_ha,Campus area,S5,S4,research,Penrith,,,RG-034,,
SITE_STOCKLAND_FIFE,Stockland Fife Kemps Creek Data Centre,NSW,lodged,VERIFIED,primary_government,A,O,gfa_sqm,Gross floor area,S5,S4,research,Penrith,,,RG-034,,
SITE_STOCKLAND_FIFE,Stockland Fife Kemps Creek Data Centre,NSW,lodged,VERIFIED,primary_government,A,O,capital_cost_aud,Capital cost,S5,S4,research,Penrith,,,RG-034,,
SITE_STOCKLAND_FIFE,Stockland Fife Kemps Creek Data Centre,NSW,lodged,VERIFIED,primary_government,A,O,construction_jobs,Construction jobs,S5,S4,research,Penrith,,,RG-034,,
SITE_STOCKLAND_FIFE,Stockland Fife Kemps Creek Data Centre,NSW,lodged,VERIFIED,primary_government,A,O,operational_jobs,Operational jobs,S5,S4,research,Penrith,,,RG-034,,
SITE_STOCKLAND_FIFE,Stockland Fife Kemps Creek Data Centre,NSW,lodged,VERIFIED,primary_government,A,O,operational_from,Operational from,S4,S5,research,Penrith,,,RG-013 RG-024 RG-071 RG-091,,
SITE_STOCKLAND_FIFE,Stockland Fife Kemps Creek Data Centre,NSW,lodged,VERIFIED,primary_government,A,O,target_completion,Target completion,S4,S5,research,Penrith,,,RG-013 RG-024 RG-071 RG-091,,
SITE_STOCKLAND_MP,Stockland Macquarie Park Stage 1 data centre,NSW,under_construction,CLAIMED,market_research,B,O,operator,Operator,S4,S5,research,Ryde,,RG-084,RG-013 RG-024 RG-071 RG-091,,
SITE_STOCKLAND_MP,Stockland Macquarie Park Stage 1 data centre,NSW,under_construction,CLAIMED,market_research,B,O,address,Address,S4,S5,research,Ryde,,RG-084,RG-013 RG-024 RG-071 RG-091,,
SITE_STOCKLAND_MP,Stockland Macquarie Park Stage 1 data centre,NSW,under_construction,CLAIMED,market_research,B,O,lat,Coordinates,S4,S5,research,Ryde,,RG-084,RG-013 RG-024 RG-071 RG-091,,
SITE_STOCKLAND_MP,Stockland Macquarie Park Stage 1 data centre,NSW,under_construction,CLAIMED,market_research,B,O,total_capacity_mw,Total capacity,S4,S5,research,Ryde,,RG-084,RG-013 RG-024 RG-071 RG-091,,
SITE_STOCKLAND_MP,Stockland Macquarie Park Stage 1 data centre,NSW,under_construction,CLAIMED,market_research,B,O,it_capacity_mw,IT capacity,S4,S5,research,Ryde,,RG-084,RG-013 RG-024 RG-071 RG-091,,
SITE_STOCKLAND_MP,Stockland Macquarie Park Stage 1 data centre,NSW,under_construction,CLAIMED,market_research,B,O,max_capacity_mw,Maximum capacity,S4,S5,research,Ryde,,RG-084,RG-013 RG-024 RG-071 RG-091,,
SITE_STOCKLAND_MP,Stockland Macquarie Park Stage 1 data centre,NSW,under_construction,CLAIMED,market_research,B,O,first_phase_mw,First phase capacity,S4,S5,research,Ryde,,RG-084,RG-013 RG-024 RG-071 RG-091,,
SITE_STOCKLAND_MP,Stockland Macquarie Park Stage 1 data centre,NSW,under_construction,CLAIMED,market_research,B,O,live_capacity_mw,Live capacity,S7,,research,Ryde,,RG-084,RG-017 RG-021 RG-035 RG-036 RG-052 RG-059 RG-064 RG-081,,never filled from it_capacity_mw
SITE_STOCKLAND_MP,Stockland Macquarie Park Stage 1 data centre,NSW,under_construction,CLAIMED,market_research,B,O,cooling_type,Cooling type,S4,S7,research,Ryde,,RG-084,RG-013 RG-024 RG-071 RG-091,,
SITE_STOCKLAND_MP,Stockland Macquarie Park Stage 1 data centre,NSW,under_construction,CLAIMED,market_research,B,O,rack_density_kw,Rack density,S4,S7,research,Ryde,,RG-084,RG-013 RG-024 RG-071 RG-091,,
SITE_STOCKLAND_MP,Stockland Macquarie Park Stage 1 data centre,NSW,under_construction,CLAIMED,market_research,B,O,grid_connection,Grid connection,S7,S4,research,Ryde,,RG-084,RG-017 RG-021 RG-035 RG-036 RG-052 RG-059 RG-064 RG-081,,
SITE_STOCKLAND_MP,Stockland Macquarie Park Stage 1 data centre,NSW,under_construction,CLAIMED,market_research,B,O,water_usage,Water usage,S7,S4,research,Ryde,,RG-084,RG-017 RG-021 RG-035 RG-036 RG-052 RG-059 RG-064 RG-081,,
SITE_STOCKLAND_MP,Stockland Macquarie Park Stage 1 data centre,NSW,under_construction,CLAIMED,market_research,B,O,hcf_certified,HCF certification,S3,,research,Ryde,,RG-084,,not_applicable,stored as the string 'unknown'; not on the HCF register (RG-096)
SITE_STOCKLAND_MP,Stockland Macquarie Park Stage 1 data centre,NSW,under_construction,CLAIMED,market_research,B,O,campus_area_ha,Campus area,S5,S4,research,Ryde,,RG-084,RG-034,,
SITE_STOCKLAND_MP,Stockland Macquarie Park Stage 1 data centre,NSW,under_construction,CLAIMED,market_research,B,O,gfa_sqm,Gross floor area,S5,S4,research,Ryde,,RG-084,RG-034,,
SITE_STOCKLAND_MP,Stockland Macquarie Park Stage 1 data centre,NSW,under_construction,CLAIMED,market_research,B,O,construction_jobs,Construction jobs,S5,S4,research,Ryde,,RG-084,RG-034,,
SITE_STOCKLAND_MP,Stockland Macquarie Park Stage 1 data centre,NSW,under_construction,CLAIMED,market_research,B,O,operational_jobs,Operational jobs,S5,S4,research,Ryde,,RG-084,RG-034,,
SITE_STOCKLAND_MP,Stockland Macquarie Park Stage 1 data centre,NSW,under_construction,CLAIMED,market_research,B,O,operational_from,Operational from,S4,S5,research,Ryde,,RG-084,RG-013 RG-024 RG-071 RG-091,,
SITE_STOCKLAND_MP,Stockland Macquarie Park Stage 1 data centre,NSW,under_construction,CLAIMED,market_research,B,O,target_completion,Target completion,S4,S5,research,Ryde,,RG-084,RG-013 RG-024 RG-071 RG-091,,
SITE_MELTON_SYNCLINE,Syncline Energy Melton data centre hub (proposed),VIC,lodged,REPORTED,community,C,O,address,Address,S4,S6,research,Melton,,RG-011,RG-013 RG-024 RG-071 RG-091,,
SITE_MELTON_SYNCLINE,Syncline Energy Melton data centre hub (proposed),VIC,lodged,REPORTED,community,C,O,lat,Coordinates,S4,S6,research,Melton,,RG-011,RG-013 RG-024 RG-071 RG-091,,
SITE_MELTON_SYNCLINE,Syncline Energy Melton data centre hub (proposed),VIC,lodged,REPORTED,community,C,O,total_capacity_mw,Total capacity,S4,S6,research,Melton,,RG-011,RG-013 RG-024 RG-071 RG-091,,
SITE_MELTON_SYNCLINE,Syncline Energy Melton data centre hub (proposed),VIC,lodged,REPORTED,community,C,O,it_capacity_mw,IT capacity,S4,S6,research,Melton,,RG-011,RG-013 RG-024 RG-071 RG-091,,
SITE_MELTON_SYNCLINE,Syncline Energy Melton data centre hub (proposed),VIC,lodged,REPORTED,community,C,O,max_capacity_mw,Maximum capacity,S4,S6,research,Melton,,RG-011,RG-013 RG-024 RG-071 RG-091,,
SITE_MELTON_SYNCLINE,Syncline Energy Melton data centre hub (proposed),VIC,lodged,REPORTED,community,C,O,first_phase_mw,First phase capacity,S4,S6,research,Melton,,RG-011,RG-013 RG-024 RG-071 RG-091,,
SITE_MELTON_SYNCLINE,Syncline Energy Melton data centre hub (proposed),VIC,lodged,REPORTED,community,C,O,live_capacity_mw,Live capacity,S7,,research,Melton,,RG-011,RG-017 RG-021 RG-035 RG-036 RG-052 RG-059 RG-064 RG-081,not_applicable,never filled from it_capacity_mw
SITE_MELTON_SYNCLINE,Syncline Energy Melton data centre hub (proposed),VIC,lodged,REPORTED,community,C,O,cooling_type,Cooling type,S4,S7,research,Melton,,RG-011,RG-013 RG-024 RG-071 RG-091,,
SITE_MELTON_SYNCLINE,Syncline Energy Melton data centre hub (proposed),VIC,lodged,REPORTED,community,C,O,rack_density_kw,Rack density,S4,S7,research,Melton,,RG-011,RG-013 RG-024 RG-071 RG-091,,
SITE_MELTON_SYNCLINE,Syncline Energy Melton data centre hub (proposed),VIC,lodged,REPORTED,community,C,O,grid_connection,Grid connection,S7,S4,research,Melton,,RG-011,RG-017 RG-021 RG-035 RG-036 RG-052 RG-059 RG-064 RG-081,,
SITE_MELTON_SYNCLINE,Syncline Energy Melton data centre hub (proposed),VIC,lodged,REPORTED,community,C,O,water_usage,Water usage,S7,S4,research,Melton,,RG-011,RG-017 RG-021 RG-035 RG-036 RG-052 RG-059 RG-064 RG-081,,
SITE_MELTON_SYNCLINE,Syncline Energy Melton data centre hub (proposed),VIC,lodged,REPORTED,community,C,O,hcf_certified,HCF certification,S3,,research,Melton,,RG-011,,not_applicable,stored as the string 'unknown'; not on the HCF register (RG-096)
SITE_MELTON_SYNCLINE,Syncline Energy Melton data centre hub (proposed),VIC,lodged,REPORTED,community,C,O,campus_area_ha,Campus area,S6,S4,research,Melton,,RG-011,RG-003 RG-010 RG-011 RG-027 RG-048 RG-051 RG-056,,
SITE_MELTON_SYNCLINE,Syncline Energy Melton data centre hub (proposed),VIC,lodged,REPORTED,community,C,O,gfa_sqm,Gross floor area,S6,S4,research,Melton,,RG-011,RG-003 RG-010 RG-011 RG-027 RG-048 RG-051 RG-056,,
SITE_MELTON_SYNCLINE,Syncline Energy Melton data centre hub (proposed),VIC,lodged,REPORTED,community,C,O,capital_cost_aud,Capital cost,S6,S4,research,Melton,,RG-011,RG-003 RG-010 RG-011 RG-027 RG-048 RG-051 RG-056,,
SITE_MELTON_SYNCLINE,Syncline Energy Melton data centre hub (proposed),VIC,lodged,REPORTED,community,C,O,construction_jobs,Construction jobs,S6,S4,research,Melton,,RG-011,RG-003 RG-010 RG-011 RG-027 RG-048 RG-051 RG-056,,
SITE_MELTON_SYNCLINE,Syncline Energy Melton data centre hub (proposed),VIC,lodged,REPORTED,community,C,O,operational_jobs,Operational jobs,S6,S4,research,Melton,,RG-011,RG-003 RG-010 RG-011 RG-027 RG-048 RG-051 RG-056,,
SITE_MELTON_SYNCLINE,Syncline Energy Melton data centre hub (proposed),VIC,lodged,REPORTED,community,C,O,operational_from,Operational from,S4,S6,research,Melton,,RG-011,RG-013 RG-024 RG-071 RG-091,,
SITE_MELTON_SYNCLINE,Syncline Energy Melton data centre hub (proposed),VIC,lodged,REPORTED,community,C,O,target_completion,Target completion,S4,S6,research,Melton,,RG-011,RG-013 RG-024 RG-071 RG-091,,
SITE_TALAVERA,Talavera Road Data Centre Campus Expansion,NSW,approved,VERIFIED,primary_planning_portal,A,P,total_capacity_mw,Total capacity,S2,,research,Ryde,portal record; consent text,RG-045 RG-085,RG-034 RG-037 RG-053 RG-073,,
SITE_TALAVERA,Talavera Road Data Centre Campus Expansion,NSW,approved,VERIFIED,primary_planning_portal,A,P,it_capacity_mw,IT capacity,S2,,research,Ryde,portal record; consent text,RG-045 RG-085,RG-034 RG-037 RG-053 RG-073,,
SITE_TALAVERA,Talavera Road Data Centre Campus Expansion,NSW,approved,VERIFIED,primary_planning_portal,A,P,max_capacity_mw,Maximum capacity,S2,,research,Ryde,portal record; consent text,RG-045 RG-085,RG-034 RG-037 RG-053 RG-073,,
SITE_TALAVERA,Talavera Road Data Centre Campus Expansion,NSW,approved,VERIFIED,primary_planning_portal,A,P,first_phase_mw,First phase capacity,S2,,research,Ryde,portal record; consent text,RG-045 RG-085,RG-034 RG-037 RG-053 RG-073,,
SITE_TALAVERA,Talavera Road Data Centre Campus Expansion,NSW,approved,VERIFIED,primary_planning_portal,A,P,live_capacity_mw,Live capacity,S7,,research,Ryde,portal record; consent text,RG-045 RG-085,RG-017 RG-021 RG-035 RG-036 RG-052 RG-059 RG-064 RG-081,not_applicable,never filled from it_capacity_mw
SITE_TALAVERA,Talavera Road Data Centre Campus Expansion,NSW,approved,VERIFIED,primary_planning_portal,A,P,cooling_type,Cooling type,S2,S7,research,Ryde,portal record; consent text,RG-045 RG-085,RG-034 RG-037 RG-053 RG-073,,
SITE_TALAVERA,Talavera Road Data Centre Campus Expansion,NSW,approved,VERIFIED,primary_planning_portal,A,P,rack_density_kw,Rack density,S2,S7,research,Ryde,portal record; consent text,RG-045 RG-085,RG-034 RG-037 RG-053 RG-073,,
SITE_TALAVERA,Talavera Road Data Centre Campus Expansion,NSW,approved,VERIFIED,primary_planning_portal,A,P,grid_connection,Grid connection,S2,S7,research,Ryde,portal record; consent text,RG-045 RG-085,RG-034 RG-037 RG-053 RG-073,,
SITE_TALAVERA,Talavera Road Data Centre Campus Expansion,NSW,approved,VERIFIED,primary_planning_portal,A,P,water_usage,Water usage,S2,S7,research,Ryde,portal record; consent text,RG-045 RG-085,RG-034 RG-037 RG-053 RG-073,,
SITE_TALAVERA,Talavera Road Data Centre Campus Expansion,NSW,approved,VERIFIED,primary_planning_portal,A,P,hcf_certified,HCF certification,S3,,research,Ryde,portal record; consent text,RG-045 RG-085,,not_applicable,not on the HCF register (RG-096)
SITE_TALAVERA,Talavera Road Data Centre Campus Expansion,NSW,approved,VERIFIED,primary_planning_portal,A,P,campus_area_ha,Campus area,S2,,research,Ryde,portal record; consent text,RG-045 RG-085,RG-034 RG-037 RG-053 RG-073,,
SITE_TALAVERA,Talavera Road Data Centre Campus Expansion,NSW,approved,VERIFIED,primary_planning_portal,A,P,gfa_sqm,Gross floor area,S2,,research,Ryde,portal record; consent text,RG-045 RG-085,RG-034 RG-037 RG-053 RG-073,,
SITE_TALAVERA,Talavera Road Data Centre Campus Expansion,NSW,approved,VERIFIED,primary_planning_portal,A,P,capital_cost_aud,Capital cost,S2,,research,Ryde,portal record; consent text,RG-045 RG-085,RG-034 RG-037 RG-053 RG-073,,
SITE_TALAVERA,Talavera Road Data Centre Campus Expansion,NSW,approved,VERIFIED,primary_planning_portal,A,P,construction_jobs,Construction jobs,S2,,research,Ryde,portal record; consent text,RG-045 RG-085,RG-034 RG-037 RG-053 RG-073,,
SITE_TALAVERA,Talavera Road Data Centre Campus Expansion,NSW,approved,VERIFIED,primary_planning_portal,A,P,operational_jobs,Operational jobs,S2,,research,Ryde,portal record; consent text,RG-045 RG-085,RG-034 RG-037 RG-053 RG-073,,
SITE_TALAVERA,Talavera Road Data Centre Campus Expansion,NSW,approved,VERIFIED,primary_planning_portal,A,P,operational_from,Operational from,S2,S4,research,Ryde,portal record; consent text,RG-045 RG-085,RG-034 RG-037 RG-053 RG-073,,
SITE_TALAVERA,Talavera Road Data Centre Campus Expansion,NSW,approved,VERIFIED,primary_planning_portal,A,P,target_completion,Target completion,S2,S4,research,Ryde,portal record; consent text,RG-045 RG-085,RG-034 RG-037 RG-053 RG-073,,
SITE_TELSTRA_DEAKIN,Telstra Deakin Strategic Enclave (ACT),ACT,operational,REPORTED,market_research,B,O,proponent,Proponent,S4,S6,research,,,,RG-013 RG-024 RG-071 RG-091,,
SITE_TELSTRA_DEAKIN,Telstra Deakin Strategic Enclave (ACT),ACT,operational,REPORTED,market_research,B,O,lga,Council,S4,S6,research,,,,RG-013 RG-024 RG-071 RG-091,,
SITE_TELSTRA_DEAKIN,Telstra Deakin Strategic Enclave (ACT),ACT,operational,REPORTED,market_research,B,O,address,Address,S4,S6,research,,,,RG-013 RG-024 RG-071 RG-091,,
SITE_TELSTRA_DEAKIN,Telstra Deakin Strategic Enclave (ACT),ACT,operational,REPORTED,market_research,B,O,lat,Coordinates,S4,S6,research,,,,RG-013 RG-024 RG-071 RG-091,,
SITE_TELSTRA_DEAKIN,Telstra Deakin Strategic Enclave (ACT),ACT,operational,REPORTED,market_research,B,O,total_capacity_mw,Total capacity,S4,S6,research,,,,RG-013 RG-024 RG-071 RG-091,,
SITE_TELSTRA_DEAKIN,Telstra Deakin Strategic Enclave (ACT),ACT,operational,REPORTED,market_research,B,O,it_capacity_mw,IT capacity,S4,S6,research,,,,RG-013 RG-024 RG-071 RG-091,,
SITE_TELSTRA_DEAKIN,Telstra Deakin Strategic Enclave (ACT),ACT,operational,REPORTED,market_research,B,O,max_capacity_mw,Maximum capacity,S4,S6,research,,,,RG-013 RG-024 RG-071 RG-091,,
SITE_TELSTRA_DEAKIN,Telstra Deakin Strategic Enclave (ACT),ACT,operational,REPORTED,market_research,B,O,first_phase_mw,First phase capacity,S4,S6,research,,,,RG-013 RG-024 RG-071 RG-091,,
SITE_TELSTRA_DEAKIN,Telstra Deakin Strategic Enclave (ACT),ACT,operational,REPORTED,market_research,B,O,live_capacity_mw,Live capacity,S7,,research,,,,RG-017 RG-021 RG-035 RG-036 RG-052 RG-059 RG-064 RG-081,,never filled from it_capacity_mw
SITE_TELSTRA_DEAKIN,Telstra Deakin Strategic Enclave (ACT),ACT,operational,REPORTED,market_research,B,O,cooling_type,Cooling type,S4,S7,research,,,,RG-013 RG-024 RG-071 RG-091,,
SITE_TELSTRA_DEAKIN,Telstra Deakin Strategic Enclave (ACT),ACT,operational,REPORTED,market_research,B,O,rack_density_kw,Rack density,S4,S7,research,,,,RG-013 RG-024 RG-071 RG-091,,
SITE_TELSTRA_DEAKIN,Telstra Deakin Strategic Enclave (ACT),ACT,operational,REPORTED,market_research,B,O,grid_connection,Grid connection,S7,S4,research,,,,RG-017 RG-021 RG-035 RG-036 RG-052 RG-059 RG-064 RG-081,,
SITE_TELSTRA_DEAKIN,Telstra Deakin Strategic Enclave (ACT),ACT,operational,REPORTED,market_research,B,O,water_usage,Water usage,S7,S4,research,,,,RG-017 RG-021 RG-035 RG-036 RG-052 RG-059 RG-064 RG-081,,
SITE_TELSTRA_DEAKIN,Telstra Deakin Strategic Enclave (ACT),ACT,operational,REPORTED,market_research,B,O,campus_area_ha,Campus area,S6,S4,research,,,,RG-003 RG-010 RG-011 RG-027 RG-048 RG-051 RG-056,,
SITE_TELSTRA_DEAKIN,Telstra Deakin Strategic Enclave (ACT),ACT,operational,REPORTED,market_research,B,O,gfa_sqm,Gross floor area,S6,S4,research,,,,RG-003 RG-010 RG-011 RG-027 RG-048 RG-051 RG-056,,
SITE_TELSTRA_DEAKIN,Telstra Deakin Strategic Enclave (ACT),ACT,operational,REPORTED,market_research,B,O,capital_cost_aud,Capital cost,S6,S4,research,,,,RG-003 RG-010 RG-011 RG-027 RG-048 RG-051 RG-056,,
SITE_TELSTRA_DEAKIN,Telstra Deakin Strategic Enclave (ACT),ACT,operational,REPORTED,market_research,B,O,construction_jobs,Construction jobs,S6,S4,research,,,,RG-003 RG-010 RG-011 RG-027 RG-048 RG-051 RG-056,,
SITE_TELSTRA_DEAKIN,Telstra Deakin Strategic Enclave (ACT),ACT,operational,REPORTED,market_research,B,O,operational_jobs,Operational jobs,S6,S4,research,,,,RG-003 RG-010 RG-011 RG-027 RG-048 RG-051 RG-056,,
SITE_TELSTRA_DEAKIN,Telstra Deakin Strategic Enclave (ACT),ACT,operational,REPORTED,market_research,B,O,operational_from,Operational from,S4,S6,research,,,,RG-013 RG-024 RG-071 RG-091,,
SITE_TELSTRA_DEAKIN,Telstra Deakin Strategic Enclave (ACT),ACT,operational,REPORTED,market_research,B,O,target_completion,Target completion,S4,S6,research,,,,RG-013 RG-024 RG-071 RG-091,not_applicable,
SITE_TELSTRA_STLEON,Telstra St Leonards Strategic Enclave,NSW,operational,REPORTED,market_research,B,O,proponent,Proponent,S4,S7,research,,,,RG-013 RG-024 RG-071 RG-091,,
SITE_TELSTRA_STLEON,Telstra St Leonards Strategic Enclave,NSW,operational,REPORTED,market_research,B,O,lga,Council,S4,,research,,,,RG-013 RG-024 RG-071 RG-091,,
SITE_TELSTRA_STLEON,Telstra St Leonards Strategic Enclave,NSW,operational,REPORTED,market_research,B,O,address,Address,S4,,research,,,,RG-013 RG-024 RG-071 RG-091,,
SITE_TELSTRA_STLEON,Telstra St Leonards Strategic Enclave,NSW,operational,REPORTED,market_research,B,O,lat,Coordinates,S4,,research,,,,RG-013 RG-024 RG-071 RG-091,,
SITE_TELSTRA_STLEON,Telstra St Leonards Strategic Enclave,NSW,operational,REPORTED,market_research,B,O,total_capacity_mw,Total capacity,S4,,research,,,,RG-013 RG-024 RG-071 RG-091,,
SITE_TELSTRA_STLEON,Telstra St Leonards Strategic Enclave,NSW,operational,REPORTED,market_research,B,O,it_capacity_mw,IT capacity,S4,,research,,,,RG-013 RG-024 RG-071 RG-091,,
SITE_TELSTRA_STLEON,Telstra St Leonards Strategic Enclave,NSW,operational,REPORTED,market_research,B,O,max_capacity_mw,Maximum capacity,S4,,research,,,,RG-013 RG-024 RG-071 RG-091,,
SITE_TELSTRA_STLEON,Telstra St Leonards Strategic Enclave,NSW,operational,REPORTED,market_research,B,O,first_phase_mw,First phase capacity,S4,,research,,,,RG-013 RG-024 RG-071 RG-091,,
SITE_TELSTRA_STLEON,Telstra St Leonards Strategic Enclave,NSW,operational,REPORTED,market_research,B,O,live_capacity_mw,Live capacity,S7,,research,,,,RG-017 RG-021 RG-035 RG-036 RG-052 RG-059 RG-064 RG-081,,never filled from it_capacity_mw
SITE_TELSTRA_STLEON,Telstra St Leonards Strategic Enclave,NSW,operational,REPORTED,market_research,B,O,cooling_type,Cooling type,S4,S7,research,,,,RG-013 RG-024 RG-071 RG-091,,
SITE_TELSTRA_STLEON,Telstra St Leonards Strategic Enclave,NSW,operational,REPORTED,market_research,B,O,rack_density_kw,Rack density,S4,S7,research,,,,RG-013 RG-024 RG-071 RG-091,,
SITE_TELSTRA_STLEON,Telstra St Leonards Strategic Enclave,NSW,operational,REPORTED,market_research,B,O,grid_connection,Grid connection,S7,S4,research,,,,RG-017 RG-021 RG-035 RG-036 RG-052 RG-059 RG-064 RG-081,,
SITE_TELSTRA_STLEON,Telstra St Leonards Strategic Enclave,NSW,operational,REPORTED,market_research,B,O,water_usage,Water usage,S7,S4,research,,,,RG-017 RG-021 RG-035 RG-036 RG-052 RG-059 RG-064 RG-081,,
SITE_TELSTRA_STLEON,Telstra St Leonards Strategic Enclave,NSW,operational,REPORTED,market_research,B,O,campus_area_ha,Campus area,S4,,research,,,,RG-013 RG-024 RG-071 RG-091,,
SITE_TELSTRA_STLEON,Telstra St Leonards Strategic Enclave,NSW,operational,REPORTED,market_research,B,O,gfa_sqm,Gross floor area,S4,,research,,,,RG-013 RG-024 RG-071 RG-091,,
SITE_TELSTRA_STLEON,Telstra St Leonards Strategic Enclave,NSW,operational,REPORTED,market_research,B,O,capital_cost_aud,Capital cost,S4,,research,,,,RG-013 RG-024 RG-071 RG-091,,
SITE_TELSTRA_STLEON,Telstra St Leonards Strategic Enclave,NSW,operational,REPORTED,market_research,B,O,construction_jobs,Construction jobs,S4,,research,,,,RG-013 RG-024 RG-071 RG-091,,
SITE_TELSTRA_STLEON,Telstra St Leonards Strategic Enclave,NSW,operational,REPORTED,market_research,B,O,operational_jobs,Operational jobs,S4,,research,,,,RG-013 RG-024 RG-071 RG-091,,
SITE_TELSTRA_STLEON,Telstra St Leonards Strategic Enclave,NSW,operational,REPORTED,market_research,B,O,operational_from,Operational from,S4,,research,,,,RG-013 RG-024 RG-071 RG-091,,
SITE_TELSTRA_STLEON,Telstra St Leonards Strategic Enclave,NSW,operational,REPORTED,market_research,B,O,target_completion,Target completion,S4,,research,,,,RG-013 RG-024 RG-071 RG-091,not_applicable,
SITE_IPSWICH_10ST,"Ten-storey data centre outside Brisbane (Ipswich, reported)",QLD,rumoured,CLAIMED,news,B,O,operator,Operator,S4,S6,research,Ipswich,,,RG-013 RG-024 RG-071 RG-091,,
SITE_IPSWICH_10ST,"Ten-storey data centre outside Brisbane (Ipswich, reported)",QLD,rumoured,CLAIMED,news,B,O,proponent,Proponent,S4,S6,research,Ipswich,,,RG-013 RG-024 RG-071 RG-091,,
SITE_IPSWICH_10ST,"Ten-storey data centre outside Brisbane (Ipswich, reported)",QLD,rumoured,CLAIMED,news,B,O,address,Address,S4,S6,research,Ipswich,,,RG-013 RG-024 RG-071 RG-091,,
SITE_IPSWICH_10ST,"Ten-storey data centre outside Brisbane (Ipswich, reported)",QLD,rumoured,CLAIMED,news,B,O,lat,Coordinates,S4,S6,research,Ipswich,,,RG-013 RG-024 RG-071 RG-091,,
SITE_IPSWICH_10ST,"Ten-storey data centre outside Brisbane (Ipswich, reported)",QLD,rumoured,CLAIMED,news,B,O,total_capacity_mw,Total capacity,S4,S6,research,Ipswich,,,RG-013 RG-024 RG-071 RG-091,,
SITE_IPSWICH_10ST,"Ten-storey data centre outside Brisbane (Ipswich, reported)",QLD,rumoured,CLAIMED,news,B,O,it_capacity_mw,IT capacity,S4,S6,research,Ipswich,,,RG-013 RG-024 RG-071 RG-091,,
SITE_IPSWICH_10ST,"Ten-storey data centre outside Brisbane (Ipswich, reported)",QLD,rumoured,CLAIMED,news,B,O,max_capacity_mw,Maximum capacity,S4,S6,research,Ipswich,,,RG-013 RG-024 RG-071 RG-091,,
SITE_IPSWICH_10ST,"Ten-storey data centre outside Brisbane (Ipswich, reported)",QLD,rumoured,CLAIMED,news,B,O,first_phase_mw,First phase capacity,S4,S6,research,Ipswich,,,RG-013 RG-024 RG-071 RG-091,,
SITE_IPSWICH_10ST,"Ten-storey data centre outside Brisbane (Ipswich, reported)",QLD,rumoured,CLAIMED,news,B,O,live_capacity_mw,Live capacity,S7,,research,Ipswich,,,RG-017 RG-021 RG-035 RG-036 RG-052 RG-059 RG-064 RG-081,not_applicable,never filled from it_capacity_mw
SITE_IPSWICH_10ST,"Ten-storey data centre outside Brisbane (Ipswich, reported)",QLD,rumoured,CLAIMED,news,B,O,cooling_type,Cooling type,S4,S7,research,Ipswich,,,RG-013 RG-024 RG-071 RG-091,,
SITE_IPSWICH_10ST,"Ten-storey data centre outside Brisbane (Ipswich, reported)",QLD,rumoured,CLAIMED,news,B,O,rack_density_kw,Rack density,S4,S7,research,Ipswich,,,RG-013 RG-024 RG-071 RG-091,,
SITE_IPSWICH_10ST,"Ten-storey data centre outside Brisbane (Ipswich, reported)",QLD,rumoured,CLAIMED,news,B,O,grid_connection,Grid connection,S7,S4,research,Ipswich,,,RG-017 RG-021 RG-035 RG-036 RG-052 RG-059 RG-064 RG-081,,
SITE_IPSWICH_10ST,"Ten-storey data centre outside Brisbane (Ipswich, reported)",QLD,rumoured,CLAIMED,news,B,O,water_usage,Water usage,S7,S4,research,Ipswich,,,RG-017 RG-021 RG-035 RG-036 RG-052 RG-059 RG-064 RG-081,,
SITE_IPSWICH_10ST,"Ten-storey data centre outside Brisbane (Ipswich, reported)",QLD,rumoured,CLAIMED,news,B,O,hcf_certified,HCF certification,S3,,research,Ipswich,,,,not_applicable,not on the HCF register (RG-096)
SITE_IPSWICH_10ST,"Ten-storey data centre outside Brisbane (Ipswich, reported)",QLD,rumoured,CLAIMED,news,B,O,campus_area_ha,Campus area,S6,S4,research,Ipswich,,,RG-003 RG-010 RG-011 RG-027 RG-048 RG-051 RG-056,,
SITE_IPSWICH_10ST,"Ten-storey data centre outside Brisbane (Ipswich, reported)",QLD,rumoured,CLAIMED,news,B,O,gfa_sqm,Gross floor area,S6,S4,research,Ipswich,,,RG-003 RG-010 RG-011 RG-027 RG-048 RG-051 RG-056,,
SITE_IPSWICH_10ST,"Ten-storey data centre outside Brisbane (Ipswich, reported)",QLD,rumoured,CLAIMED,news,B,O,capital_cost_aud,Capital cost,S6,S4,research,Ipswich,,,RG-003 RG-010 RG-011 RG-027 RG-048 RG-051 RG-056,,
SITE_IPSWICH_10ST,"Ten-storey data centre outside Brisbane (Ipswich, reported)",QLD,rumoured,CLAIMED,news,B,O,construction_jobs,Construction jobs,S6,S4,research,Ipswich,,,RG-003 RG-010 RG-011 RG-027 RG-048 RG-051 RG-056,,
SITE_IPSWICH_10ST,"Ten-storey data centre outside Brisbane (Ipswich, reported)",QLD,rumoured,CLAIMED,news,B,O,operational_jobs,Operational jobs,S6,S4,research,Ipswich,,,RG-003 RG-010 RG-011 RG-027 RG-048 RG-051 RG-056,,
SITE_IPSWICH_10ST,"Ten-storey data centre outside Brisbane (Ipswich, reported)",QLD,rumoured,CLAIMED,news,B,O,operational_from,Operational from,S4,S6,research,Ipswich,,,RG-013 RG-024 RG-071 RG-091,,
SITE_IPSWICH_10ST,"Ten-storey data centre outside Brisbane (Ipswich, reported)",QLD,rumoured,CLAIMED,news,B,O,target_completion,Target completion,S4,S6,research,Ipswich,,,RG-013 RG-024 RG-071 RG-091,,
SITE_PLUMPTON_HUB,Victorian AI Hub (Plumpton),VIC,pre_lodgement,REPORTED,news,A,O,address,Address,S4,S6,research,Melton,,,RG-013 RG-024 RG-071 RG-091,,
SITE_PLUMPTON_HUB,Victorian AI Hub (Plumpton),VIC,pre_lodgement,REPORTED,news,A,O,lat,Coordinates,S4,S6,research,Melton,,,RG-013 RG-024 RG-071 RG-091,,
SITE_PLUMPTON_HUB,Victorian AI Hub (Plumpton),VIC,pre_lodgement,REPORTED,news,A,O,total_capacity_mw,Total capacity,S4,S6,research,Melton,,,RG-013 RG-024 RG-071 RG-091,,
SITE_PLUMPTON_HUB,Victorian AI Hub (Plumpton),VIC,pre_lodgement,REPORTED,news,A,O,it_capacity_mw,IT capacity,S4,S6,research,Melton,,,RG-013 RG-024 RG-071 RG-091,,
SITE_PLUMPTON_HUB,Victorian AI Hub (Plumpton),VIC,pre_lodgement,REPORTED,news,A,O,first_phase_mw,First phase capacity,S4,S6,research,Melton,,,RG-013 RG-024 RG-071 RG-091,,
SITE_PLUMPTON_HUB,Victorian AI Hub (Plumpton),VIC,pre_lodgement,REPORTED,news,A,O,live_capacity_mw,Live capacity,S7,,research,Melton,,,RG-017 RG-021 RG-035 RG-036 RG-052 RG-059 RG-064 RG-081,not_applicable,never filled from it_capacity_mw
SITE_PLUMPTON_HUB,Victorian AI Hub (Plumpton),VIC,pre_lodgement,REPORTED,news,A,O,cooling_type,Cooling type,S4,S7,research,Melton,,,RG-013 RG-024 RG-071 RG-091,,
SITE_PLUMPTON_HUB,Victorian AI Hub (Plumpton),VIC,pre_lodgement,REPORTED,news,A,O,rack_density_kw,Rack density,S4,S7,research,Melton,,,RG-013 RG-024 RG-071 RG-091,,
SITE_PLUMPTON_HUB,Victorian AI Hub (Plumpton),VIC,pre_lodgement,REPORTED,news,A,O,grid_connection,Grid connection,S7,S4,research,Melton,,,RG-017 RG-021 RG-035 RG-036 RG-052 RG-059 RG-064 RG-081,,
SITE_PLUMPTON_HUB,Victorian AI Hub (Plumpton),VIC,pre_lodgement,REPORTED,news,A,O,water_usage,Water usage,S7,S4,research,Melton,,,RG-017 RG-021 RG-035 RG-036 RG-052 RG-059 RG-064 RG-081,,
SITE_PLUMPTON_HUB,Victorian AI Hub (Plumpton),VIC,pre_lodgement,REPORTED,news,A,O,hcf_certified,HCF certification,S3,,research,Melton,,,,not_applicable,stored as the string 'unknown'; not on the HCF register (RG-096)
SITE_PLUMPTON_HUB,Victorian AI Hub (Plumpton),VIC,pre_lodgement,REPORTED,news,A,O,gfa_sqm,Gross floor area,S6,S4,research,Melton,,,RG-003 RG-010 RG-011 RG-027 RG-048 RG-051 RG-056,,
SITE_PLUMPTON_HUB,Victorian AI Hub (Plumpton),VIC,pre_lodgement,REPORTED,news,A,O,capital_cost_aud,Capital cost,S6,S4,research,Melton,,,RG-003 RG-010 RG-011 RG-027 RG-048 RG-051 RG-056,,
SITE_PLUMPTON_HUB,Victorian AI Hub (Plumpton),VIC,pre_lodgement,REPORTED,news,A,O,construction_jobs,Construction jobs,S6,S4,research,Melton,,,RG-003 RG-010 RG-011 RG-027 RG-048 RG-051 RG-056,,
SITE_PLUMPTON_HUB,Victorian AI Hub (Plumpton),VIC,pre_lodgement,REPORTED,news,A,O,operational_jobs,Operational jobs,S6,S4,research,Melton,,,RG-003 RG-010 RG-011 RG-027 RG-048 RG-051 RG-056,,
SITE_PLUMPTON_HUB,Victorian AI Hub (Plumpton),VIC,pre_lodgement,REPORTED,news,A,O,operational_from,Operational from,S4,S6,research,Melton,,,RG-013 RG-024 RG-071 RG-091,,
SITE_PLUMPTON_HUB,Victorian AI Hub (Plumpton),VIC,pre_lodgement,REPORTED,news,A,O,target_completion,Target completion,S4,S6,research,Melton,,,RG-013 RG-024 RG-071 RG-091,,
SITE_WATERLOO_ESR,Waterloo Road Data Centre (ESR Developments),NSW,approved,VERIFIED,primary_planning_portal,A,P,operator,Operator,S2,S7,research,Ryde,portal record,,RG-034 RG-037 RG-053 RG-073,,
SITE_WATERLOO_ESR,Waterloo Road Data Centre (ESR Developments),NSW,approved,VERIFIED,primary_planning_portal,A,P,proponent,Proponent,S2,S7,research,Ryde,portal record,,RG-034 RG-037 RG-053 RG-073,,
SITE_WATERLOO_ESR,Waterloo Road Data Centre (ESR Developments),NSW,approved,VERIFIED,primary_planning_portal,A,P,total_capacity_mw,Total capacity,S2,,research,Ryde,portal record,,RG-034 RG-037 RG-053 RG-073,,
SITE_WATERLOO_ESR,Waterloo Road Data Centre (ESR Developments),NSW,approved,VERIFIED,primary_planning_portal,A,P,it_capacity_mw,IT capacity,S2,,research,Ryde,portal record,,RG-034 RG-037 RG-053 RG-073,,
SITE_WATERLOO_ESR,Waterloo Road Data Centre (ESR Developments),NSW,approved,VERIFIED,primary_planning_portal,A,P,max_capacity_mw,Maximum capacity,S2,,research,Ryde,portal record,,RG-034 RG-037 RG-053 RG-073,,
SITE_WATERLOO_ESR,Waterloo Road Data Centre (ESR Developments),NSW,approved,VERIFIED,primary_planning_portal,A,P,first_phase_mw,First phase capacity,S2,,research,Ryde,portal record,,RG-034 RG-037 RG-053 RG-073,,
SITE_WATERLOO_ESR,Waterloo Road Data Centre (ESR Developments),NSW,approved,VERIFIED,primary_planning_portal,A,P,live_capacity_mw,Live capacity,S7,,research,Ryde,portal record,,RG-017 RG-021 RG-035 RG-036 RG-052 RG-059 RG-064 RG-081,not_applicable,never filled from it_capacity_mw
SITE_WATERLOO_ESR,Waterloo Road Data Centre (ESR Developments),NSW,approved,VERIFIED,primary_planning_portal,A,P,cooling_type,Cooling type,S2,S7,research,Ryde,portal record,,RG-034 RG-037 RG-053 RG-073,,
SITE_WATERLOO_ESR,Waterloo Road Data Centre (ESR Developments),NSW,approved,VERIFIED,primary_planning_portal,A,P,rack_density_kw,Rack density,S2,S7,research,Ryde,portal record,,RG-034 RG-037 RG-053 RG-073,,
SITE_WATERLOO_ESR,Waterloo Road Data Centre (ESR Developments),NSW,approved,VERIFIED,primary_planning_portal,A,P,grid_connection,Grid connection,S2,S7,research,Ryde,portal record,,RG-034 RG-037 RG-053 RG-073,,
SITE_WATERLOO_ESR,Waterloo Road Data Centre (ESR Developments),NSW,approved,VERIFIED,primary_planning_portal,A,P,water_usage,Water usage,S2,S7,research,Ryde,portal record,,RG-034 RG-037 RG-053 RG-073,,
SITE_WATERLOO_ESR,Waterloo Road Data Centre (ESR Developments),NSW,approved,VERIFIED,primary_planning_portal,A,P,hcf_certified,HCF certification,S3,,research,Ryde,portal record,,,not_applicable,not on the HCF register (RG-096)
SITE_WATERLOO_ESR,Waterloo Road Data Centre (ESR Developments),NSW,approved,VERIFIED,primary_planning_portal,A,P,campus_area_ha,Campus area,S2,,research,Ryde,portal record,,RG-034 RG-037 RG-053 RG-073,,
SITE_WATERLOO_ESR,Waterloo Road Data Centre (ESR Developments),NSW,approved,VERIFIED,primary_planning_portal,A,P,gfa_sqm,Gross floor area,S2,,research,Ryde,portal record,,RG-034 RG-037 RG-053 RG-073,,
SITE_WATERLOO_ESR,Waterloo Road Data Centre (ESR Developments),NSW,approved,VERIFIED,primary_planning_portal,A,P,capital_cost_aud,Capital cost,S2,,research,Ryde,portal record,,RG-034 RG-037 RG-053 RG-073,,
SITE_WATERLOO_ESR,Waterloo Road Data Centre (ESR Developments),NSW,approved,VERIFIED,primary_planning_portal,A,P,construction_jobs,Construction jobs,S2,,research,Ryde,portal record,,RG-034 RG-037 RG-053 RG-073,,
SITE_WATERLOO_ESR,Waterloo Road Data Centre (ESR Developments),NSW,approved,VERIFIED,primary_planning_portal,A,P,operational_jobs,Operational jobs,S2,,research,Ryde,portal record,,RG-034 RG-037 RG-053 RG-073,,
SITE_WATERLOO_ESR,Waterloo Road Data Centre (ESR Developments),NSW,approved,VERIFIED,primary_planning_portal,A,P,operational_from,Operational from,S2,S4,research,Ryde,portal record,,RG-034 RG-037 RG-053 RG-073,,
SITE_WATERLOO_ESR,Waterloo Road Data Centre (ESR Developments),NSW,approved,VERIFIED,primary_planning_portal,A,P,target_completion,Target completion,S2,S4,research,Ryde,portal record,,RG-034 RG-037 RG-053 RG-073,,
SITE_WESTERN_DOWNS,Western Downs Digital Park,QLD,lodged,VERIFIED,primary_planning_portal,A,O,operator,Operator,S4,S6,research,Western Downs,,,RG-013 RG-024 RG-071 RG-091,,
SITE_WESTERN_DOWNS,Western Downs Digital Park,QLD,lodged,VERIFIED,primary_planning_portal,A,O,lat,Coordinates,S4,S6,research,Western Downs,,,RG-013 RG-024 RG-071 RG-091,,
SITE_WESTERN_DOWNS,Western Downs Digital Park,QLD,lodged,VERIFIED,primary_planning_portal,A,O,first_phase_mw,First phase capacity,S4,S6,research,Western Downs,,,RG-013 RG-024 RG-071 RG-091,,
SITE_WESTERN_DOWNS,Western Downs Digital Park,QLD,lodged,VERIFIED,primary_planning_portal,A,O,live_capacity_mw,Live capacity,S7,,research,Western Downs,,,RG-017 RG-021 RG-035 RG-036 RG-052 RG-059 RG-064 RG-081,not_applicable,never filled from it_capacity_mw
SITE_WESTERN_DOWNS,Western Downs Digital Park,QLD,lodged,VERIFIED,primary_planning_portal,A,O,cooling_type,Cooling type,LOADER,,in pipeline,Western Downs,,,,,water_profile.cooling_technology holds a value; the loader does not map it
SITE_WESTERN_DOWNS,Western Downs Digital Park,QLD,lodged,VERIFIED,primary_planning_portal,A,O,rack_density_kw,Rack density,S4,S7,research,Western Downs,,,RG-013 RG-024 RG-071 RG-091,,
SITE_WESTERN_DOWNS,Western Downs Digital Park,QLD,lodged,VERIFIED,primary_planning_portal,A,O,grid_connection,Grid connection,LOADER,,in pipeline,Western Downs,,,,,power_profile.connection_type holds a value; the loader does not map it
SITE_WESTERN_DOWNS,Western Downs Digital Park,QLD,lodged,VERIFIED,primary_planning_portal,A,O,water_usage,Water usage,S7,S4,research,Western Downs,,,RG-017 RG-021 RG-035 RG-036 RG-052 RG-059 RG-064 RG-081,,
SITE_WESTERN_DOWNS,Western Downs Digital Park,QLD,lodged,VERIFIED,primary_planning_portal,A,O,hcf_certified,HCF certification,S3,,research,Western Downs,,,,not_applicable,stored as the string 'unknown'; not on the HCF register (RG-096)
SITE_WESTERN_DOWNS,Western Downs Digital Park,QLD,lodged,VERIFIED,primary_planning_portal,A,O,operational_jobs,Operational jobs,S6,S4,research,Western Downs,,,RG-003 RG-010 RG-011 RG-027 RG-048 RG-051 RG-056,,
SITE_WESTERN_DOWNS,Western Downs Digital Park,QLD,lodged,VERIFIED,primary_planning_portal,A,O,operational_from,Operational from,S4,S6,research,Western Downs,,,RG-013 RG-024 RG-071 RG-091,,
SITE_WESTERN_DOWNS,Western Downs Digital Park,QLD,lodged,VERIFIED,primary_planning_portal,A,O,target_completion,Target completion,S4,S6,research,Western Downs,,,RG-013 RG-024 RG-071 RG-091,,
SITE_ZERRA_MELB,"Zerra DC Melbourne campus (former automotive plant site, reported)",VIC,rumoured,CLAIMED,news,B,O,lga,Council,S4,S6,research,,,,RG-013 RG-024 RG-071 RG-091,,
SITE_ZERRA_MELB,"Zerra DC Melbourne campus (former automotive plant site, reported)",VIC,rumoured,CLAIMED,news,B,O,address,Address,S4,S6,research,,,,RG-013 RG-024 RG-071 RG-091,,
SITE_ZERRA_MELB,"Zerra DC Melbourne campus (former automotive plant site, reported)",VIC,rumoured,CLAIMED,news,B,O,lat,Coordinates,S4,S6,research,,,,RG-013 RG-024 RG-071 RG-091,,
SITE_ZERRA_MELB,"Zerra DC Melbourne campus (former automotive plant site, reported)",VIC,rumoured,CLAIMED,news,B,O,total_capacity_mw,Total capacity,S4,S6,research,,,,RG-013 RG-024 RG-071 RG-091,,
SITE_ZERRA_MELB,"Zerra DC Melbourne campus (former automotive plant site, reported)",VIC,rumoured,CLAIMED,news,B,O,it_capacity_mw,IT capacity,S4,S6,research,,,,RG-013 RG-024 RG-071 RG-091,,
SITE_ZERRA_MELB,"Zerra DC Melbourne campus (former automotive plant site, reported)",VIC,rumoured,CLAIMED,news,B,O,max_capacity_mw,Maximum capacity,S4,S6,research,,,,RG-013 RG-024 RG-071 RG-091,,
SITE_ZERRA_MELB,"Zerra DC Melbourne campus (former automotive plant site, reported)",VIC,rumoured,CLAIMED,news,B,O,first_phase_mw,First phase capacity,S4,S6,research,,,,RG-013 RG-024 RG-071 RG-091,,
SITE_ZERRA_MELB,"Zerra DC Melbourne campus (former automotive plant site, reported)",VIC,rumoured,CLAIMED,news,B,O,live_capacity_mw,Live capacity,S7,,research,,,,RG-017 RG-021 RG-035 RG-036 RG-052 RG-059 RG-064 RG-081,not_applicable,never filled from it_capacity_mw
SITE_ZERRA_MELB,"Zerra DC Melbourne campus (former automotive plant site, reported)",VIC,rumoured,CLAIMED,news,B,O,cooling_type,Cooling type,S4,S7,research,,,,RG-013 RG-024 RG-071 RG-091,,
SITE_ZERRA_MELB,"Zerra DC Melbourne campus (former automotive plant site, reported)",VIC,rumoured,CLAIMED,news,B,O,rack_density_kw,Rack density,S4,S7,research,,,,RG-013 RG-024 RG-071 RG-091,,
SITE_ZERRA_MELB,"Zerra DC Melbourne campus (former automotive plant site, reported)",VIC,rumoured,CLAIMED,news,B,O,grid_connection,Grid connection,S7,S4,research,,,,RG-017 RG-021 RG-035 RG-036 RG-052 RG-059 RG-064 RG-081,,
SITE_ZERRA_MELB,"Zerra DC Melbourne campus (former automotive plant site, reported)",VIC,rumoured,CLAIMED,news,B,O,water_usage,Water usage,S7,S4,research,,,,RG-017 RG-021 RG-035 RG-036 RG-052 RG-059 RG-064 RG-081,,
SITE_ZERRA_MELB,"Zerra DC Melbourne campus (former automotive plant site, reported)",VIC,rumoured,CLAIMED,news,B,O,hcf_certified,HCF certification,S3,,research,,,,,not_applicable,not on the HCF register (RG-096)
SITE_ZERRA_MELB,"Zerra DC Melbourne campus (former automotive plant site, reported)",VIC,rumoured,CLAIMED,news,B,O,campus_area_ha,Campus area,S6,S4,research,,,,RG-003 RG-010 RG-011 RG-027 RG-048 RG-051 RG-056,,
SITE_ZERRA_MELB,"Zerra DC Melbourne campus (former automotive plant site, reported)",VIC,rumoured,CLAIMED,news,B,O,gfa_sqm,Gross floor area,S6,S4,research,,,,RG-003 RG-010 RG-011 RG-027 RG-048 RG-051 RG-056,,
SITE_ZERRA_MELB,"Zerra DC Melbourne campus (former automotive plant site, reported)",VIC,rumoured,CLAIMED,news,B,O,capital_cost_aud,Capital cost,S6,S4,research,,,,RG-003 RG-010 RG-011 RG-027 RG-048 RG-051 RG-056,,
SITE_ZERRA_MELB,"Zerra DC Melbourne campus (former automotive plant site, reported)",VIC,rumoured,CLAIMED,news,B,O,construction_jobs,Construction jobs,S6,S4,research,,,,RG-003 RG-010 RG-011 RG-027 RG-048 RG-051 RG-056,,
SITE_ZERRA_MELB,"Zerra DC Melbourne campus (former automotive plant site, reported)",VIC,rumoured,CLAIMED,news,B,O,operational_jobs,Operational jobs,S6,S4,research,,,,RG-003 RG-010 RG-011 RG-027 RG-048 RG-051 RG-056,,
SITE_ZERRA_MELB,"Zerra DC Melbourne campus (former automotive plant site, reported)",VIC,rumoured,CLAIMED,news,B,O,operational_from,Operational from,S4,S6,research,,,,RG-013 RG-024 RG-071 RG-091,,
SITE_ZERRA_MELB,"Zerra DC Melbourne campus (former automotive plant site, reported)",VIC,rumoured,CLAIMED,news,B,O,target_completion,Target completion,S4,S6,research,,,,RG-013 RG-024 RG-071 RG-091,,
