project,attachment_slug
1-5-khartoum-road-data-centre,request-industry-specific-sears-v2-77
1-5-khartoum-road-data-centre,request-industry-specific-sears-325
1-5-khartoum-road-data-centre,request-sears20231010041802-77
1-5-khartoum-road-data-centre,environmental-impact-statement-14712
1-5-khartoum-road-data-centre,appendix-sears-compliance-table-7510
1-5-khartoum-road-data-centre,appendix-b-statutory-compliance-table-6043
1-5-khartoum-road-data-centre,appendix-c-community-engagement-summary-table-41
1-5-khartoum-road-data-centre,appendix-d-mitigation-measures-table-1083
1-5-khartoum-road-data-centre,appendix-e-architectural-plans-1099
1-5-khartoum-road-data-centre,appendix-f-architectural-design-report-1245
1-5-khartoum-road-data-centre,appendix-h-landscape-plans-468
1-5-khartoum-road-data-centre,appendix-i-landscape-design-report-510
1-5-khartoum-road-data-centre,appendix-j-air-quality-impact-assessment-382
1-5-khartoum-road-data-centre,appendix-k-noise-and-vibration-impact-assessment-475
1-5-khartoum-road-data-centre,appendix-l-infrastructure-requirement-and-utilities-repor-41
1-5-khartoum-road-data-centre,appendix-m-social-impact-assessment-748
1-5-khartoum-road-data-centre,appendix-n-detailed-site-investigation-221
1-5-khartoum-road-data-centre,appendix-o-geotechnical-investigation-212
1-5-khartoum-road-data-centre,appendix-p-arboricultural-impact-assessment-504
1-5-khartoum-road-data-centre,appendix-q-bca-compliance-report-60
1-5-khartoum-road-data-centre,appendix-r-dda-accessibility-report-41
1-5-khartoum-road-data-centre,appendix-s-transport-and-accessibility-impact-assessment-264
1-5-khartoum-road-data-centre,appendix-t-operational-waste-management-plan-86
1-5-khartoum-road-data-centre,appendix-u-cwdmp-41
1-5-khartoum-road-data-centre,appendix-v-water-management-plan-199
1-5-khartoum-road-data-centre,appendix-w-acharredacted-41
1-5-khartoum-road-data-centre,appendix-x-draft-letter-offer-57
1-5-khartoum-road-data-centre,appendix-y-bdar-waiver-determination-ssd-63235720-41
1-5-khartoum-road-data-centre,appendix-z-community-engagement-outcomes-report-41
1-5-khartoum-road-data-centre,appendix-aa-heritage-impact-statement-407
1-5-khartoum-road-data-centre,appendix-bb-flood-impact-risk-assessment-41
1-5-khartoum-road-data-centre,appendix-cc-esd-report-301
1-5-khartoum-road-data-centre,appendix-dd-hazards-and-risk-report-58
1-5-khartoum-road-data-centre,appendix-ee-site-survey-97
1-5-khartoum-road-data-centre,appendix-ff-visual-impact-assessment-170
1-5-khartoum-road-data-centre,appendix-gg-environmental-wind-assessment-report-41
1-5-khartoum-road-data-centre,appendix-w-aboriginal-cultural-heritage-assessment-report-154
1-5-khartoum-road-data-centre,appendix-hh-greenhouse-gas-and-nabers-41
1-5-khartoum-road-data-centre,appendix-g-esimated-development-cost-41
1-5-khartoum-road-data-centre,ssd-notice-decision-134
1-5-khartoum-road-data-centre,signed-ssd-determination-instrument-4
1-5-khartoum-road-data-centre,ssd-assessment-report-168
1-5-khartoum-road-data-centre,ssd-63235720-notice-determination-not-required
1-5-khartoum-road-data-centre,ssd-63235720-notice-determination-letter-submitter
1-5-khartoum-road-data-centre,ssd-63235720-notice-determination-letter-applicant
1-5-khartoum-road-data-centre,signed-ssd-ssi-assessment-report-16
1-5-khartoum-road-data-centre,additional-matters-submissions-report-letter-112
1-5-khartoum-road-data-centre,ssd-63235720-exhibition-notice-36
1-5-khartoum-road-data-centre,application20250217053630-41
1-5-khartoum-road-data-centre,p0054527subjectsite-41
1-5-khartoum-road-data-centre,industry-specific-sears-data-storage-centres8122885-76
1-5-khartoum-road-data-centre,ssd-sears-industry-specific-cover-letter-5769
1-5-khartoum-road-data-centre,capacity-letter-77
1-5-khartoum-road-data-centre,b-site-plan-77
1-5-khartoum-road-data-centre,ssd-63235720-receipt-inv-4000002826-psims-39
1-5-khartoum-road-data-centre,ssd-63235720-invoice-4000002826-psims-40
1-5-khartoum-road-data-centre,fee-breakdown20250220043551-40
1-5-khartoum-road-data-centre,approved-fee20250218232621-41
1-5-khartoum-road-data-centre,appendix-c-revised-architectural-plans-111
1-5-khartoum-road-data-centre,appendix-k-revised-water-management-plan-22
1-5-khartoum-road-data-centre,appendix-e-revised-noise-and-vibration-impact-assessment-22
1-5-khartoum-road-data-centre,appendix-g-preliminary-construction-management-plan-33
1-5-khartoum-road-data-centre,appendix-f-northrop-flood-responses-letter-22
1-5-khartoum-road-data-centre,appendix-d-revised-transport-and-impact-assessment-22
1-5-khartoum-road-data-centre,appendix-i-revised-esd-report-22
1-5-khartoum-road-data-centre,appendix-h-clause-46-request-22
1-5-khartoum-road-data-centre,response-submissions-report-5290
1-5-khartoum-road-data-centre,appendix-j-indicative-site-wide-landscape-masterplan-22
1-5-khartoum-road-data-centre,appendix-b-revised-statutory-compliance-table-50
1-5-khartoum-road-data-centre,appendix-revised-mitigation-measures-table-22
1-5-khartoum-road-data-centre,initial-department-request-rts-letter-030425-27
1-5-khartoum-road-data-centre,ssd-ssi-notice-exhibition-letter-neighbouring-landow-16264
1-5-khartoum-road-data-centre,ssd-ssi-exhibition-and-reexhibition-advertisement06032025-37
1-5-khartoum-road-data-centre,council-eis-response-attachment-2-010425-28
1-5-khartoum-road-data-centre,council-eis-response-attachment-1-010425-28
1-5-khartoum-road-data-centre,council-eis-response-letter-010425-28
1-5-khartoum-road-data-centre,epa-eis-response-020425-27
1-5-khartoum-road-data-centre,cphr-comments-eis-1-5-khartoum-road-data-centre-24
1-5-khartoum-road-data-centre,hnsw-ach-eis-response-270325-27
1-5-khartoum-road-data-centre,heritagensweheisssd-63235720hms-9438-26
1-5-khartoum-road-data-centre,fire-rescue-nsw-eis-response-170325-27
1-5-khartoum-road-data-centre,tfnsw-eis-response-210325-27
1-5-khartoum-road-data-centre,eis-khartoum-rd-data-centre-macquarie-park-ssd-6325720-32
1-5-khartoum-road-data-centre,attachment-1-1-5-khartoum-road-macquarie-park-16
1-5-khartoum-road-data-centre,cor-rts-cover-letter-1-5-khartoum-road-16
1-5-khartoum-road-data-centre,epa-response-submissions-report-53
1-5-khartoum-road-data-centre,20250522-tfnsw-response-19
1-5-khartoum-road-data-centre,hnsw-ach-rts-1-5-khartoum-road-ssd-63235720-19
1-5-khartoum-road-data-centre,letter-out-dphi-response-rts-no-further-comment-20
1-5-khartoum-road-data-centre,cphr-comments-rts-1-5-khartoum-road-data-centre-14
1-5-khartoum-road-data-centre,1-5-khartoum-road-data-centre-ssd-63235720-21
1-5-khartoum-road-data-centre,updated-water-mangement-plan-12
1-5-khartoum-road-data-centre,mpark2arr2016with-osd100yrwith-ex-pit-12
1-5-khartoum-road-data-centre,mpark2arr2016no-osdy5r-12
1-5-khartoum-road-data-centre,revised-flood-report-12
1-5-khartoum-road-data-centre,updated-ground-floor-plan-22
1-5-khartoum-road-data-centre,legal-advice-165
1-5-khartoum-road-data-centre,response-council-rfi-19
1-5-khartoum-road-data-centre,request-additional-information-13067
1-5-khartoum-road-data-centre,draft-vpa-5
1-5-khartoum-road-data-centre,request-additional-information-13298
1-5-khartoum-road-data-centre,addendum-rts-submission-1-5-khartoum-road-10
1-5-khartoum-road-data-centre,responsetocouncilrfi-24
1-5-khartoum-road-data-centre,updatedgroundfloorplan-12
1-5-khartoum-road-data-centre,legaladvice-24
1-5-khartoum-road-data-centre,revisedfloodreport-24
1-5-khartoum-road-data-centre,mpark2arr2016no-osdy5rrfi-85376210-24
1-5-khartoum-road-data-centre,updatedwatermangementplan-24
1-5-khartoum-road-data-centre,mpark2arr2016with-osd100yrwith-ex-pitrfi-85376210-24
1-5-khartoum-road-data-centre,cphr-comments-add-info-1-5-khartoum-rd-data-centre-9
1-5-khartoum-road-data-centre,responsetocouncilrfi-25
1-5-khartoum-road-data-centre,legaladvice-25
1-5-khartoum-road-data-centre,revisedfloodreport-25
1-5-khartoum-road-data-centre,mpark2arr2016no-osdy5rrfi-85376210-25
1-5-khartoum-road-data-centre,updatedwatermangementplan-25
1-5-khartoum-road-data-centre,mpark2arr2016with-osd100yrwith-ex-pitrfi-85376210-25
1-5-khartoum-road-data-centre,attachment-b-flood-response-letter-7
1-5-khartoum-road-data-centre,attachment-legal-advice-9
1-5-khartoum-road-data-centre,attachment-c-arup-summary-advice-cfd-modelling-7
1-5-khartoum-road-data-centre,response-additional-rfissda63235720-7
1-5-khartoum-road-data-centre,request-additional-information-2-274
1-5-khartoum-road-data-centre,final-addendum-rts-submission-1-5-khartoum-road220725-8
1-5-khartoum-road-data-centre,assessment-epa-response-0
1-5-khartoum-road-data-centre,responsetoadditionalrfissda63235720-14
1-5-khartoum-road-data-centre,attachmentc-arupsummaryadviceoncfdmodelling-14
1-5-khartoum-road-data-centre,assessment-ryde-council-response-attachment-1-0
1-5-khartoum-road-data-centre,assessment-ryde-council-response-cover-letter-0
1-5-khartoum-road-data-centre,responsetoadditionalrfissda63235720-15
1-5-khartoum-road-data-centre,attachmentc-arupsummaryadviceoncfdmodelling-15
1-5-khartoum-road-data-centre,attachmenta-legaladvice-7
1-5-khartoum-road-data-centre,attachmentb-floodresponseletter-7
1-5-khartoum-road-data-centre,response-rfi-oct-2025
1-5-khartoum-road-data-centre,request-additional-information-13333
1-5-khartoum-road-data-centre,epa-response-khartoum-data-centre
1-5-khartoum-road-data-centre,response-additional-rfi-ssd-63235720
1-5-khartoum-road-data-centre,cor-submission-addendum-rts-1-5-khartoum-road
1-5-khartoum-road-data-centre,response-additional-rfi-ssd-63235720-0
1-5-khartoum-road-data-centre,response-rficfd17dec2025-final-2
1-5-khartoum-road-data-centre,request-additional-information-13337
1-5-khartoum-road-data-centre,stockland-comments
1-5-khartoum-road-data-centre,draft-ssd-instrument-consent-206
1-5-khartoum-road-data-centre,rfi-request-comment-draft-conditions-3341
200-aldington-mod-8-amendments-road-upgrade-works-and-timing,lot-270-consent-letter-v1-stockland-executed
200-aldington-mod-8-amendments-road-upgrade-works-and-timing,lot-270-consent-letter-v1-fife-executed
200-aldington-mod-8-amendments-road-upgrade-works-and-timing,lot-141-142-landowner-consent-letters-signed
200-aldington-mod-8-amendments-road-upgrade-works-and-timing,lot-90-consent-letter-stockland-executed
200-aldington-mod-8-amendments-road-upgrade-works-and-timing,lot-90-consent-letter-fife-executed
200-aldington-mod-8-amendments-road-upgrade-works-and-timing,lot-18-consent-letter-signed
200-aldington-mod-8-amendments-road-upgrade-works-and-timing,lot-15-consent-letter-signed
200-aldington-mod-8-amendments-road-upgrade-works-and-timing,lot-8-consent-letter-r1-signed
200-aldington-mod-8-amendments-road-upgrade-works-and-timing,iok-lot-9-consent-letter-signed
200-aldington-mod-8-amendments-road-upgrade-works-and-timing,fpi-australand-ci-land-holdings-owners-consent
200-aldington-mod-8-amendments-road-upgrade-works-and-timing,esr-consent-letter-executed
200-aldington-mod-8-amendments-road-upgrade-works-and-timing,dexus-consent-letter-signed
200-aldington-mod-8-amendments-road-upgrade-works-and-timing,section-4551a-modification-application210826
200-aldington-mod-8-amendments-road-upgrade-works-and-timing,august-amendments-summary-letter210826
200-aldington-mod-8-amendments-road-upgrade-works-and-timing,appendix-moperational-traffic-management-plan
200-aldington-mod-8-amendments-road-upgrade-works-and-timing,appendix-lultimate-road-works-subdivision-plans
200-aldington-mod-8-amendments-road-upgrade-works-and-timing,appendix-kinterim-road-works-subdivision-plans
200-aldington-mod-8-amendments-road-upgrade-works-and-timing,appendix-j53-97-aldington-road-landowner-consent
200-aldington-mod-8-amendments-road-upgrade-works-and-timing,appendix-inoise-vibration-and-air-quality-review
200-aldington-mod-8-amendments-road-upgrade-works-and-timing,appendix-henvironmental-investigations-review
200-aldington-mod-8-amendments-road-upgrade-works-and-timing,appendix-gflood-assessment-intersection-4
200-aldington-mod-8-amendments-road-upgrade-works-and-timing,appendix-fachar-letter-advice
200-aldington-mod-8-amendments-road-upgrade-works-and-timing,appendix-eoperational-timing-traffic-statement
200-aldington-mod-8-amendments-road-upgrade-works-and-timing,appendix-bamended-civil-drawings
200-aldington-mod-8-amendments-road-upgrade-works-and-timing,appendix-cbiodiversity-addendum
200-aldington-mod-8-amendments-road-upgrade-works-and-timing,appendix-dintersection-4-traffic-statement
200-aldington-mod-8-amendments-road-upgrade-works-and-timing,modification-application20260730032315
200-aldington-mod-8-amendments-road-upgrade-works-and-timing,test-adequacy-3-response-letter270726
200-aldington-mod-8-amendments-road-upgrade-works-and-timing,da250530-landowners-consent
200-aldington-mod-8-amendments-road-upgrade-works-and-timing,appendix-d-traffic-statement-123
200-aldington-mod-8-amendments-road-upgrade-works-and-timing,da250530-landowners-consent-0
200-aldington-mod-8-amendments-road-upgrade-works-and-timing,test-adequacy-3-response-letter270726-0
200-aldington-mod-8-amendments-road-upgrade-works-and-timing,appendix-h-noise-vibration-and-air-quality-statement
200-aldington-mod-8-amendments-road-upgrade-works-and-timing,appendix-c-biodiversity-statement-18
200-aldington-mod-8-amendments-road-upgrade-works-and-timing,section-4551a-modification-application270726
200-aldington-mod-8-amendments-road-upgrade-works-and-timing,appendix-j-ultimate-road-works-plan-subdivision
200-aldington-mod-8-amendments-road-upgrade-works-and-timing,appendix-i-consent-53-97-aldington-road-landowner
200-aldington-mod-8-amendments-road-upgrade-works-and-timing,appendix-j-interim-road-works-plans-subdivision
200-aldington-mod-8-amendments-road-upgrade-works-and-timing,appendix-g-environmental-investigations-review
200-aldington-mod-8-amendments-road-upgrade-works-and-timing,appendix-e-achar-letter-advice
200-aldington-mod-8-amendments-road-upgrade-works-and-timing,appendix-f-flooding-statement
200-aldington-mod-8-amendments-road-upgrade-works-and-timing,appendix-b-amended-civil-engineering-plans
200-aldington-mod-8-amendments-road-upgrade-works-and-timing,ssd-10479-mod-8-receipt-4000008278
200-aldington-mod-8-amendments-road-upgrade-works-and-timing,ssd-10479-mod-8taxinvoice4000008278
200-aldington-mod-8-amendments-road-upgrade-works-and-timing,fee-breakdown20260809233252
200-aldington-mod-8-amendments-road-upgrade-works-and-timing,approved-fee20260731014836
200-aldington-mod-8-amendments-road-upgrade-works-and-timing,mod-report-advice-tfnsw-37
200-aldington-mod-8-amendments-road-upgrade-works-and-timing,mod-report-advice-pcc-87
22-oriordan-street-alexandria-data-centre,24016-isears-request-22-oriordan-st-12
22-oriordan-street-alexandria-data-centre,request-sears20241024223414-12
22-oriordan-street-alexandria-data-centre,sears-cover-letter-6390
22-oriordan-street-alexandria-data-centre,industry-specific-sears-data-storage-centres7592142-8
22-oriordan-street-alexandria-data-centre,site-map-4862
23-25-waterloo-road-data-centre,wtj25-099project-specific-sears23-25-waterloo-road-14
23-25-waterloo-road-data-centre,request-sears20250819005815-14
23-25-waterloo-road-data-centre,ssd-91297457-request-revised-eis
23-25-waterloo-road-data-centre,application20260814072156
23-25-waterloo-road-data-centre,appendix-24-infrastructure-plan
23-25-waterloo-road-data-centre,appendix-30-noise-and-vibration-impact-assessment-51
23-25-waterloo-road-data-centre,appendix-29-nabers-embodied-emissions-materials-form
23-25-waterloo-road-data-centre,appendix-24-infrastructure-delivery-and-staging-plan
23-25-waterloo-road-data-centre,appendix-23-hazards-and-risk-report
23-25-waterloo-road-data-centre,appendix-44-economic-impact-assessment
23-25-waterloo-road-data-centre,appendix-43-wind-pedestrian-assessment
23-25-waterloo-road-data-centre,appendix-42-waste-management-plan
23-25-waterloo-road-data-centre,appendix-41-visual-impact-assessment
23-25-waterloo-road-data-centre,appendix-40-transport-impact-assessment-77
23-25-waterloo-road-data-centre,appendix-39-title-documents
23-25-waterloo-road-data-centre,appendix-38-sydney-water-feasibility-letter
23-25-waterloo-road-data-centre,appendix-37-survey-plans
23-25-waterloo-road-data-centre,appendix-36-statement-heritage-impact-33
23-25-waterloo-road-data-centre,appendix-35-social-impact-assessment-59
23-25-waterloo-road-data-centre,appendix-34-sears
23-25-waterloo-road-data-centre,appendix-33-preliminary-site-investigation
23-25-waterloo-road-data-centre,appendix-32-preliminary-geotechnical-investigation-report
23-25-waterloo-road-data-centre,appendix-31-owners-consent
23-25-waterloo-road-data-centre,appendix-27-macquarie-park-design-guide-compliance-table
23-25-waterloo-road-data-centre,appendix-26-landscape-design-report
23-25-waterloo-road-data-centre,appendix-25-integrated-water-cycle-management-plan
23-25-waterloo-road-data-centre,appendix-24-infrastructure-delivery-and-staging-plan-0
23-25-waterloo-road-data-centre,appendix-23-hazards-and-risk-report-0
23-25-waterloo-road-data-centre,appendix-22-greenhouse-gas-mitigation-plan
23-25-waterloo-road-data-centre,appendix-21-flood-impact-and-risk-assessment
23-25-waterloo-road-data-centre,appendix-20-existing-use-rights-legal-letter
23-25-waterloo-road-data-centre,appendix-19-edc-reportconfidential
23-25-waterloo-road-data-centre,appendix-18-esd-j-report
23-25-waterloo-road-data-centre,appendix-17-engagement-report-126
23-25-waterloo-road-data-centre,appendix-16-esd-report-224
23-25-waterloo-road-data-centre,appendix-15-drains-model
23-25-waterloo-road-data-centre,appendix-14-draft-letter-offer
23-25-waterloo-road-data-centre,appendix-13-crime-prevention-through-environmental-design-1
23-25-waterloo-road-data-centre,appendix-12-climate-change-adaptation-plan
23-25-waterloo-road-data-centre,appendix-11-civil-engineering-plans-0
23-25-waterloo-road-data-centre,appendix-10-city-ryde-dcp-compliance-table
23-25-waterloo-road-data-centre,appendix-9-bdar-waiver-164
23-25-waterloo-road-data-centre,appendix-8-bca-accessibility-assessment-report
23-25-waterloo-road-data-centre,appendix-7-asic-certificate
23-25-waterloo-road-data-centre,appendix-6-architectural-plans-287
23-25-waterloo-road-data-centre,appendix-5-architectural-design-report-97
23-25-waterloo-road-data-centre,appendix-4-arboricultural-impact-assessment-32
23-25-waterloo-road-data-centre,appendix-3-aqia
23-25-waterloo-road-data-centre,appendix-2-acid-sulfate-soil-management-plan-3
23-25-waterloo-road-data-centre,appendix-1a-acha-consultation-report
23-25-waterloo-road-data-centre,appendix-1-acha
23-25-waterloo-road-data-centre,application20260813073844
23-25-waterloo-road-data-centre,appendix-36statement-heritage-impact
23-25-waterloo-road-data-centre,48798-wlpt-zz-zz-dr-g-0104featureplansouth-s3-p01
23-25-waterloo-road-data-centre,48798-wlpt-zz-zz-dr-g-0103featureplannorth-s3-p01
23-25-waterloo-road-data-centre,48798-wlpt-zz-zz-dr-g-0102siteplan-s3-p01
23-25-waterloo-road-data-centre,environmental-impact-statement-15029
23-25-waterloo-road-data-centre,appendix-44economic-impact-assessment
23-25-waterloo-road-data-centre,appendix-43wind-pedestrian-assessment
23-25-waterloo-road-data-centre,appendix-42waste-management-plan
23-25-waterloo-road-data-centre,appendix-41visual-impact-assessment
23-25-waterloo-road-data-centre,appendix-40transport-impact-assessment
23-25-waterloo-road-data-centre,appendix-39title-documents
23-25-waterloo-road-data-centre,appendix-38sydney-water-feasibility-letter
23-25-waterloo-road-data-centre,appendix-37survey-plans
23-25-waterloo-road-data-centre,appendix-35social-impact-assessment
23-25-waterloo-road-data-centre,appendix-34sears
23-25-waterloo-road-data-centre,appendix-33preliminary-site-investigation
23-25-waterloo-road-data-centre,appendix-32preliminary-geotechnical-investigation-report
23-25-waterloo-road-data-centre,appendix-30-noise-and-vibration-impact-assessment-52
23-25-waterloo-road-data-centre,appendix-27macquarie-park-design-guide-compliance-table
23-25-waterloo-road-data-centre,appendix-26landscape-design-report
23-25-waterloo-road-data-centre,appendix-25integrated-water-cycle-management-plan
23-25-waterloo-road-data-centre,appendix-24-infrastructure-delivery-and-staging-plan-1
23-25-waterloo-road-data-centre,appendix-23-hazards-and-risk-report-1
23-25-waterloo-road-data-centre,appendix-22greenhouse-gas-mitigation-plan
23-25-waterloo-road-data-centre,appendix-21flood-impact-and-risk-assessment
23-25-waterloo-road-data-centre,appendix-20existing-use-rights-legal-letter
23-25-waterloo-road-data-centre,appendix-18esd-j-report
23-25-waterloo-road-data-centre,appendix-17engagement-report
23-25-waterloo-road-data-centre,appendix-16esd-report-0
23-25-waterloo-road-data-centre,appendix-15drains-model
23-25-waterloo-road-data-centre,appendix-14draft-letter-offer
23-25-waterloo-road-data-centre,appendix-13crime-prevention-through-environmental-design
23-25-waterloo-road-data-centre,appendix-12climate-change-adaptation-plan
23-25-waterloo-road-data-centre,appendix-11civil-engineering-plans
23-25-waterloo-road-data-centre,appendix-10city-ryde-dcp-compliance-table
23-25-waterloo-road-data-centre,appendix-9bdar-waiver
23-25-waterloo-road-data-centre,appendix-8bca-accessibility-assessment-report
23-25-waterloo-road-data-centre,appendix-7asic-certificate
23-25-waterloo-road-data-centre,appendix-6architectural-plans
23-25-waterloo-road-data-centre,appendix-5architectural-design-report-29
23-25-waterloo-road-data-centre,appendix-4arboricultural-impact-assessment
23-25-waterloo-road-data-centre,appendix-3-aqia-0
23-25-waterloo-road-data-centre,appendix-2acid-sulfate-soil-management-plan
23-25-waterloo-road-data-centre,appendix-1aacha-consultation-report
23-25-waterloo-road-data-centre,appendix-1acha
23-25-waterloo-road-data-centre,appendix-31owners-consent
23-25-waterloo-road-data-centre,attachment-2-agency-advice-1641
23-25-waterloo-road-data-centre,ssd-91297457-issued-sears-2
23-25-waterloo-road-data-centre,ssd-91297457-sears-cover-letter-2
23-25-waterloo-road-data-centre,attachment-2-ssd-91297457-3
23-25-waterloo-road-data-centre,ssd-ssi-issued-sears-ssd-91297457-3
23-25-waterloo-road-data-centre,combined-plans-24
23-25-waterloo-road-data-centre,cor-sears-requirements-23-25-waterloo-road-8
23-25-waterloo-road-data-centre,epa-response-macquarie-park-data-centre-ssd-91297457-8
23-25-waterloo-road-data-centre,letter-out-23-25-waterloo-road-data-centre-11
23-25-waterloo-road-data-centre,23-25-waterloo-road-data-centre-ssd-91297457-13
23-25-waterloo-road-data-centre,sydney-metro-sears-23-25-waterloo-road-ssd-91297457-12
23-25-waterloo-road-data-centre,20250827-tfnsw-response-9
23-25-waterloo-road-data-centre,cphr-recommended-sears-ssd-91297457-5
43-61-turner-road-data-centre,signed-ssd-ssi-assessment-report-15
43-61-turner-road-data-centre,43-61-turner-road-data-centre-eis-39
43-61-turner-road-data-centre,signed-determination-instrument-4
43-61-turner-road-data-centre,appendix-sears-table-3542
43-61-turner-road-data-centre,ssd-notice-decision-382
43-61-turner-road-data-centre,appendix-b-architectural-drawings-2481
43-61-turner-road-data-centre,stamped-plans-architectural-7
43-61-turner-road-data-centre,appendix-c-statutory-compliance-table-6511
43-61-turner-road-data-centre,request-sears20240227004845-58
43-61-turner-road-data-centre,stamped-plans-civil-18
43-61-turner-road-data-centre,appendix-d-engagement-report-350
43-61-turner-road-data-centre,stamped-plans-landscape-6
43-61-turner-road-data-centre,appendix-e-landscape-plan-260
43-61-turner-road-data-centre,appendix-f-summary-mitigation-and-management-measures-39
43-61-turner-road-data-centre,appendix-g-visual-impact-assessment-496
43-61-turner-road-data-centre,appendix-h-traffic-and-transport-impact-assessment-report-39
43-61-turner-road-data-centre,appendix-i-accessibility-report-320
43-61-turner-road-data-centre,appendix-j1-ecologically-sustainable-development-report-33
43-61-turner-road-data-centre,appendix-j2-appendix-b-net-zero-statementfinal-33
43-61-turner-road-data-centre,appendix-k-biodiversity-assessment-168
43-61-turner-road-data-centre,appendix-l-air-quality-technical-report-39
43-61-turner-road-data-centre,appendix-m-noise-and-vibration-assessment-report-39
43-61-turner-road-data-centre,appendix-n1-preliminary-site-investigation-40
43-61-turner-road-data-centre,appendix-n2-detailed-site-investigation-39
43-61-turner-road-data-centre,appendix-n3-groundwater-assessment-39
43-61-turner-road-data-centre,appendix-n4-contamination-assessment-39
43-61-turner-road-data-centre,appendix-n5-geotechnical-report-39
43-61-turner-road-data-centre,appendix-o-surface-water-and-flood-impact-assessment-39
43-61-turner-road-data-centre,appendix-p-resilience-and-hazards-sepp-screening-39
43-61-turner-road-data-centre,appendix-q-bush-fire-assessment-report-172
43-61-turner-road-data-centre,appendix-r-waste-management-plan-128
43-61-turner-road-data-centre,appendix-s-achar-public-version-32
43-61-turner-road-data-centre,appendix-t-social-impact-assessment-report-39
43-61-turner-road-data-centre,appendix-u-infrastructure-and-services-report-39
43-61-turner-road-data-centre,appendix-w-building-code-australia-report-39
43-61-turner-road-data-centre,appendix-x-design-report-39
43-61-turner-road-data-centre,appendix-y-survey-plan-105
43-61-turner-road-data-centre,appendix-z-early-works-development-application-39
43-61-turner-road-data-centre,appendix-aa-clause-46-variation-request-41
43-61-turner-road-data-centre,nabers-embodied-emissions-materials-form-122
43-61-turner-road-data-centre,agreement-rate-application-confirmation-39
43-61-turner-road-data-centre,application20250207061403-38
43-61-turner-road-data-centre,appendix-s-aboriginal-cultural-heritage-assessment-report-140
43-61-turner-road-data-centre,appendix-v-quantity-surveyor-report-39
43-61-turner-road-data-centre,ssd-68013714-notice-determination-not-required
43-61-turner-road-data-centre,ssd-68013714-notice-determination-letter-submitter
43-61-turner-road-data-centre,ssd-68013714-notice-determination-letter-applicant
43-61-turner-road-data-centre,submissions-report-sydney-water-advice-1
43-61-turner-road-data-centre,additional-matters-submissions-report-letter-111
43-61-turner-road-data-centre,sydney-water-advice-addendum-eis-21
43-61-turner-road-data-centre,sydney-water-advice-eis-1402
43-61-turner-road-data-centre,council-advicesubmission-eis-21
43-61-turner-road-data-centre,ssd-68013714-exhibition-notice-30
43-61-turner-road-data-centre,gis-data-submission20250207-39
43-61-turner-road-data-centre,owners-consent-6414
43-61-turner-road-data-centre,industry-specific-sears-data-storage-centres-542
43-61-turner-road-data-centre,ssd-sears-industry-specific-cover-letter-5484
43-61-turner-road-data-centre,43-61-turner-road-gregory-hills-request-sears-58
43-61-turner-road-data-centre,indicative-site-layout-96
43-61-turner-road-data-centre,ssd-68013714-receipt-4000002689-psims-34
43-61-turner-road-data-centre,ssd-68013714-invoice-4000002689-psims-35
43-61-turner-road-data-centre,fee-breakdown20250212020729-36
43-61-turner-road-data-centre,approved-fee20250211033218-37
43-61-turner-road-data-centre,43-61-turner-road-data-centre-submissions-report-14
43-61-turner-road-data-centre,request-rts-letter-11835
43-61-turner-road-data-centre,ssd-ssi-notice-exhibition-letter-neighbouring-landow-12908
43-61-turner-road-data-centre,ssd-ssi-exhibition-and-reexhibition-advertisement05032025-31
43-61-turner-road-data-centre,camden-council-advice-43-61-turner-road-gregory-hills-19
43-61-turner-road-data-centre,dcceew-advice-eis-45
43-61-turner-road-data-centre,frnsw-advice-eis-1958
43-61-turner-road-data-centre,hnsw-ach-advice-eis-1677
43-61-turner-road-data-centre,cphr-comments-eis-43-61-turner-road-data-centre-19
43-61-turner-road-data-centre,epa-advice-eis-3327
43-61-turner-road-data-centre,tfnsw-advice-eis-4581
43-61-turner-road-data-centre,43-61-turner-road-data-centre-rfs-eis-response-17
43-61-turner-road-data-centre,councils-response-submissions-report-8
43-61-turner-road-data-centre,epa-response-rts-43-61-turner-road-data-centre-12
43-61-turner-road-data-centre,hnswachssd-68013714hms11051-12
43-61-turner-road-data-centre,cphr-comments-rts-turner-road-data-centre-9
43-61-turner-road-data-centre,43-61-turner-road-data-centre-rts-rfs-response-3
43-61-turner-road-data-centre,43-61-turner-road-data-centre-rfi-letter-response-6
43-61-turner-road-data-centre,eparesponse-rts-43-61turnerroaddatacentre-10
43-61-turner-road-data-centre,request-additional-information-13611
43-61-turner-road-data-centre,epa-response-advice-assessment-ssd-68013714-4
43-61-turner-road-data-centre,43-61turnerroaddatacentrerfiletterresponse-13
43-61-turner-road-data-centre,camden-council-response-department-ssd-680137814-6
43-61-turner-road-data-centre,43-61turnerroaddatacentrerfiletterresponse-14
43-61-turner-road-data-centre,revised-draft-conditions-letter-ssd-68013714-0
43-61-turner-road-data-centre,draft-development-consent-v11-0
43-61-turner-road-data-centre,draft-conditions-letter-ssd-68013714-2
43-61-turner-road-data-centre,swc-rts-response-ssd-68013714-signed-1
43-61-turner-road-data-centre,draft-conditions-letter-ssd-68013714-3
43-61-turner-road-data-centre,rfi-request-comment-draft-conditions-3486
43-61-turner-road-data-centre,ssd-68013714-draft-instrument-determination-v10-2
51-huntingwood-drive-data-centre-mod-2-design-updates,ssd-41589232-mod-2-modification-report
51-huntingwood-drive-data-centre-mod-2-design-updates,appendix-b14-integrated-water-cycle-management-plan
51-huntingwood-drive-data-centre-mod-2-design-updates,appendix-b13-arborist-report
51-huntingwood-drive-data-centre-mod-2-design-updates,appendix-b12-fire-safety-report
51-huntingwood-drive-data-centre-mod-2-design-updates,appendix-b11-bca-and-access-report
51-huntingwood-drive-data-centre-mod-2-design-updates,appendix-b10-biodiversity-verification-statement-17
51-huntingwood-drive-data-centre-mod-2-design-updates,appendix-b9-infrastructure-requirements-report
51-huntingwood-drive-data-centre-mod-2-design-updates,appendix-b8-hazards-and-risk-report-18
51-huntingwood-drive-data-centre-mod-2-design-updates,appendix-b6-traffic-impact-assessment-16
51-huntingwood-drive-data-centre-mod-2-design-updates,appendix-b5-air-quality-impact-assessment-16
51-huntingwood-drive-data-centre-mod-2-design-updates,appendix-b4-noise-and-vibration-assessment-18
51-huntingwood-drive-data-centre-mod-2-design-updates,blank-consolidated-consent-12
51-huntingwood-drive-data-centre-mod-2-design-updates,appendix-b3-visual-impact-assessment-17
51-huntingwood-drive-data-centre-mod-2-design-updates,ssd-mod-assessment-report-signed-4
51-huntingwood-drive-data-centre-mod-2-design-updates,appendix-b2-landscape-plans-17
51-huntingwood-drive-data-centre-mod-2-design-updates,ssd-mod-instrument-signed-4
51-huntingwood-drive-data-centre-mod-2-design-updates,appendix-b1-architectural-plans-64
51-huntingwood-drive-data-centre-mod-2-design-updates,ssd-41589232-mod-2-letter-submitter
51-huntingwood-drive-data-centre-mod-2-design-updates,ssd-41589232-mod-2-letter-applicant
51-huntingwood-drive-data-centre-mod-2-design-updates,ssd-41589232-mod-2-letter-submitter-0
51-huntingwood-drive-data-centre-mod-2-design-updates,ssd-41589232-mod-2-notice-determination-not-required
51-huntingwood-drive-data-centre-mod-2-design-updates,modification-application20260521022112
51-huntingwood-drive-data-centre-mod-2-design-updates,ssd-41589232-s4551a-modification-report
51-huntingwood-drive-data-centre-mod-2-design-updates,appendix-b1-architectural-plans-65
51-huntingwood-drive-data-centre-mod-2-design-updates,appendix-b2-landscape-plans-18
51-huntingwood-drive-data-centre-mod-2-design-updates,appendix-b3-visual-impact-assessment-18
51-huntingwood-drive-data-centre-mod-2-design-updates,appendix-b4-noise-and-vibration-assessment-19
51-huntingwood-drive-data-centre-mod-2-design-updates,appendix-b5-air-quality-impact-statement
51-huntingwood-drive-data-centre-mod-2-design-updates,appendix-b6-traffic-impact-assessment-17
51-huntingwood-drive-data-centre-mod-2-design-updates,appendix-b8-hazards-and-risk-report-19
51-huntingwood-drive-data-centre-mod-2-design-updates,appendix-b9-infrastructure-requirements-report-0
51-huntingwood-drive-data-centre-mod-2-design-updates,appendix-b10-biodiversity-verification-statement-18
51-huntingwood-drive-data-centre-mod-2-design-updates,appendix-b11-bca-and-access-report-0
51-huntingwood-drive-data-centre-mod-2-design-updates,appendix-b12-fire-safety-report-0
51-huntingwood-drive-data-centre-mod-2-design-updates,appendix-b13-arborist-report-0
51-huntingwood-drive-data-centre-mod-2-design-updates,appendix-b14-integrated-water-cycle-management-plan-0
51-huntingwood-drive-data-centre-mod-2-design-updates,ssd-41589232-mod-2-receipt-4000007551
51-huntingwood-drive-data-centre-mod-2-design-updates,ssd-41589232-mod-2taxinvoice4000007551
51-huntingwood-drive-data-centre-mod-2-design-updates,fee-breakdown20260528054421
51-huntingwood-drive-data-centre-mod-2-design-updates,approved-fee20260527235832
51-huntingwood-drive-data-centre-mod-2-design-updates,approved-fee20260521062435
51-huntingwood-drive-data-centre-mod-2-design-updates,response-letter-dphi-mod-26-00253
51-huntingwood-drive-data-centre-mod-2-design-updates,epa-response-mod-2-huntingwood-data-centre-290626
51-huntingwood-drive-data-centre-mod-2-design-updates,letter-out-51-huntingwood-drive-dc-mod-2-mod-report
51-huntingwood-drive-data-centre-mod-2-design-updates,dca-advice-51-huntingwood-data-centre-mod-2
51-huntingwood-drive-data-centre-mod-2-design-updates,dca-technical-advisory-template1784792560
51-huntingwood-drive-data-centre-mod-2-design-updates,request-formal-dca-advice-form-12
51-huntingwood-drive-data-centre-mod-2-design-updates,epa-response-mod-2-huntingwood-data-centre-130826
51-huntingwood-drive-data-centre-mod-2-design-updates,wtj25-427-response-dphi-51-huntingwood-drive
51-huntingwood-drive-data-centre,ssd-assessment-report-51-huntingwood-4
51-huntingwood-drive-data-centre,ssd-41589232-exhibition-notice-53
51-huntingwood-drive-data-centre,ssd-instrument-consent-267
51-huntingwood-drive-data-centre,appendix-1-dcp-compliance-table-134
51-huntingwood-drive-data-centre,ssd-notice-decision-314
51-huntingwood-drive-data-centre,appendix-3-sears-report-125
51-huntingwood-drive-data-centre,ssd-stamped-plans-architectural-pages-1-10-1
51-huntingwood-drive-data-centre,appendix-4-survey-plan-275
51-huntingwood-drive-data-centre,scoping-report-51-huntingwood-dr-92
51-huntingwood-drive-data-centre,ssd-stamped-plans-architectural-pages-11-35-1
51-huntingwood-drive-data-centre,appendix-5-architectural-drawings-73
51-huntingwood-drive-data-centre,request-sears20220425234811-92
51-huntingwood-drive-data-centre,ssd-stamped-plans-civil-2
51-huntingwood-drive-data-centre,appendix-6-architectural-design-report-143
51-huntingwood-drive-data-centre,appendix-7-landscape-plans-222
51-huntingwood-drive-data-centre,appendix-8-visual-impact-assessment-145
51-huntingwood-drive-data-centre,appendix-9-iwcmp-and-civil-engineering-drawings-73
51-huntingwood-drive-data-centre,appendix-10-infrastructure-requirements-report-73
51-huntingwood-drive-data-centre,appendix-11-geotechnical-report-addendum-73
51-huntingwood-drive-data-centre,appendix-12-acid-sulfate-soil-management-plan-73
51-huntingwood-drive-data-centre,appendix-13-salinity-assessment-report-73
51-huntingwood-drive-data-centre,appendix-14-salinity-management-plan-73
51-huntingwood-drive-data-centre,appendix-15-contamination-investigation-73
51-huntingwood-drive-data-centre,appendix-16-remedial-action-plan-83
51-huntingwood-drive-data-centre,appendix-17-hazmat-management-survey-and-register-73
51-huntingwood-drive-data-centre,appendix-18-traffic-and-parking-impact-assessment-73
51-huntingwood-drive-data-centre,appendix-19-construction-traffic-management-plan-73
51-huntingwood-drive-data-centre,appendix-20-green-travel-plan-73
51-huntingwood-drive-data-centre,appendix-21-arboricultural-impact-tree-protection-plan-70
51-huntingwood-drive-data-centre,appendix-22-biodiversity-development-assessment-report-73
51-huntingwood-drive-data-centre,appendix-23-aquatic-and-riparian-ecosystem-assessment-70
51-huntingwood-drive-data-centre,appendix-24-air-quality-impact-assessment-207
51-huntingwood-drive-data-centre,appendix-25-acoustic-assessment-report-73
51-huntingwood-drive-data-centre,appendix-26-statement-heritage-impact-219
51-huntingwood-drive-data-centre,appendix-27-archaeological-report1of2-73
51-huntingwood-drive-data-centre,appendix-27-archaeological-report2of2-73
51-huntingwood-drive-data-centre,appendix-28-aboriginal-cultural-heritage-assessment-73
51-huntingwood-drive-data-centre,appendix-29-ecologically-sustainable-development-report-80
51-huntingwood-drive-data-centre,appendix-30-waste-management-plan-214
51-huntingwood-drive-data-centre,appendix-31-resilience-and-hazards-sepp-report-73
51-huntingwood-drive-data-centre,appendix-32-bca-capability-statement-73
51-huntingwood-drive-data-centre,appendix-33-access-design-review-73
51-huntingwood-drive-data-centre,appendix-34-fire-engineering-statement-support-73
51-huntingwood-drive-data-centre,appendix-35-engagement-report-73
51-huntingwood-drive-data-centre,appendix-36-socio-economic-impact-assessment-report-73
51-huntingwood-drive-data-centre,music-modelling-104
51-huntingwood-drive-data-centre,civ-estimate-17-161222-58
51-huntingwood-drive-data-centre,superseded-appendix-2-quantity-surveyor-report-58
51-huntingwood-drive-data-centre,14042026-email-blacktown-council
51-huntingwood-drive-data-centre,ssd-41589232-notice-determination-not-required-0
51-huntingwood-drive-data-centre,ssd-41589232-notice-determination-letter-agency-0
51-huntingwood-drive-data-centre,ssd-41589232-notice-determination-letter-applicant-0
51-huntingwood-drive-data-centre,additional-matters-submissions-report-81
51-huntingwood-drive-data-centre,swc-response-51-huntingwood-data-centre-39
51-huntingwood-drive-data-centre,ehg-comments-51-huntingwood-drive-data-centre-83
51-huntingwood-drive-data-centre,application20220930042118-63
51-huntingwood-drive-data-centre,environmental-impact-statement-51-huntingwood-drive-64
51-huntingwood-drive-data-centre,issued-reject-eis-3047
51-huntingwood-drive-data-centre,application20220916041812-70
51-huntingwood-drive-data-centre,appendix-2-qs-report-434
51-huntingwood-drive-data-centre,industry-specific-sears-data-storage-centres020520220138-86
51-huntingwood-drive-data-centre,sears-cover-letter-industry-specific02052022013810-86
51-huntingwood-drive-data-centre,appendix-1-preliminary-architectural-plans-854
51-huntingwood-drive-data-centre,ssd-41589232-receipt-22057044-psims-54
51-huntingwood-drive-data-centre,ssd-41589232-invoice-22057044-psims-57
51-huntingwood-drive-data-centre,fee-breakdown20221221202909-57
51-huntingwood-drive-data-centre,approved-fee20221219225632-59
51-huntingwood-drive-data-centre,architectural-set-rts-35
51-huntingwood-drive-data-centre,visual-impact-assessment-rts-35
51-huntingwood-drive-data-centre,biodiversity-development-assessment-report-rts-090523-35
51-huntingwood-drive-data-centre,planning-submissions-report-rts-35
51-huntingwood-drive-data-centre,landscape-plan-rts-35
51-huntingwood-drive-data-centre,civil-iwcmp-report-appendix-rts-35
51-huntingwood-drive-data-centre,architectural-design-report-rts-35
51-huntingwood-drive-data-centre,acoustic-report-rts-35
51-huntingwood-drive-data-centre,air-quality-rts-35
51-huntingwood-drive-data-centre,civil-iwcmp-report-rts-35
51-huntingwood-drive-data-centre,hazards-and-risks-rts-35
51-huntingwood-drive-data-centre,survey-plan-708
51-huntingwood-drive-data-centre,acoustic-cover-letter-35
51-huntingwood-drive-data-centre,landscape-plan-and-cover-letter-35
51-huntingwood-drive-data-centre,architectural-schedule-changes-rts-35
51-huntingwood-drive-data-centre,civil-cover-letter-35
51-huntingwood-drive-data-centre,civil-iwcmp-report-appendix-c-rts-35
51-huntingwood-drive-data-centre,request-rts-letterexh-53635456-43
51-huntingwood-drive-data-centre,request-rts-letter-10208
51-huntingwood-drive-data-centre,ssd-ssi-exhibition-and-reexhibition-advertisement20012023-98
51-huntingwood-drive-data-centre,ssd-41589232-letter-landowner-psims-53
51-huntingwood-drive-data-centre,bcc-response-huntingwood-data-centre-39
51-huntingwood-drive-data-centre,waternsw-response-ssd-41589232-huntingwood-data-centre-eis-53
51-huntingwood-drive-data-centre,51-huntingwood-drive-data-centre-response-letter-49
51-huntingwood-drive-data-centre,epa-further-information-required-48
51-huntingwood-drive-data-centre,ehg-comments-51-huntingwood-drive-data-centre-84
51-huntingwood-drive-data-centre,hsw-ach-eis-ssd-41589232-51
51-huntingwood-drive-data-centre,51-huntingwood-drive-data-centre-ssd-41589232-52
51-huntingwood-drive-data-centre,tfnsw-response-syd230006701-ssd-41589232-32
51-huntingwood-drive-data-centre,epa-recommended-conditions-263
51-huntingwood-drive-data-centre,bcc-response-rts-23
51-huntingwood-drive-data-centre,ehg-rts-letter-ssd-41589232-51-huntingwood-drive-19
51-huntingwood-drive-data-centre,20230526-tfnsw-response-syd230006702-ssd-41589232-27
51-huntingwood-drive-data-centre,letter-out-huntingwood-drive-data-centre-rts-31
51-huntingwood-drive-data-centre,draft-conditions-comments-230823-7
51-huntingwood-drive-data-centre,rfi-request-comment-agency-advice-24
51-huntingwood-drive-data-centre,conditionsdpehuntingwood-drive-data-centre-12
51-huntingwood-drive-data-centre,appendix-6-updated-landscape-plans-59
51-huntingwood-drive-data-centre,appendix-4-updated-bdar-july-2023-28
51-huntingwood-drive-data-centre,wtj22-116-rts2-cover-letterfinal-28
51-huntingwood-drive-data-centre,appendix-3-design-change-summary-51-huntingwood-drive-28
51-huntingwood-drive-data-centre,appendix-7-da920dphasing-diagram-28
51-huntingwood-drive-data-centre,appendix-8-updated-m4-vp-030723-51-huntingwood-dr-28
51-huntingwood-drive-data-centre,appendix-1-bcc-response-rts-28
51-huntingwood-drive-data-centre,appendix-5-survey-plan-pdf-28
51-huntingwood-drive-data-centre,appendix-9-stormwater-plans-28
51-huntingwood-drive-data-centre,appendix-2-ehg-rts-letter-ssd-41589232-28
51-huntingwood-drive-data-centre,version-1-draft-ssd-instrument-comments-26723-28
51-huntingwood-drive-data-centre,bam-plot-data-28
51-huntingwood-drive-data-centre,design-change-summary-51-huntingwood-drive-140723-30
51-huntingwood-drive-data-centre,update-landscaping-plans-51-huntingwood-drive-data-centre-30
51-huntingwood-drive-data-centre,gba2023-07-07alternate-tank-layout-setback-30
51-huntingwood-drive-data-centre,ehg-advice-updated-bdar-51-huntingwood-drive-ssd-41589232-12
51-huntingwood-drive-data-centre,design-change-summary-51-huntingwood-drive-140723-31
51-huntingwood-drive-data-centre,update-landscaping-plans-51-huntingwood-drive-data-centre-31
51-huntingwood-drive-data-centre,gba2023-07-07alternate-tank-layout-setback-31
51-huntingwood-drive-data-centre,bam-plot-data-29
51-huntingwood-drive-data-centre,version-1-draft-ssd-instrument-comments-26723-29
51-huntingwood-drive-data-centre,appendix-2-ehg-rts-letter-ssd-41589232-29
51-huntingwood-drive-data-centre,appendix-9-stormwater-plans-29
51-huntingwood-drive-data-centre,appendix-5-survey-plan-pdf-29
51-huntingwood-drive-data-centre,appendix-1-bcc-response-rts-29
51-huntingwood-drive-data-centre,appendix-8-updated-m4-vp-030723-51-huntingwood-dr-29
51-huntingwood-drive-data-centre,appendix-7-da920dphasing-diagram-29
51-huntingwood-drive-data-centre,appendix-3-design-change-summary-51-huntingwood-drive-29
51-huntingwood-drive-data-centre,wtj22-116-rts2-cover-letterfinal-29
51-huntingwood-drive-data-centre,appendix-4-updated-bdar-july-2023-29
51-huntingwood-drive-data-centre,appendix-6-updated-landscape-plans-60
51-huntingwood-drive-data-centre,20emkc07huntingwood20230720-25
51-huntingwood-drive-data-centre,ehg-draft-conditions-51-huntingwood-drive-data-centre-ssd-9
51-huntingwood-drive-data-centre,20emkc07huntingwood20230720-26
51-huntingwood-drive-data-centre,20emkc07-huntingwood-bdar-1482023-10
51-huntingwood-drive-data-centre,version-1-bcd-draft-ssd-instrument-11
52-turner-road-data-centre,request-sears20230714044411-16
52-turner-road-data-centre,52-turner-road-ssd-withdrawal-5
52-turner-road-data-centre,industry-specific-sears-data-storage-centres8165647-12
52-turner-road-data-centre,ssd-sears-industry-specific-cover-letter-3042
52-turner-road-data-centre,52-turner-road-data-centre-request-sears-16
aldington-road-data-centre,sears-request-90-aldington-road-data-centre
aldington-road-data-centre,request-sears20260329220028
aldington-road-data-centre,appendix-architectural-plans-2535
aldington-road-data-centre,appendix-b-scoping-summary-table-511
aldington-road-data-centre,aldington-road-data-centrescoping-report
aldington-road-data-centre,amended-sears-sears-table
aldington-road-data-centre,attachment-3-original-agency-advice
aldington-road-data-centre,attachment-2-updated-agency-advice
aldington-road-data-centre,amended-sears-cover-letter-797
aldington-road-data-centre,amended-application20260820024523
aldington-road-data-centre,appendix-aarchitectural-plans-414
aldington-road-data-centre,aldington-road-data-centresite-aerial
aldington-road-data-centre,appendix-bscoping-summary-table-137
aldington-road-data-centre,attachment-2-combined-agency-advice-233
aldington-road-data-centre,issued-sears-cover-letter-8270
aldington-road-data-centre,ssd-112059740-issued-sears
aldington-road-data-centre,advice-sears-sydney-water-280
aldington-road-data-centre,advice-sears-dcceew-eccs
aldington-road-data-centre,ssd-112059740-council-sears-90-aldington-rd-data-centre
aldington-road-data-centre,appendixb-scopingsummarytable
aldington-road-data-centre,appendixa-preliminaryarchitecturaldrawings
aldington-road-data-centre,20260409-tfnsw-response
aldington-road-data-centre,appendixb-scopingsummarytable-0
aldington-road-data-centre,appendixa-preliminaryarchitecturaldrawings-0
aldington-road-data-centre,epa-sears-requirements
aldington-road-data-centre,appendixb-scopingsummarytable-1
aldington-road-data-centre,appendixa-preliminaryarchitecturaldrawings-1
aldington-road-data-centre,cphr-recommended-sears-ssd-112059740
aldington-road-data-centre,appendixb-scopingsummarytable-2
aldington-road-data-centre,appendixa-preliminaryarchitecturaldrawings-2
aldington-road-data-centre,dcceew-water-90-aldington-rd-ssd-112059740-sears
aldington-road-data-centre,appendixb-scopingsummarytable-3
aldington-road-data-centre,appendixa-preliminaryarchitecturaldrawings-3
aldington-road-data-centre,appendixb-scopingsummarytable-4
aldington-road-data-centre,appendixa-preliminaryarchitecturaldrawings-4
aldington-road-data-centre,90-aldington-road-kemps-creek-ssd-112059740
aldington-road-data-centre,appendixb-scopingsummarytable-5
aldington-road-data-centre,appendixa-preliminaryarchitecturaldrawings-5
aldington-road-data-centre,hnsw-ach-ssd-112059740-searsappid14203
aldington-road-data-centre,appendixb-scopingsummarytable-6
aldington-road-data-centre,appendixa-preliminaryarchitecturaldrawings-6
aldington-road-data-centre,hnsw-eh-ssd-112059740-searsappid14202
aldington-road-data-centre,appendixb-scopingsummarytable-7
aldington-road-data-centre,appendixa-preliminaryarchitecturaldrawings-7
aldington-road-data-centre,bda-response-90-aldington-road-data-centre
aldington-road-data-centre,appendixb-scopingsummarytable-8
aldington-road-data-centre,appendixa-preliminaryarchitecturaldrawings-8
aldington-road-data-centre,ssd-112059740-council-response-sears-amendment
aldington-road-data-centre,issued-sears-table
aldington-road-data-centre,issued-sears-agency-advice
aldington-road-data-centre,epa-sears-74-88-aldington-road-kemps-creek-ssd-112059740
aldington-road-data-centre,issued-sears-table-0
aldington-road-data-centre,issued-sears-agency-advice-0
aldington-road-data-centre,frnsw-aldington-road-data-centre-sears-updated
aldington-road-data-centre,issued-sears-table-1
aldington-road-data-centre,issued-sears-agency-advice-1
aldington-road-data-centre,tfnsw-response-syd26-00334-02
aldington-road-data-centre,issued-sears-table-2
aldington-road-data-centre,issued-sears-agency-advice-2
aldington-road-data-centre,bda-no-comments-re-aldington-road-data-centre
aldington-road-data-centre,issued-sears-table-3
aldington-road-data-centre,issued-sears-agency-advice-3
aldington-road-data-centre,dca-technical-advisory-advice-ssd-112059740
aldington-road-data-centre,dca-technical-advisory-template1787322065
aldington-road-data-centre,issued-sears-table-4
aldington-road-data-centre,issued-sears-agency-advice-4
aldington-road-data-centre,ssd-112059740-sears-dca-request-form
apollo-place-data-centre,ssd-67407231-instrument-consent-1
apollo-place-data-centre,environmental-impact-statement-apollo-place-data-centre-60
apollo-place-data-centre,ssd-67407231-assessment-report-1
apollo-place-data-centre,appendix-01-sears-457
apollo-place-data-centre,ssd-67407231-notice-decision-1
apollo-place-data-centre,appendix-03-architectural-drawings-95
apollo-place-data-centre,ssd-67407231-stamped-plans-architectural-0
apollo-place-data-centre,appendix-04-design-report-60
apollo-place-data-centre,request-sears20240206225540-97
apollo-place-data-centre,ssd-67407231-stamped-plans-civil-0
apollo-place-data-centre,appendix-06-bca-assessment-report-60
apollo-place-data-centre,ssd-67407231-stamped-plans-landscape-0
apollo-place-data-centre,appendix-07-section-j-report-60
apollo-place-data-centre,appendix-08-performance-solution-report-60
apollo-place-data-centre,appendix-09-access-assessment-report-60
apollo-place-data-centre,appendix-10-visual-impact-assessment-68
apollo-place-data-centre,appendix-11-transport-and-accessibility-assessment-60
apollo-place-data-centre,appendix-12-arboricultural-impact-assessment-175
apollo-place-data-centre,appendix-13-landscape-plan-224
apollo-place-data-centre,appendix-14-landscape-report-148
apollo-place-data-centre,appendix-15-esd-report-195
apollo-place-data-centre,appendix-17-biodiversity-development-assessment-report-214
apollo-place-data-centre,appendix-18-air-quality-impact-assessment-68
apollo-place-data-centre,appendix-19-noise-and-vibration-impact-assessment-171
apollo-place-data-centre,appendix-20-geotechnical-assessment-60
apollo-place-data-centre,appendix-21-surface-and-groundwater-impact-assessment-60
apollo-place-data-centre,appendix-22-salinity-management-statement-60
apollo-place-data-centre,appendix-23-acid-sulfate-soils-management-plan-60
apollo-place-data-centre,appendix-24-integrated-water-cycle-management-plan-60
apollo-place-data-centre,appendix-25-civil-drawings-60
apollo-place-data-centre,appendix-26-flood-impact-and-risk-assessment-60
apollo-place-data-centre,appendix-27-preliminary-risk-screening-60
apollo-place-data-centre,appendix-28-preliminary-site-investigation-60
apollo-place-data-centre,appendix-29-detailed-site-investigation-60
apollo-place-data-centre,appendix-30-remedial-action-plan-60
apollo-place-data-centre,appendix-31-waste-management-plan-61
apollo-place-data-centre,appendix-32-hazardous-materials-survey-60
apollo-place-data-centre,appendix-33-aboriginal-cultural-heritage-assessment-60
apollo-place-data-centre,appendix-34-archaeological-report-64
apollo-place-data-centre,appendix-35-statement-heritage-impact-60
apollo-place-data-centre,appendix-36-historical-archaeological-assessment-60
apollo-place-data-centre,appendix-37-social-impact-assessment-60
apollo-place-data-centre,appendix-38-infrastructure-requirements-report-60
apollo-place-data-centre,appendix-39-bushfire-protection-assessment-62
apollo-place-data-centre,appendix-40-engagement-report-60
apollo-place-data-centre,appendix-41-fire-engineering-report-60
apollo-place-data-centre,appendix-42-cooling-system-technical-note-60
apollo-place-data-centre,appendix-43-clause-46-variation-request-60
apollo-place-data-centre,appendix-16-nabers-embodied-emissions-materials-form-60
apollo-place-data-centre,application20240919064002-60
apollo-place-data-centre,appendix-02-estimated-development-cost-report-96
apollo-place-data-centre,ssd-67407231-letter-submitter
apollo-place-data-centre,ssd-67407231-letter-applicant
apollo-place-data-centre,ssd-67407231-letter-submitter-0
apollo-place-data-centre,ssd-67407231-notice-determination-not-required
apollo-place-data-centre,advice-rts-lc-council-22
apollo-place-data-centre,ssd-67407231-exhibition-notice-52
apollo-place-data-centre,landowner-consents-60
apollo-place-data-centre,appendix-05-survey-plan-title-documents-60
apollo-place-data-centre,industry-specific-sears-data-storage-centres-595
apollo-place-data-centre,ssd-67407231-sears-industry-specific-cover-letter-91
apollo-place-data-centre,draft-12apollo-architectural-drawings-95
apollo-place-data-centre,apollo-place-lane-cove-sears-report-95
apollo-place-data-centre,receipt-4000001646ssd-67407231psims-56
apollo-place-data-centre,invoice-4000001646ssd-67407231psims-57
apollo-place-data-centre,fee-breakdown20240927064141-58
apollo-place-data-centre,approved-fee20240924031947-60
apollo-place-data-centre,submissions-report-apollo-place-data-centre-070525-59
apollo-place-data-centre,request-additional-information-15042025-32
apollo-place-data-centre,submissions-report-apollo-place-data-centre-34
apollo-place-data-centre,appendix-c31-noise-vibration-tech-note-34
apollo-place-data-centre,appendix-c32-supplementary-noise-vibration-tech-note-34
apollo-place-data-centre,appendix-c9-amended-architectural-plans-206
apollo-place-data-centre,appendix-c7-arup-technical-note-206
apollo-place-data-centre,appendix-c1-amended-traffic-impact-assessment-217
apollo-place-data-centre,appendix-c12-amended-civil-plans-64
apollo-place-data-centre,appendix-c5-detailed-ghg-assessment-and-mitigation-plan-206
apollo-place-data-centre,appendix-c6-air-quality-technical-note-34
apollo-place-data-centre,appendix-c2-updated-clause-46-variation-request-206
apollo-place-data-centre,appendix-c11-nsw-dphi-request-rts-correspondence-64
apollo-place-data-centre,appendix-c10-visual-impact-assessment-34
apollo-place-data-centre,appendix-c4-sepp-33-preliminary-risk-screening-206
apollo-place-data-centre,appendix-c8-statement-amendments-206
apollo-place-data-centre,request-rts-letter-ssd-67407231-44
apollo-place-data-centre,ssd-ssi-notice-exhibition-letter-neighbouring-landow-16861
apollo-place-data-centre,ssd-ssi-exhibition-and-reexhibition-advertisement17102024-53
apollo-place-data-centre,re-apollo-place-data-centressd-67407231-40
apollo-place-data-centre,advice-eis-epa-1423
apollo-place-data-centre,advice-eis-bcs-1085
apollo-place-data-centre,advice-eis-npws-267
apollo-place-data-centre,advice-eis-hnsw-ach-879
apollo-place-data-centre,advice-eis-hnsw-eh-137
apollo-place-data-centre,advice-eis-frnsw-1050
apollo-place-data-centre,advice-eis-tfnsw-2540
apollo-place-data-centre,advice-eis-ausgrid-175
apollo-place-data-centre,ssd-67407231-departments-comments-eis-43
apollo-place-data-centre,appendix-c10-amended-visual-impact-assessment-171
apollo-place-data-centre,appendix-c9-amended-architectural-plans-207
apollo-place-data-centre,appendix-c7-arup-technical-note-207
apollo-place-data-centre,appendix-c1-amended-traffic-impact-assessment-218
apollo-place-data-centre,appendix-c12-amended-civil-plans-65
apollo-place-data-centre,appendix-c31-nvia-technical-note-171
apollo-place-data-centre,appendix-c6-air-quality-impact-assessment-171
apollo-place-data-centre,appendix-c33-supplementary-nv-technical-note-2-29
apollo-place-data-centre,appendix-c32-supplementary-nv-technical-note-1-171
apollo-place-data-centre,appendix-c34-supplementary-nv-technical-note-3-29
apollo-place-data-centre,appendix-c5-detailed-ghg-assessment-and-mitigation-plan-207
apollo-place-data-centre,submissions-report-apollo-place-data-centre-070525-60
apollo-place-data-centre,appendix-c2-updated-clause-46-variation-request-207
apollo-place-data-centre,appendix-c11-nsw-dphi-request-rts-correspondence-65
apollo-place-data-centre,appendix-c4-sepp-33-preliminary-risk-screening-207
apollo-place-data-centre,appendix-c8-statement-amendments-207
apollo-place-data-centre,appendix-c35-supplementary-nv-technical-note-4-29
apollo-place-data-centre,rfi-appendix-3-architectural-plans-21
apollo-place-data-centre,rfi-appendix-1-rfi-13052025-21
apollo-place-data-centre,rfi-appendix-5-amended-visual-impact-assessment-21
apollo-place-data-centre,rfi-appendix-4-amended-landscape-plans-21
apollo-place-data-centre,rfi-appendix-6-nvia-response-updated-16-june-2025-21
apollo-place-data-centre,rfi-response-letter-190625-21
apollo-place-data-centre,rfi-appendix-2-clause-46-variation-request-180625-v6-21
apollo-place-data-centre,request-additional-information-13052025-26
apollo-place-data-centre,apdc-lc-council-22
apollo-place-data-centre,appendix-c2-updated-clause-46-variation-request-208
apollo-place-data-centre,appendix-c35-supplementary-noise-vibration-tn-4-141
apollo-place-data-centre,appendix-c34-supplementary-noise-vibration-tn-3-141
apollo-place-data-centre,appendix-c4-sepp-33-preliminary-risk-screening-208
apollo-place-data-centre,appendix-c33-supplementary-noise-vibration-tn-2-141
apollo-place-data-centre,appendix-c32-supplementary-nv-technical-note-1-172
apollo-place-data-centre,appendix-c8-statement-amendments-208
apollo-place-data-centre,appendix-c5-detailed-ghg-assessment-and-mitigation-plan-208
apollo-place-data-centre,appendix-c31-nvia-technical-note-172
apollo-place-data-centre,appendix-c1-amended-traffic-impact-assessment-219
apollo-place-data-centre,appendix-c6-air-quality-impact-assessment-172
apollo-place-data-centre,appendix-c7-arup-technical-note-208
apollo-place-data-centre,appendix-c9-amended-architectural-plans-208
apollo-place-data-centre,appendix-c10-amended-visual-impact-assessment-172
apollo-place-data-centre,advice-rts-npws-98
apollo-place-data-centre,appendix-c2-updated-clause-46-variation-request-209
apollo-place-data-centre,appendix-c35-supplementary-noise-vibration-tn-4-142
apollo-place-data-centre,appendix-c34-supplementary-noise-vibration-tn-3-142
apollo-place-data-centre,appendix-c4-sepp-33-preliminary-risk-screening-209
apollo-place-data-centre,appendix-c33-supplementary-noise-vibration-tn-2-142
apollo-place-data-centre,appendix-c32-supplementary-nv-technical-note-1-173
apollo-place-data-centre,appendix-c8-statement-amendments-209
apollo-place-data-centre,appendix-c5-detailed-ghg-assessment-and-mitigation-plan-209
apollo-place-data-centre,appendix-c31-nvia-technical-note-173
apollo-place-data-centre,appendix-c1-amended-traffic-impact-assessment-220
apollo-place-data-centre,appendix-c6-air-quality-impact-assessment-173
apollo-place-data-centre,appendix-c7-arup-technical-note-209
apollo-place-data-centre,appendix-c9-amended-architectural-plans-209
apollo-place-data-centre,appendix-c10-amended-visual-impact-assessment-173
apollo-place-data-centre,advice-rts-cphr-188
apollo-place-data-centre,appendix-c2-updated-clause-46-variation-request-210
apollo-place-data-centre,appendix-c35-supplementary-noise-vibration-tn-4-143
apollo-place-data-centre,appendix-c34-supplementary-noise-vibration-tn-3-143
apollo-place-data-centre,appendix-c4-sepp-33-preliminary-risk-screening-210
apollo-place-data-centre,appendix-c33-supplementary-noise-vibration-tn-2-143
apollo-place-data-centre,appendix-c32-supplementary-nv-technical-note-1-174
apollo-place-data-centre,appendix-c8-statement-amendments-210
apollo-place-data-centre,appendix-c5-detailed-ghg-assessment-and-mitigation-plan-210
apollo-place-data-centre,appendix-c31-nvia-technical-note-174
apollo-place-data-centre,appendix-c1-amended-traffic-impact-assessment-221
apollo-place-data-centre,appendix-c6-air-quality-impact-assessment-174
apollo-place-data-centre,appendix-c7-arup-technical-note-210
apollo-place-data-centre,appendix-c9-amended-architectural-plans-210
apollo-place-data-centre,appendix-c10-amended-visual-impact-assessment-174
apollo-place-data-centre,advice-rts-tfnsw-745
apollo-place-data-centre,appendix-c2-updated-clause-46-variation-request-211
apollo-place-data-centre,appendix-c35-supplementary-noise-vibration-tn-4-144
apollo-place-data-centre,appendix-c34-supplementary-noise-vibration-tn-3-144
apollo-place-data-centre,appendix-c4-sepp-33-preliminary-risk-screening-211
apollo-place-data-centre,appendix-c33-supplementary-noise-vibration-tn-2-144
apollo-place-data-centre,appendix-c32-supplementary-nv-technical-note-1-175
apollo-place-data-centre,appendix-c8-statement-amendments-211
apollo-place-data-centre,appendix-c5-detailed-ghg-assessment-and-mitigation-plan-211
apollo-place-data-centre,appendix-c31-nvia-technical-note-175
apollo-place-data-centre,appendix-c1-amended-traffic-impact-assessment-222
apollo-place-data-centre,appendix-c6-air-quality-impact-assessment-175
apollo-place-data-centre,appendix-c7-arup-technical-note-211
apollo-place-data-centre,appendix-c9-amended-architectural-plans-211
apollo-place-data-centre,appendix-c10-amended-visual-impact-assessment-175
apollo-place-data-centre,advice-rts-epa-547
apollo-place-data-centre,appendix-c2-updated-clause-46-variation-request-212
apollo-place-data-centre,appendix-c35-supplementary-noise-vibration-tn-4-145
apollo-place-data-centre,appendix-c34-supplementary-noise-vibration-tn-3-145
apollo-place-data-centre,appendix-c4-sepp-33-preliminary-risk-screening-212
apollo-place-data-centre,appendix-c33-supplementary-noise-vibration-tn-2-145
apollo-place-data-centre,appendix-c32-supplementary-nv-technical-note-1-176
apollo-place-data-centre,appendix-c8-statement-amendments-212
apollo-place-data-centre,appendix-c5-detailed-ghg-assessment-and-mitigation-plan-212
apollo-place-data-centre,appendix-c31-nvia-technical-note-176
apollo-place-data-centre,appendix-c1-amended-traffic-impact-assessment-223
apollo-place-data-centre,appendix-c6-air-quality-impact-assessment-176
apollo-place-data-centre,appendix-c7-arup-technical-note-212
apollo-place-data-centre,appendix-c9-amended-architectural-plans-212
apollo-place-data-centre,appendix-c10-amended-visual-impact-assessment-176
apollo-place-data-centre,appendix-1-frnsw-email-14
apollo-place-data-centre,appendix-2-addendum-noise-assessment-14
apollo-place-data-centre,wtj23-619-response-dphi-15
apollo-place-data-centre,request-additional-information-240625-20
apollo-place-data-centre,advice-rts-frnsw-303
apollo-place-data-centre,advice-rts-rfs-88
apollo-place-data-centre,appendix-2-management-and-mitigation-measures-58
apollo-place-data-centre,july-2025-response-appendix-1-8
apollo-place-data-centre,wtj23-619-response-dphi-july-2025-8
apollo-place-data-centre,request-additional-information-18072025-10
apollo-place-data-centre,apdc-conditions-response-1
apollo-place-data-centre,apdc-email-response-2
apollo-place-data-centre,frn243116-bfs254315-8000043504-d2574421-apdc-3
apollo-place-data-centre,ssd-67407231-draft-condition-response-3
apollo-place-data-centre,ssd-instrument-consent-draft-apdc-6
apollo-place-data-centre,rfi-request-comment-draft-conditions-ssd-67407231-6
augusta-street-data-centre,issued-sears29062020025508-0
augusta-street-data-centre,da-withdrawal-letter-0
augusta-street-data-centre,reduced-fee-breakdown-amountsfee-28566919-0
augusta-street-data-centre,credit-note-no-21001631-ssd-10469-0
augusta-street-data-centre,syd3-letter-dpie-250821-0
augusta-street-data-centre,swc-response-ssd-10469-0
augusta-street-data-centre,frnsw-comments-augusta-st-data-centre-0
augusta-street-data-centre,crown-lands-augusta-st-data-centre-0
augusta-street-data-centre,rfs-comments-augusta-street-data-centre-0
augusta-street-data-centre,appendix-32-swept-paths-analysis-0
augusta-street-data-centre,appendix-31-community-consultation-report-0
augusta-street-data-centre,appendix-30-huntingwood-precinct-dcp-0
augusta-street-data-centre,appendix-29-fire-engineering-letter-support-0
augusta-street-data-centre,appendix-28-bca-report-181
augusta-street-data-centre,appendix-27-sepp-33-report-0
augusta-street-data-centre,appendix-26-bushfire-impact-assessment-0
augusta-street-data-centre,appendix-25-waste-management-report-0
augusta-street-data-centre,appendix-24-esd-and-energy-report-0
augusta-street-data-centre,appendix-23-ach-due-dilligence-0
augusta-street-data-centre,appendix-22-ach-letter-support-0
augusta-street-data-centre,appendix-21-historical-heritage-impact-statement-6
augusta-street-data-centre,appendix-20-noise-impact-assessment-0
augusta-street-data-centre,appendix-19-air-quality-impact-assessment-2
augusta-street-data-centre,appendix-18-flora-and-fauna-management-plan-0
augusta-street-data-centre,appendix-17-bdar-84
augusta-street-data-centre,appendix-16-tree-impact-assessment-0
augusta-street-data-centre,appendix-15-traffic-impact-assessment-3
augusta-street-data-centre,appendix-14-site-assessment-phase-2-0
augusta-street-data-centre,appendix-13-site-investigation-phase-1-0
augusta-street-data-centre,appendix-12-salinity-assessment-report-0
augusta-street-data-centre,appendix-11-geotechnical-report-2
augusta-street-data-centre,appendix-10-flood-evacuation-report-0
augusta-street-data-centre,appendix-9-flood-impact-assessment-0
augusta-street-data-centre,appendix-8-civil-engineering-design-0
augusta-street-data-centre,appendix-7-lvia-1
augusta-street-data-centre,appendix-6-landscape-plans-design-report-0
augusta-street-data-centre,appendix-5-architectural-plans-102
augusta-street-data-centre,appendix-4-subdivision-plan-6
augusta-street-data-centre,appendix-3-survey-plan-229
augusta-street-data-centre,appendix-1-sears-1458
augusta-street-data-centre,application20200916034515-0
augusta-street-data-centre,eis-augusta-street-blacktown-0
augusta-street-data-centre,appendix-2-quantity-surveyors-report-267
augusta-street-data-centre,issued-sears-cover-letter29062020025509-0
augusta-street-data-centre,endeavour-energy-sears-ssd-10469-0
augusta-street-data-centre,rfs-advice-sears-1444
augusta-street-data-centre,100214-htwe-da03-003-f-0
augusta-street-data-centre,scoping-meeting-request20200507052733-0
augusta-street-data-centre,scoping-details-pdf-23221
augusta-street-data-centre,sears-request-augusta-street-blacktownfinal-0
augusta-street-data-centre,appendix-1-preliminary-architectural-plans-779
augusta-street-data-centre,appendix-2-preliminary-cost-report-185
augusta-street-data-centre,appendix-3-draft-plan-subdivision-0
augusta-street-data-centre,request-sears20200604002756-0
augusta-street-data-centre,response-sears-246
augusta-street-data-centre,epa-sears-ssd-10469-0
augusta-street-data-centre,scanned-signed-letter-ssd-10469docx-0
augusta-street-data-centre,dpie-water-response-3125
augusta-street-data-centre,tfnsw-response-ssd10469-sears-augusta-st-centre-0
augusta-street-data-centre,receipt-22046960-ssd-10469-psims-0
augusta-street-data-centre,ssd-10469-invoice-22046960-psims-0
augusta-street-data-centre,fee-breakdown20200923004305-0
augusta-street-data-centre,request-rts28102020042836-0
augusta-street-data-centre,notice-exhibition28092020080801-0
augusta-street-data-centre,20201027125136459-1
augusta-street-data-centre,epa-response-3142
augusta-street-data-centre,signed-letter-ssd10469docx-1
augusta-street-data-centre,tfnsw-response-ssd10469-eis-augusta-st-data-centre-1
augusta-street-data-centre,dpie-water-augusta-street-blacktown-data-centre-1
augusta-street-data-centre,epa-response-revised-air-and-noise-assessments-0
augusta-street-data-centre,appendix-8-noise-impact-assessment-71
augusta-street-data-centre,appendix-9-air-quality-impact-assessment-3
augusta-street-data-centre,signed-letter-ssd-10469docx-0
augusta-street-data-centre,appendix-14-flood-impact-assessment-1
augusta-street-data-centre,tfnsw-response-ssd-10469-rts-augusta-st-data-0
augusta-street-data-centre,augusta-street-blacktown-rts-draft-0
augusta-street-data-centre,appendix-7-tia-letter-support-0
augusta-street-data-centre,receipt-22051642-ssd-10469-psims-0
augusta-street-data-centre,invoice-22051642-ssd-10469-psims-reduced-fees-0
augusta-street-data-centre,fee-breakdown20210922234432-0
augusta-street-data-centre,briefing-note-departmental-163
brookhollow-avenue-data-centre-expansion-norwest,request-sears20250401225821-11
brookhollow-avenue-data-centre-expansion-norwest,a32-waste-management-plan
brookhollow-avenue-data-centre-expansion-norwest,a42-ass-report
brookhollow-avenue-data-centre-expansion-norwest,a30-detailed-site-investigation
brookhollow-avenue-data-centre-expansion-norwest,a23-gia
brookhollow-avenue-data-centre-expansion-norwest,a33-achar-redacted
brookhollow-avenue-data-centre-expansion-norwest,a27-geotechnical-report
brookhollow-avenue-data-centre-expansion-norwest,a43-archaeological-technical-report
brookhollow-avenue-data-centre-expansion-norwest,a19-bdar
brookhollow-avenue-data-centre-expansion-norwest,a34-sohi
brookhollow-avenue-data-centre-expansion-norwest,a22-noise-and-vibration-assessment
brookhollow-avenue-data-centre-expansion-norwest,a25-civil-plans
brookhollow-avenue-data-centre-expansion-norwest,a28-preliminary-hazards-and-risks-assessment
brookhollow-avenue-data-centre-expansion-norwest,a21-aqia
brookhollow-avenue-data-centre-expansion-norwest,a41-access-report
brookhollow-avenue-data-centre-expansion-norwest,a35-cwc-report
brookhollow-avenue-data-centre-expansion-norwest,a29-infrastructure-requirements-and-utilities
brookhollow-avenue-data-centre-expansion-norwest,a40-fire-engineering-assessment
brookhollow-avenue-data-centre-expansion-norwest,a31-ltemp
brookhollow-avenue-data-centre-expansion-norwest,a38-construction-phasing-plan
brookhollow-avenue-data-centre-expansion-norwest,a26-flood-assessment-report
brookhollow-avenue-data-centre-expansion-norwest,a37-sia
brookhollow-avenue-data-centre-expansion-norwest,a36-engagement-report
brookhollow-avenue-data-centre-expansion-norwest,a24-water-management-report
brookhollow-avenue-data-centre-expansion-norwest,a39-bca-assessment
brookhollow-avenue-data-centre-expansion-norwest,a20-back-power
brookhollow-avenue-data-centre-expansion-norwest,a8-architectural-plans
brookhollow-avenue-data-centre-expansion-norwest,a10-visual-impact-assessment
brookhollow-avenue-data-centre-expansion-norwest,a11-landscape-masterplan-report
brookhollow-avenue-data-centre-expansion-norwest,a9-architectural-design-report
brookhollow-avenue-data-centre-expansion-norwest,a13-arboriculture-impact-assessment
brookhollow-avenue-data-centre-expansion-norwest,a12-landscape-plans
brookhollow-avenue-data-centre-expansion-norwest,a14-traffic-report
brookhollow-avenue-data-centre-expansion-norwest,a17-esd-assessment
brookhollow-avenue-data-centre-expansion-norwest,a15-preliminary-ctmp
brookhollow-avenue-data-centre-expansion-norwest,a16-green-travel-plan
brookhollow-avenue-data-centre-expansion-norwest,a6a-site-survey
brookhollow-avenue-data-centre-expansion-norwest,a6b-site-survey-utility
brookhollow-avenue-data-centre-expansion-norwest,a4-clause-46-variation
brookhollow-avenue-data-centre-expansion-norwest,a5-thdcp-2012-assessment
brookhollow-avenue-data-centre-expansion-norwest,a3-mitigation-measures-73
brookhollow-avenue-data-centre-expansion-norwest,a2-statutory-compliance-table-129
brookhollow-avenue-data-centre-expansion-norwest,a1-sears-table-198
brookhollow-avenue-data-centre-expansion-norwest,eis-3-brookhollow-avenue-norwest
brookhollow-avenue-data-centre-expansion-norwest,a18-embodied-emissions-form
brookhollow-avenue-data-centre-expansion-norwest,edc-report-annexures-and-b-cic
brookhollow-avenue-data-centre-expansion-norwest,a7-edc-report-3-brookhollow-avenue-norwest
brookhollow-avenue-data-centre-expansion-norwest,sydney-water-advice-eis-1421
brookhollow-avenue-data-centre-expansion-norwest,ssd-81928961-exhibition-noticem-733344
brookhollow-avenue-data-centre-expansion-norwest,application20260624005332
brookhollow-avenue-data-centre-expansion-norwest,site-plan-3-brookhollow-avenue-norwest-0
brookhollow-avenue-data-centre-expansion-norwest,asic-certificate-project-garden-1-pty-ltd-executed
brookhollow-avenue-data-centre-expansion-norwest,owners-consent-project-garden-1-pty-ltd-executed-0
brookhollow-avenue-data-centre-expansion-norwest,ssd-sears-industry-specific-cover-letter-6315
brookhollow-avenue-data-centre-expansion-norwest,industry-specific-sears-data-storage-centres-554
brookhollow-avenue-data-centre-expansion-norwest,sears-request-3-brookhollow-avenue-norwestfor-issue-11
brookhollow-avenue-data-centre-expansion-norwest,a1-architectural-plans-3-brookhollow-avenue-norwest-11
brookhollow-avenue-data-centre-expansion-norwest,ssd-81928961-receipt-4000007912
brookhollow-avenue-data-centre-expansion-norwest,ssd-81928961tax-invoice4000007912
brookhollow-avenue-data-centre-expansion-norwest,fee-breakdown20260630071006
brookhollow-avenue-data-centre-expansion-norwest,approved-fee20260630033836
brookhollow-avenue-data-centre-expansion-norwest,request-rts-letter-14024
brookhollow-avenue-data-centre-expansion-norwest,ssd-81928961-council-submission-0
brookhollow-avenue-data-centre-expansion-norwest,epa-response-eis-brookhollow-avenue-data-centre
brookhollow-avenue-data-centre-expansion-norwest,tfnsw-response-syd25-01213-02
brookhollow-avenue-data-centre-expansion-norwest,letter-out-ssd-81928961
brookhollow-avenue-data-centre-expansion-norwest,brookhollow-ave-data-centre-expansion
brookhollow-avenue-data-centre-expansion-norwest,hnsw-major-projects-dca-3
brookhollow-avenue-data-centre-expansion-norwest,mcef-response-brookhollowssd-81928961
brookhollow-avenue-data-centre-expansion-norwest,dca-technical-advisory-template1784100834
brookhollow-avenue-data-centre-expansion-norwest,request-formal-dca-advice-form-27
brookhollow-avenue-data-centre-expansion-norwest,eis-ga-letter
brookhollow-avenue-data-centre-expansion-norwest,request-gansw-advice-templatev2-94
davis-rd-data-centre-mod-1-tree-removal-correction,appendix-g-landscape-package-part-2-9
davis-rd-data-centre-mod-1-tree-removal-correction,appendix-g-landscape-package-part-1-9
davis-rd-data-centre-mod-1-tree-removal-correction,appendix-b-landscape-plan-part-3-9
davis-rd-data-centre-mod-1-tree-removal-correction,appendix-b-landscape-plan-part-2-9
davis-rd-data-centre-mod-1-tree-removal-correction,appendix-b-landscape-plan-part-1-9
davis-rd-data-centre-mod-1-tree-removal-correction,consolidated-conditions-holder-blank-381
davis-rd-data-centre-mod-1-tree-removal-correction,appendix-f-bdar-july-2025-13
davis-rd-data-centre-mod-1-tree-removal-correction,assessment-report-4636
davis-rd-data-centre-mod-1-tree-removal-correction,appendix-d-landscape-design-report-330
davis-rd-data-centre-mod-1-tree-removal-correction,appendix-c-bdar-august-2024-13
davis-rd-data-centre-mod-1-tree-removal-correction,appendix-response-submissions-report-45
davis-rd-data-centre-mod-1-tree-removal-correction,section-4551a-modification-report-336
davis-rd-data-centre-mod-1-tree-removal-correction,ssd-59416728-mod-1-letter-submitter
davis-rd-data-centre-mod-1-tree-removal-correction,ssd-59416728-mod-1-letter-submitter-0
davis-rd-data-centre-mod-1-tree-removal-correction,ssd-59416728-mod-1-notice-determination-not-required
davis-rd-data-centre-mod-1-tree-removal-correction,ssd-59416728-mod-1-letter-applicant
davis-rd-data-centre-mod-1-tree-removal-correction,consolidated-conditions-900
davis-rd-data-centre-mod-1-tree-removal-correction,instrument-consent-365
davis-rd-data-centre-mod-1-tree-removal-correction,modification-application20250714063727-15
davis-rd-data-centre-mod-1-tree-removal-correction,appendix-response-submissions-report-46
davis-rd-data-centre-mod-1-tree-removal-correction,appendix-e-land-owners-consent-45
davis-rd-data-centre-mod-1-tree-removal-correction,appendix-response-submissions-report-47
davis-rd-data-centre-mod-1-tree-removal-correction,appendix-e-land-owners-consent-46
davis-rd-data-centre-mod-1-tree-removal-correction,appendix-c-biodiversity-development-assessment-report-87
davis-rd-data-centre-mod-1-tree-removal-correction,appendix-f-bdar-497
davis-rd-data-centre-mod-1-tree-removal-correction,section-4551a-3-davis-road-wetherill-park-19
davis-rd-data-centre-mod-1-tree-removal-correction,appendix-d-landscape-design-report-331
davis-rd-data-centre-mod-1-tree-removal-correction,appendix-b-landscape-plan-previously-appendix-d4-15
davis-rd-data-centre-mod-1-tree-removal-correction,appendix-g-landscape-package-15
davis-rd-data-centre-mod-1-tree-removal-correction,ssd-59416728-mod-1-receipt-4000004404-9
davis-rd-data-centre-mod-1-tree-removal-correction,ssd-59416728-mod-1invoice4000004404-10
davis-rd-data-centre-mod-1-tree-removal-correction,fee-breakdown20250716054914-12
davis-rd-data-centre-mod-1-tree-removal-correction,approved-fee20250716002942-12
davis-rd-data-centre-mod-1-tree-removal-correction,cphr-mod-1-tree-removal-correction-ssd-59416728-mod-1-6
davis-rd-data-centre-mod-1-tree-removal-correction,fcc-submission-dphi-7
davis-road-data-centre-cundall,environmental-impact-statement-davis-road-data-centre-61
davis-road-data-centre-cundall,appendix-1-sears-1661
davis-road-data-centre-cundall,appendix-2-cost-summary-report-205
davis-road-data-centre-cundall,appendix-3-title-documents-310
davis-road-data-centre-cundall,wtj23-204-sears-request-3-davis-road-wetherill-park-v3-76
davis-road-data-centre-cundall,appendix-5-desgin-report-57
davis-road-data-centre-cundall,request-sears20230621001010-76
davis-road-data-centre-cundall,appendix-6-survey-plan-154
davis-road-data-centre-cundall,appendix-7-bca-compliance-report-61
davis-road-data-centre-cundall,appendix-8-accessibility-report-154
davis-road-data-centre-cundall,appendix-9-visual-impact-assessment-62
davis-road-data-centre-cundall,appendix-10-traffic-and-transport-technical-report-61
davis-road-data-centre-cundall,appendix-11-landscape-plan-128
davis-road-data-centre-cundall,appendix-12-esd-report-190
davis-road-data-centre-cundall,appendix-13-bdar-195
davis-road-data-centre-cundall,appendix-14-air-quality-impact-assessment-62
davis-road-data-centre-cundall,appendix-15-noise-and-vibration-impact-assessment-61
davis-road-data-centre-cundall,appendix-16-geotechnical-assessment-61
davis-road-data-centre-cundall,appendix-17-groundwater-impact-assessment-61
davis-road-data-centre-cundall,appendix-18-salinity-management-plan-61
davis-road-data-centre-cundall,appendix-19-civil-engineering-report-128
davis-road-data-centre-cundall,appendix-20-preliminary-risk-screening-61
davis-road-data-centre-cundall,appendix-21-remediation-action-plan-63
davis-road-data-centre-cundall,appendix-22-waste-managment-plan-61
davis-road-data-centre-cundall,appendix-23-aboriginal-cultural-heritage-assessment-61
davis-road-data-centre-cundall,appendix-24-social-impact-assessment-67
davis-road-data-centre-cundall,appendix-25-service-infastructure-assessment-61
davis-road-data-centre-cundall,appendix-26-engagement-report-61
davis-road-data-centre-cundall,appendix-27-phase-1-environmental-investigation-61
davis-road-data-centre-cundall,appendix-28-phase-2-environmental-investigation-61
davis-road-data-centre-cundall,appendix-29-fdcp-assessment-61
davis-road-data-centre-cundall,appendix-30-embodied-emissions-materials-form-61
davis-road-data-centre-cundall,signed-determination-instrument-davis-road-data-centre-1
davis-road-data-centre-cundall,signed-ssd-ssi-assessment-report-12
davis-road-data-centre-cundall,ssd-notice-decision-291
davis-road-data-centre-cundall,ssd-59416728-letter-applicant
davis-road-data-centre-cundall,ssd-59416728-notice-determination-not-required
davis-road-data-centre-cundall,ssd-59416728-letter-submitter
davis-road-data-centre-cundall,signed-determination-instrument-2
davis-road-data-centre-cundall,determination-instrument-ssd-59416728-1
davis-road-data-centre-cundall,bcs-advice-rfi-davis-road-data-centre-12
davis-road-data-centre-cundall,swc-response-davis-road-data-centre-58
davis-road-data-centre-cundall,swc-response-davis-road-data-centre-59
davis-road-data-centre-cundall,appendix-4-architectural-plans-430
davis-road-data-centre-cundall,ssd-59416728-exhibition-notice-46
davis-road-data-centre-cundall,application20240225232338-56
davis-road-data-centre-cundall,issued-reject-eis-2839
davis-road-data-centre-cundall,issued-reject-eis-2840
davis-road-data-centre-cundall,application20240208065951-60
davis-road-data-centre-cundall,gis-data-3727
davis-road-data-centre-cundall,land-owners-consent-letter-226
davis-road-data-centre-cundall,asics-certificate-amazon-corporate-services-pty-ltd-62
davis-road-data-centre-cundall,sears-requirements-176
davis-road-data-centre-cundall,sears-cover-letter-4855
davis-road-data-centre-cundall,appendix-1-concept-plans-711
davis-road-data-centre-cundall,site-map-3955
davis-road-data-centre-cundall,ssd-59416728-receipt-22061736-psims-51
davis-road-data-centre-cundall,ssd-59416728-invoice-22061736-psims-53
davis-road-data-centre-cundall,fee-breakdown20240227005249-54
davis-road-data-centre-cundall,approved-fee20240226015906-54
davis-road-data-centre-cundall,appendix-d17-landscape-design-report-24
davis-road-data-centre-cundall,appendix-d9-stormwater-plans-24
davis-road-data-centre-cundall,appendix-d19-tree-removal-comparison-plan-24
davis-road-data-centre-cundall,appendix-d1-architectural-drawings-public-24
davis-road-data-centre-cundall,appendix-d7-air-quality-impact-assessment-61
davis-road-data-centre-cundall,appendix-d4-landscape-plan-24
davis-road-data-centre-cundall,appendix-d3-traffic-and-accessibility-impact-assessment-24
davis-road-data-centre-cundall,appendix-d2-design-report-64
davis-road-data-centre-cundall,wtj23-204-response-submissions-report-24
davis-road-data-centre-cundall,appendix-d14-hazards-and-risks-report-24
davis-road-data-centre-cundall,appendix-d8-noise-and-vibration-impact-assessment-61
davis-road-data-centre-cundall,appendix-d15-earthworks-plan-24
davis-road-data-centre-cundall,appendix-d6-bdar-24
davis-road-data-centre-cundall,appendix-d11-demolition-plan-24
davis-road-data-centre-cundall,appendix-d5-esd-report-24
davis-road-data-centre-cundall,appendix-d10-section-73-application-24
davis-road-data-centre-cundall,response-submissions-matrix-24
davis-road-data-centre-cundall,appendix-d18-council-meeting-minutes-24
davis-road-data-centre-cundall,appendix-d12-signage-and-line-marking-plan-24
davis-road-data-centre-cundall,appendix-d13-jemena-meeting-minutes-24
davis-road-data-centre-cundall,appendix-d16-staff-roster-24
davis-road-data-centre-cundall,request-rts-letter-9503
davis-road-data-centre-cundall,ssd-ssi-notice-exhibition-letter-neighbouring-landow-8732
davis-road-data-centre-cundall,ssd-ssi-exhibition-and-reexhibition-advertisement19032024-71
davis-road-data-centre-cundall,fcc-submission-dphi-ssd-59416728-19042024-33
davis-road-data-centre-cundall,nsw-dcceew-water-group-response-1270
davis-road-data-centre-cundall,epa-no-comment-letter-davis-road-data-centre-35
davis-road-data-centre-cundall,bcs-response-davis-road-eis-24-april-2024-31
davis-road-data-centre-cundall,no-comment-letterappid6060-42
davis-road-data-centre-cundall,hms-6060-43
davis-road-data-centre-cundall,letter-out-davis-road-data-centre-response-eis-45
davis-road-data-centre-cundall,tfnsw-response-ssd-59416728-44
davis-road-data-centre-cundall,fcc-submission-dphi-rts-ssd-59416728-20092024-20
davis-road-data-centre-cundall,bcs-advice-rts-davis-road-data-centre-ssd-59416728-16
davis-road-data-centre-cundall,tfnsw-response-syd24-00593-02-22
davis-road-data-centre-cundall,davis-road-data-centre-cundall-ssd-59416728-21
davis-road-data-centre-cundall,response-additional-bcs-comments-rfi-dated-23-sep-14
davis-road-data-centre-cundall,appendix-1-updated-site-plan-rfi-dated-23-sep-14
davis-road-data-centre-cundall,response-additional-council-comments-rfi-dated-23-sep-14
davis-road-data-centre-cundall,request-additional-information-9713
davis-road-data-centre-cundall,rfi-response-council-30
davis-road-data-centre-cundall,rfi-response-bcs-30
davis-road-data-centre-cundall,appendix-1-updated-site-plan-30
davis-road-data-centre-cundall,fcc-submission-dphi-rfi-related-rts-ssd-59416728-20
davis-road-data-centre-cundall,rfi-response-council-31
davis-road-data-centre-cundall,rfi-response-bcs-31
davis-road-data-centre-cundall,appendix-1-updated-site-plan-31
davis-road-data-centre-cundall,node/91209501
davis-road-data-centre-cundall,rfi-request-comment-draft-conditions-2667
davis-road-data-centre-cundall,draft-determination-instrument-davis-road-data-centre-14
davis-road-data-centre-cundall,response-agency-comments-dated-8-november-2024-6
davis-road-data-centre-cundall,fcc-submission-dphi-rfi-related-rts-ssd-59416728-21
davis-road-data-centre-cundall,bcs-advice-davis-road-data-centrecundall-8
davis-road-data-centre-cundall,request-additional-information-9714
davis-road-data-centre-cundall,fcc-submission-dphi-rfi-related-rts-28nov2024-5
davis-road-data-centre-cundall,response-additional-agency-comments-81124-14
davis-road-data-centre-cundall,bcs-additional-rts-davis-rd-data-centre-ssd59416728l-4
davis-road-data-centre-cundall,response-additional-agency-comments-81124-15
dci-poplars-data-centre-project-0,dci-poplars-assessment-report-2
dci-poplars-data-centre-project-0,exhibition-canberra-airport-response-13
dci-poplars-data-centre-project-0,environmental-impact-statement-poplars-32
dci-poplars-data-centre-project-0,request-submissions-report-detailed-comments-15
dci-poplars-data-centre-project-0,exhibition-council-submission-14
dci-poplars-data-centre-project-0,appendix-aengagement-report-and-sears-33
dci-poplars-data-centre-project-0,dci-poplars-notice-decision-2
dci-poplars-data-centre-project-0,appendix-barchitectural-design-plans-11
dci-poplars-data-centre-project-0,dci-poplars-stamped-plans-2
dci-poplars-data-centre-project-0,appendix-clandscape-plans-90
dci-poplars-data-centre-project-0,exhibition-essential-energy-response-14
dci-poplars-data-centre-project-0,appendix-dsurvey-plans-33
dci-poplars-data-centre-project-0,scoping-reportnov23-157
dci-poplars-data-centre-project-0,appendix-ecivil-design-plans-and-stormwater-mgt-plan-33
dci-poplars-data-centre-project-0,request-sears20231102065933-101
dci-poplars-data-centre-project-0,appendix-farchitects-design-report-33
dci-poplars-data-centre-project-0,appendix-g1bca-compliance-assessment-33
dci-poplars-data-centre-project-0,appendix-g2accessibility-report-33
dci-poplars-data-centre-project-0,appendix-hinfrastructure-servicing-strategy-33
dci-poplars-data-centre-project-0,appendix-iesd-report-33
dci-poplars-data-centre-project-0,appendix-jembodied-emissions-form-33
dci-poplars-data-centre-project-0,appendix-kvisual-assessment-33
dci-poplars-data-centre-project-0,appendix-lgeotechnical-assessment-33
dci-poplars-data-centre-project-0,appendix-msite-contamination-assessment-33
dci-poplars-data-centre-project-0,appendix-nflood-assessment-33
dci-poplars-data-centre-project-0,appendix-onoise-assessment-33
dci-poplars-data-centre-project-0,appendix-pair-quality-assessment-33
dci-poplars-data-centre-project-0,appendix-raboriginal-heritage-assessment-33
dci-poplars-data-centre-project-0,appendix-straffic-assessment-33
dci-poplars-data-centre-project-0,appendix-twaste-management-plan-34
dci-poplars-data-centre-project-0,appendix-uhazards-assessment-33
dci-poplars-data-centre-project-0,appendix-vbushfire-assessment-33
dci-poplars-data-centre-project-0,appendix-wsocial-impact-assessment-193
dci-poplars-data-centre-project-0,appendix-qbdar-waiver-200
dci-poplars-data-centre-project-0,application20250222000610-33
dci-poplars-data-centre-project-0,xedc-report-confidential-33
dci-poplars-data-centre-project-0,appendix-xestimated-development-cost-report-33
dci-poplars-data-centre-project-0,dci-poplars-instrument-consent-2
dci-poplars-data-centre-project-0,ssd-64287712-letter-submitter-1
dci-poplars-data-centre-project-0,ssd-64287712-letter-applicant-1
dci-poplars-data-centre-project-0,ssd-64287712-notice-determination-not-required-1
dci-poplars-data-centre-project-0,sr-qp-council-advice-6
dci-poplars-data-centre-project-0,sr-canberra-airport-advice-6
dci-poplars-data-centre-project-0,ssd-64287712-exhibition-notice-27
dci-poplars-data-centre-project-0,xsite-locationgis-survey-33
dci-poplars-data-centre-project-0,xlandowners-consent-188
dci-poplars-data-centre-project-0,ssd-sears-industry-specific-cover-letter-5810
dci-poplars-data-centre-project-0,industry-specific-sears-data-storage-centres-604
dci-poplars-data-centre-project-0,appendix-bpreliminary-conceptual-site-planoct23-101
dci-poplars-data-centre-project-0,appendix-aapproved-estate-development-plans-147
dci-poplars-data-centre-project-0,ssd-64287712-receipt-4000003006-psims-30
dci-poplars-data-centre-project-0,ssd-64287712-invoice-4000003006-psims-30
dci-poplars-data-centre-project-0,fee-breakdown20250304033250-30
dci-poplars-data-centre-project-0,approved-fee20250224052101-33
dci-poplars-data-centre-project-0,request-submissions-report-initial-letter-22
dci-poplars-data-centre-project-0,submissions-report-final-1719
dci-poplars-data-centre-project-0,appendix-asubmissions-register-645
dci-poplars-data-centre-project-0,appendix-bupdated-mitigation-measures-294
dci-poplars-data-centre-project-0,appendix-crevised-infrastructure-servicing-strategy-9
dci-poplars-data-centre-project-0,appendix-drevised-esd-report-9
dci-poplars-data-centre-project-0,appendix-erevised-traffic-assessment-9
dci-poplars-data-centre-project-0,appendix-frevised-dangerous-goods-report-9
dci-poplars-data-centre-project-0,appendix-grap-consultation-9
dci-poplars-data-centre-project-0,appendix-hcasa-plume-rise-assessment-response-9
dci-poplars-data-centre-project-0,submissions-reportsuperceded-42
dci-poplars-data-centre-project-0,ssd-ssi-notice-exhibition-letter-neighbouring-landow-16266
dci-poplars-data-centre-project-0,ssd-ssi-exhibition-and-reexhibition-advertisement25032025-71
dci-poplars-data-centre-project-0,exhibition-dcceew-water-group-response-14
dci-poplars-data-centre-project-0,exhibition-frnsw-response-136
dci-poplars-data-centre-project-0,exhibition-heritage-nsw-response-134
dci-poplars-data-centre-project-0,exhibition-cphr-response-17
dci-poplars-data-centre-project-0,exhibition-tfnsw-response-127
dci-poplars-data-centre-project-0,exhibition-rfs-response-17
dci-poplars-data-centre-project-0,rfi-additional-information-regarding-plant-and-equipment-5
dci-poplars-data-centre-project-0,rfi-draft-conditions-58
dci-poplars-data-centre-project-0,ssd-instrument-consent-draft-2
dexus-estate-mod-7-data-centre-site-layout,statement-environmental-effects-649
dexus-estate-mod-7-data-centre-site-layout,consolidated-conditions-holder-mp080259
dexus-estate-mod-7-data-centre-site-layout,signed-modification-assessment-report-mp080259-mod-7
dexus-estate-mod-7-data-centre-site-layout,signed-modification-instrument-mp080259-mod-7
dexus-estate-mod-7-data-centre-site-layout,bca-assessment-41
dexus-estate-mod-7-data-centre-site-layout,architectural-plans-840
dexus-estate-mod-7-data-centre-site-layout,sepp-33-preliminary-risk-screening-28
dexus-estate-mod-7-data-centre-site-layout,noise-impact-assessment-83
dexus-estate-mod-7-data-centre-site-layout,modification-application20220506051622-26
dexus-estate-mod-7-data-centre-site-layout,modification-report-2927
dexus-estate-mod-7-data-centre-site-layout,bca-assessment-42
dexus-estate-mod-7-data-centre-site-layout,architectural-plans-841
dexus-estate-mod-7-data-centre-site-layout,mp080259-mod-7-receipt-22054387-psims-20
dexus-estate-mod-7-data-centre-site-layout,mp080259-mod-7-invoice-22054387-psims-23
dexus-estate-mod-7-data-centre-site-layout,fee-breakdown20220510234710-23
dexus-estate-mod-7-data-centre-site-layout,rfi-cover-letter-6-bellevue-crescent-pemulwuyfdcsresp-10
dexus-estate-mod-7-data-centre-site-layout,rfi-request-additional-information1-9
dexus-estate-mod-7-data-centre-site-layout,rfi-request-additional-information-742
dexus-estate-mod-7-data-centre-site-layout,signed-correspondence-department-5
dexus-estate-mod-7-data-centre-site-layout,rfi-cover-letter-6-bellevue-crescent-pemulwuyfdcsresp-11
dicker-data-warehouse-and-distribution-centre,scoping-report-62
dicker-data-warehouse-and-distribution-centre,aboriginal-cultural-heritage-assessmentpdf-2
dicker-data-warehouse-and-distribution-centre,remediation-action-plan-11
dicker-data-warehouse-and-distribution-centre,flood-study-report-1
dicker-data-warehouse-and-distribution-centre,historical-heritage-reportpdfpart1
dicker-data-warehouse-and-distribution-centre,sustainability-statement
dicker-data-warehouse-and-distribution-centre,traffic-impact-assessment-report-11
dicker-data-warehouse-and-distribution-centre,landscape-drawings-5
dicker-data-warehouse-and-distribution-centre,architectural-drawingspart1
dicker-data-warehouse-and-distribution-centre,biodiversity-development-assessment-report-9
dicker-data-warehouse-and-distribution-centre,architectural-drawingspart2
dicker-data-warehouse-and-distribution-centre,hydraulic-services-assessment
dicker-data-warehouse-and-distribution-centre,acid-sulphate-soil-investigation
dicker-data-warehouse-and-distribution-centre,noise-impact-assessment-23
dicker-data-warehouse-and-distribution-centre,environmental-impact-statement-37
dicker-data-warehouse-and-distribution-centre,emergency-response-plan
dicker-data-warehouse-and-distribution-centre,stormwater-management-plan-23
dicker-data-warehouse-and-distribution-centre,construction-waste-management-plan-5
dicker-data-warehouse-and-distribution-centre,stormwater-management-plans-2
dicker-data-warehouse-and-distribution-centre,bca-design-compliance-report
dicker-data-warehouse-and-distribution-centre,application-form-dicker-data-eis
dicker-data-warehouse-and-distribution-centre,historical-heritage-reportpdfpart2
dicker-data-warehouse-and-distribution-centre,ssd-8662-development-consent
dicker-data-warehouse-and-distribution-centre,arboricultural-impact-assessment-12
dicker-data-warehouse-and-distribution-centre,ssd-8662-assessment-report
dicker-data-warehouse-and-distribution-centre,operational-waste-management-plan-15
dicker-data-warehouse-and-distribution-centre,ssd-8662-stamped-plans
dicker-data-warehouse-and-distribution-centre,site-survey-20
dicker-data-warehouse-and-distribution-centre,ssd-8662-notice-decision
dicker-data-warehouse-and-distribution-centre,bushfire-protection-assessment-report-0
dicker-data-warehouse-and-distribution-centre,concept-earthworks-plan
dicker-data-warehouse-and-distribution-centre,building-services-return-brief-report
dicker-data-warehouse-and-distribution-centre,civ-cost-report-0
dicker-data-warehouse-and-distribution-centre,deposited-plans
dicker-data-warehouse-and-distribution-centre,plan-proposed-subdivision-2
dicker-data-warehouse-and-distribution-centre,auditor-report
dicker-data-warehouse-and-distribution-centre,20190412-ssd-8662-notice-decision
dicker-data-warehouse-and-distribution-centre,20190412-approved-dicker-data-warehouse-assessment-report
dicker-data-warehouse-and-distribution-centre,20190412-approved-development-consent-dicker-data
dicker-data-warehouse-and-distribution-centre,20190412-approved-stamped-plans
dicker-data-warehouse-and-distribution-centre,application20190319021117
dicker-data-warehouse-and-distribution-centre,application20190319020841
dicker-data-warehouse-and-distribution-centre,da-lodgement-consent-letter-feb18
dicker-data-warehouse-and-distribution-centre,da-lodgement-consent-letter-jul18
dicker-data-warehouse-and-distribution-centre,scoping-meeting-request20190319002027
dicker-data-warehouse-and-distribution-centre,flood-report-7
dicker-data-warehouse-and-distribution-centre,landscape-plans-79
dicker-data-warehouse-and-distribution-centre,stormwater-report-4
dicker-data-warehouse-and-distribution-centre,acid-sulphate-soils-management-plan-0
dicker-data-warehouse-and-distribution-centre,flood-diagrams
dicker-data-warehouse-and-distribution-centre,noise-report-1
dicker-data-warehouse-and-distribution-centre,section-j-report-11
dicker-data-warehouse-and-distribution-centre,remediation-action-plan-12
dicker-data-warehouse-and-distribution-centre,amended-architecturals
dicker-data-warehouse-and-distribution-centre,dicker-data-response-submissions-amended2
dicker-data-warehouse-and-distribution-centre,sydney-water-letter-0
dicker-data-warehouse-and-distribution-centre,wsp-letter
dicker-data-warehouse-and-distribution-centre,traffic-response
dicker-data-warehouse-and-distribution-centre,b165961-v2-sgssl-final-signed-ad-proof
dicker-data-warehouse-and-distribution-centre,determination-advertisement01052019101451
digico-syd1-data-centre-expansion,signed-ssd-ssi-assessment-report-18
digico-syd1-data-centre-expansion,environmental-impact-statement-14799
digico-syd1-data-centre-expansion,ssd-notice-decision-437
digico-syd1-data-centre-expansion,appendix-1-sears-table-337
digico-syd1-data-centre-expansion,signed-ssd-instrument-consent
digico-syd1-data-centre-expansion,appendix-2-statutory-compliance-table-705
digico-syd1-data-centre-expansion,stamped-plans-part-1-pages-1-20
digico-syd1-data-centre-expansion,appendix-3-mitigation-measures-157
digico-syd1-data-centre-expansion,stamped-plans-part-2-pages-21-32
digico-syd1-data-centre-expansion,appendix-4-engagement-report-45
digico-syd1-data-centre-expansion,appendix-5-dcp-compliance-table-45
digico-syd1-data-centre-expansion,project-specific-sears-scoping-report-86
digico-syd1-data-centre-expansion,appendix-6-site-survey-86
digico-syd1-data-centre-expansion,request-sears20240411015055-86
digico-syd1-data-centre-expansion,swc-advice-eis-154
digico-syd1-data-centre-expansion,appendix-7-architectural-plans-398
digico-syd1-data-centre-expansion,sydney-water-da-information-sheet-feb-2025-213
digico-syd1-data-centre-expansion,appendix-8-design-report-144
digico-syd1-data-centre-expansion,appendix-9-aboriginal-cultural-heritage-report-redacted-45
digico-syd1-data-centre-expansion,appendix-10-access-capability-statement-45
digico-syd1-data-centre-expansion,appendix-11-air-quality-impact-assessment-46
digico-syd1-data-centre-expansion,appendix-12-bca-capability-statement-165
digico-syd1-data-centre-expansion,appendix-13-bdar-waiver-request-97
digico-syd1-data-centre-expansion,appendix-14-bdar-waiver-79
digico-syd1-data-centre-expansion,appendix-15-connecting-country-framework-45
digico-syd1-data-centre-expansion,appendix-16-construction-demolition-waste-management-plan-44
digico-syd1-data-centre-expansion,appendix-17-construction-traffic-management-plan-45
digico-syd1-data-centre-expansion,appendix-18-dangerous-goods-report-45
digico-syd1-data-centre-expansion,appendix-19-ecologically-sustainable-design-report-45
digico-syd1-data-centre-expansion,appendix-20-environmental-wind-impact-report-90
digico-syd1-data-centre-expansion,appendix-21-environmental-wind-tunnel-study-90
digico-syd1-data-centre-expansion,appendix-22-flood-risk-assessment-report-90
digico-syd1-data-centre-expansion,appendix-23-geotechnical-desktop-assessment-report-90
digico-syd1-data-centre-expansion,appendix-24-green-travel-plan-90
digico-syd1-data-centre-expansion,appendix-25-historical-archaeological-assessment-138
digico-syd1-data-centre-expansion,appendix-26-landscape-report-122
digico-syd1-data-centre-expansion,appendix-27-nabers-embodied-emissions-materials-form-90
digico-syd1-data-centre-expansion,appendix-28-noise-and-vibration-impact-assessment-90
digico-syd1-data-centre-expansion,appendix-29-operational-waste-management-plan-copy-44
digico-syd1-data-centre-expansion,appendix-30-planning-certificates-45
digico-syd1-data-centre-expansion,appendix-31-preliminary-public-art-plan-45
digico-syd1-data-centre-expansion,appendix-32-preliminary-site-investigation-report-45
digico-syd1-data-centre-expansion,appendix-33-reflectivity-report-45
digico-syd1-data-centre-expansion,appendix-34-rh-sepp-assessment-report-45
digico-syd1-data-centre-expansion,appendix-35-social-impact-assessment-56
digico-syd1-data-centre-expansion,appendix-36-solar-access-report-45
digico-syd1-data-centre-expansion,appendix-37-statement-heritage-impact-45
digico-syd1-data-centre-expansion,appendix-38-stormwater-report-45
digico-syd1-data-centre-expansion,appendix-39-structural-report-45
digico-syd1-data-centre-expansion,appendix-40-traffic-impact-assessment-91
digico-syd1-data-centre-expansion,appendix-41-tree-management-plan-45
digico-syd1-data-centre-expansion,appendix-42-utility-services-report-45
digico-syd1-data-centre-expansion,appendix-43-visual-impact-assessment-92
digico-syd1-data-centre-expansion,appendix-44-tree-survey-45
digico-syd1-data-centre-expansion,application20250410074228-44
digico-syd1-data-centre-expansion,estimated-development-cost-470
digico-syd1-data-centre-expansion,appendix-9-achar-unredacted-45
digico-syd1-data-centre-expansion,edc-report-commercial-confidence-45
digico-syd1-data-centre-expansion,ssd-69637456-letter-applicant
digico-syd1-data-centre-expansion,ssd-69637456-notice-determination-not-required
digico-syd1-data-centre-expansion,ssd-69637456-letter-submitter
digico-syd1-data-centre-expansion,assessment-hnsw-ach-response-1
digico-syd1-data-centre-expansion,ssd-69637456-departments-comments-eis-18
digico-syd1-data-centre-expansion,ssd-69637456-exhibition-notice-34
digico-syd1-data-centre-expansion,gis-1397
digico-syd1-data-centre-expansion,environmental-impact-statement-400-harris-street-ultimo-45
digico-syd1-data-centre-expansion,appendix-1-sears-table-400-harris-street-ultimo-44
digico-syd1-data-centre-expansion,appendix-8-architectural-design-reportsuperceded-31
digico-syd1-data-centre-expansion,appendix-23-geotechnical-desktop-assessment-report-91
digico-syd1-data-centre-expansion,appendix-22-flood-risk-assessment-report-91
digico-syd1-data-centre-expansion,appendix-28-noise-and-vibration-impact-assessment-91
digico-syd1-data-centre-expansion,appendix-26-landscape-report-123
digico-syd1-data-centre-expansion,appendix-25-historical-archaeological-assessment-139
digico-syd1-data-centre-expansion,appendix-24-green-travel-plan-91
digico-syd1-data-centre-expansion,appendix-21-environmental-wind-tunnel-study-91
digico-syd1-data-centre-expansion,appendix-29-operational-waste-management-plan-45
digico-syd1-data-centre-expansion,appendix-20-environmental-wind-impact-report-91
digico-syd1-data-centre-expansion,appendix-27-nabers-embodied-emissions-materials-form-91
digico-syd1-data-centre-expansion,hdi-syd1-pty-limited-45
digico-syd1-data-centre-expansion,hdi-syd1-property-holdings-pty-limited-45
digico-syd1-data-centre-expansion,attachment-2-agency-advice-sears-312
digico-syd1-data-centre-expansion,ssd-issued-sears-ssd-69637456-72
digico-syd1-data-centre-expansion,ssd-issued-sears-cover-letter-ssd-69637456-72
digico-syd1-data-centre-expansion,site-context-map-390-422-harris-street-ultimo-86
digico-syd1-data-centre-expansion,aa-scoping-summary-table-86
digico-syd1-data-centre-expansion,ab-preliminary-architectural-plans-86
digico-syd1-data-centre-expansion,draft-sears-global-switch-sydney-data-centre-80
digico-syd1-data-centre-expansion,attachment-scoping-summary-table-601
digico-syd1-data-centre-expansion,attachment-b-preliminary-architectural-plans-303
digico-syd1-data-centre-expansion,20240430-tfnsw-response-75
digico-syd1-data-centre-expansion,attachment-scoping-summary-table-602
digico-syd1-data-centre-expansion,epa-global-switch-sydney-data-centre-expansion-80
digico-syd1-data-centre-expansion,attachment-scoping-summary-table-603
digico-syd1-data-centre-expansion,attachment-b-preliminary-architectural-plans-304
digico-syd1-data-centre-expansion,ssd-and-ssi-hms-6192-82
digico-syd1-data-centre-expansion,attachment-scoping-summary-table-604
digico-syd1-data-centre-expansion,attachment-b-preliminary-architectural-plans-305
digico-syd1-data-centre-expansion,dphi-response-sears-frnsw-604
digico-syd1-data-centre-expansion,attachment-scoping-summary-table-605
digico-syd1-data-centre-expansion,ssd-69637456gansw-comments-75
digico-syd1-data-centre-expansion,attachment-scoping-summary-table-606
digico-syd1-data-centre-expansion,ausgrid-sears-response-global-switch-expansion-77
digico-syd1-data-centre-expansion,ssd-69637456-receipt-4000003546-38
digico-syd1-data-centre-expansion,ssd-69637456-invoice-4000003546-psims-40
digico-syd1-data-centre-expansion,fee-breakdown20250417014503-40
digico-syd1-data-centre-expansion,approved-fee20250413235216-42
digico-syd1-data-centre-expansion,final-response-submissions-400-harris-street-15
digico-syd1-data-centre-expansion,a1-engagement-docs-15
digico-syd1-data-centre-expansion,a2-additional-solar-information-15
digico-syd1-data-centre-expansion,a3-heritage-response-evidence-15
digico-syd1-data-centre-expansion,a4-updated-tree-protection-plan-15
digico-syd1-data-centre-expansion,a5-updated-visual-impact-assessment-15
digico-syd1-data-centre-expansion,a6-updated-architectural-planspart1-15
digico-syd1-data-centre-expansion,a6-updated-architectural-planspart2-15
digico-syd1-data-centre-expansion,a6-updated-architectural-planspart3-15
digico-syd1-data-centre-expansion,a7-updated-noise-and-vibration-impact-assessment-15
digico-syd1-data-centre-expansion,a8-air-quality-technical-memo-15
digico-syd1-data-centre-expansion,a9-updated-esd-report-15
digico-syd1-data-centre-expansion,a10-updated-landscape-plans-15
digico-syd1-data-centre-expansion,a11-updated-design-report-15
digico-syd1-data-centre-expansion,a12-updated-mitigation-measures-15
digico-syd1-data-centre-expansion,a13-submissions-register-15
digico-syd1-data-centre-expansion,a14-acoustic-peer-review-15
digico-syd1-data-centre-expansion,a15-proposed-construction-staging-15
digico-syd1-data-centre-expansion,a16-construction-traffic-technical-memo-15
digico-syd1-data-centre-expansion,a17-engineering-response-15
digico-syd1-data-centre-expansion,request-rts-letter-13730
digico-syd1-data-centre-expansion,ssd-ssi-notice-exhibition-letter-neighbouring-landow-16496
digico-syd1-data-centre-expansion,ssd-ssi-exhibition-and-reexhibition-advertisement02052025-63
digico-syd1-data-centre-expansion,city-sydney-council-submission-eis-22
digico-syd1-data-centre-expansion,epa-advice-eis-3339
digico-syd1-data-centre-expansion,cphr-advice-eis-176
digico-syd1-data-centre-expansion,hnsw-ach-advice-eis-1683
digico-syd1-data-centre-expansion,hnsw-eh-advice-eis-79
digico-syd1-data-centre-expansion,frnsw-advice-eis-1965
digico-syd1-data-centre-expansion,tfnsw-advice-eis-4598
digico-syd1-data-centre-expansion,ausgrid-advice-eis-527
digico-syd1-data-centre-expansion,rts-cos-advice-11
digico-syd1-data-centre-expansion,rts-ausgrid-advice-6
digico-syd1-data-centre-expansion,rts-epa-advice-29
digico-syd1-data-centre-expansion,rts-frnsw-advice-29
digico-syd1-data-centre-expansion,rts-tfnsw-advice-192
digico-syd1-data-centre-expansion,rts-heritage-nsw-ach-advice-12
digico-syd1-data-centre-expansion,a2-tree-protection-plan-3
digico-syd1-data-centre-expansion,a3-noise-memo-3
digico-syd1-data-centre-expansion,patch-cover-letter-rfi-01-02-repsonse-3
digico-syd1-data-centre-expansion,a4-heritage-rfi-response-cover-letter-3
digico-syd1-data-centre-expansion,a1-response-table-3
digico-syd1-data-centre-expansion,rfi-advice-received-regarding-submissions-report-7
digico-syd1-data-centre-expansion,patch-cover-letter-rfi-02-repsonse-3
digico-syd1-data-centre-expansion,rfi-dphi-comments-regarding-submissions-report-4
digico-syd1-data-centre-expansion,epa-advice-assessment-39
digico-syd1-data-centre-expansion,a1-responsetable-16
digico-syd1-data-centre-expansion,a2-treeprotectionplan-16
digico-syd1-data-centre-expansion,a4-heritagerfiresponsecoverletter-16
digico-syd1-data-centre-expansion,patchcoverletter-rfi0102repsonse-16
digico-syd1-data-centre-expansion,a3-noisememo-16
digico-syd1-data-centre-expansion,cos-dphi-ssd-69637456-further-advice-and-conditions-0
digico-syd1-data-centre-expansion,a1-responsetable-17
digico-syd1-data-centre-expansion,a2-treeprotectionplan-17
digico-syd1-data-centre-expansion,a4-heritagerfiresponsecoverletter-17
digico-syd1-data-centre-expansion,patchcoverletter-rfi0102repsonse-17
digico-syd1-data-centre-expansion,a3-noisememo-17
digico-syd1-data-centre-expansion,tfnsw-response-ssd-69637456-5
digico-syd1-data-centre-expansion,a1-responsetable-18
digico-syd1-data-centre-expansion,a2-treeprotectionplan-18
digico-syd1-data-centre-expansion,a4-heritagerfiresponsecoverletter-18
digico-syd1-data-centre-expansion,patchcoverletter-rfi0102repsonse-18
digico-syd1-data-centre-expansion,a3-noisememo-18
digico-syd1-data-centre-expansion,a1-responsetable-19
digico-syd1-data-centre-expansion,a2-treeprotectionplan-19
digico-syd1-data-centre-expansion,a4-heritagerfiresponsecoverletter-19
digico-syd1-data-centre-expansion,patchcoverletter-rfi0102repsonse-19
digico-syd1-data-centre-expansion,a3-noisememo-19
digico-syd1-data-centre-expansion,hnsw-ach-other-digico-syd1-data-centre-ssd-69637456-0
digico-syd1-data-centre-expansion,a1-responsetable-20
digico-syd1-data-centre-expansion,a2-treeprotectionplan-20
digico-syd1-data-centre-expansion,a4-heritagerfiresponsecoverletter-20
digico-syd1-data-centre-expansion,patchcoverletter-rfi0102repsonse-20
digico-syd1-data-centre-expansion,a3-noisememo-20
digico-syd1-data-centre-expansion,a1-response-table-4
digico-syd1-data-centre-expansion,response-conditions-400-harris-street-ultimo
digico-syd1-data-centre-expansion,rfi-request-comment-draft-conditions-3516
digico-syd1-data-centre-expansion,draft-determination-instrument-1
eastern-creek-data-centre-expansion-project,cover-letter-9401
eastern-creek-data-centre-expansion-project,ssd-21342738-assessment-report-6
eastern-creek-data-centre-expansion-project,appendix-asears-and-additional-stakeholder-feedback-81
eastern-creek-data-centre-expansion-project,issued-sears-25023
eastern-creek-data-centre-expansion-project,ssd-21342738-notice-decision-2
eastern-creek-data-centre-expansion-project,appendix-barchitectural-design-plans-105
eastern-creek-data-centre-expansion-project,government-authority-advice-284
eastern-creek-data-centre-expansion-project,ssd-21342738-stamped-plans-civil-2
eastern-creek-data-centre-expansion-project,ssd-21342738-stamped-plans-architectural-2
eastern-creek-data-centre-expansion-project,eis-rfs-response-121
eastern-creek-data-centre-expansion-project,appendix-ddraft-plan-consolidation-81
eastern-creek-data-centre-expansion-project,appendix-ecivil-design-plans-11
eastern-creek-data-centre-expansion-project,appendix-gbca-compliance-assessment-81
eastern-creek-data-centre-expansion-project,appendix-hsoil-and-water-management-plan-81
eastern-creek-data-centre-expansion-project,appendix-ienergy-and-greenhouse-gas-assessment-81
eastern-creek-data-centre-expansion-project,scoping-report-50530
eastern-creek-data-centre-expansion-project,appendix-jvisual-assessment-81
eastern-creek-data-centre-expansion-project,appendix-preliminary-concept-plans-113
eastern-creek-data-centre-expansion-project,appendix-ksite-contamination-assessment-81
eastern-creek-data-centre-expansion-project,appendix-lsalinity-assessment-and-management-plan-81
eastern-creek-data-centre-expansion-project,appendix-mnoise-and-vibration-assessment-82
eastern-creek-data-centre-expansion-project,appendix-nair-quality-assessment-81
eastern-creek-data-centre-expansion-project,appendix-oaboriginal-heritage-assessmentredacted-71
eastern-creek-data-centre-expansion-project,appendix-pstatement-heritage-impact-81
eastern-creek-data-centre-expansion-project,appendix-qtraffic-assessment-81
eastern-creek-data-centre-expansion-project,appendix-rwaste-management-plan-82
eastern-creek-data-centre-expansion-project,appendix-sbushfire-assessment-81
eastern-creek-data-centre-expansion-project,appendix-thazards-analysis-81
eastern-creek-data-centre-expansion-project,application20220804071724-71
eastern-creek-data-centre-expansion-project,ssd-21342738-instrument-consent-recommendation-10
eastern-creek-data-centre-expansion-project,ssd-21342738-assessment-report-recommendation-10
eastern-creek-data-centre-expansion-project,ssd-21342738-notice-determination-not-required-0
eastern-creek-data-centre-expansion-project,ssd-21342738-letter-applicant-0
eastern-creek-data-centre-expansion-project,ssd-21342738-letter-submitter-0
eastern-creek-data-centre-expansion-project,ssd-21342738-dpe-detailed-comments-46
eastern-creek-data-centre-expansion-project,ssd-21342738-exhibition-notice-61
eastern-creek-data-centre-expansion-project,cost-estimatefinal-70
eastern-creek-data-centre-expansion-project,appendix-oaboriginal-heritage-assessmentunredacted-71
eastern-creek-data-centre-expansion-project,xlandowners-consent-175
eastern-creek-data-centre-expansion-project,issued-eis-comments-76
eastern-creek-data-centre-expansion-project,application20220628025611-80
eastern-creek-data-centre-expansion-project,xaerial-photograph-showing-geographic-coordinates-80
eastern-creek-data-centre-expansion-project,request-sears20210609041639-113
eastern-creek-data-centre-expansion-project,appendix-b-bdar-waiver-request-141
eastern-creek-data-centre-expansion-project,scoping-reportmay21draft-113
eastern-creek-data-centre-expansion-project,scoping-meeting-request20210514075430-113
eastern-creek-data-centre-expansion-project,scoping-details-pdf-25408
eastern-creek-data-centre-expansion-project,request-sears20210528053008-113
eastern-creek-data-centre-expansion-project,request-sears20210603031905-113
eastern-creek-data-centre-expansion-project,eastern-creek-date-centre-expansion-june-2021-113
eastern-creek-data-centre-expansion-project,epa-input-sears-825
eastern-creek-data-centre-expansion-project,syd210071301-tfnsw-response-sears-227
eastern-creek-data-centre-expansion-project,syd210071301-tfnsw-response-sears-228
eastern-creek-data-centre-expansion-project,signed-letter-ssd-21342738docx-113
eastern-creek-data-centre-expansion-project,appendix-bbdar-waiver-request-199
eastern-creek-data-centre-expansion-project,ssd-21342738-receipt-22055659-psims-64
eastern-creek-data-centre-expansion-project,ssd-21342738-invoice-22055659-psims-65
eastern-creek-data-centre-expansion-project,fee-breakdown20220906001526-65
eastern-creek-data-centre-expansion-project,approved-fee20220831050052-68
eastern-creek-data-centre-expansion-project,stormwater-model-files-77
eastern-creek-data-centre-expansion-project,appendix-drevised-swmp-and-civil-design-plans-44
eastern-creek-data-centre-expansion-project,appendix-crevised-landscape-design-plans-44
eastern-creek-data-centre-expansion-project,appendix-brevised-architectural-design-plans-44
eastern-creek-data-centre-expansion-project,appendix-hrevised-noise-assessment-and-advice-44
eastern-creek-data-centre-expansion-project,appendix-asite-survey-47
eastern-creek-data-centre-expansion-project,appendix-iadditional-overshadowing-plans-44
eastern-creek-data-centre-expansion-project,appendix-farborist-report-128
eastern-creek-data-centre-expansion-project,appendix-gadditional-air-quality-advice-44
eastern-creek-data-centre-expansion-project,submissions-reporteastern-creek-data-centrefeb23-44
eastern-creek-data-centre-expansion-project,appendix-ecivil-engineer-advice-44
eastern-creek-data-centre-expansion-project,request-rts-letter08112022051805-49
eastern-creek-data-centre-expansion-project,ss-exhibition-or-reexhibition-advertisement1110202212002-59
eastern-creek-data-centre-expansion-project,ssd-21342738-letter-landowners-61
eastern-creek-data-centre-expansion-project,eis-blacktown-council-response-47
eastern-creek-data-centre-expansion-project,eis-waternsw-response-62
eastern-creek-data-centre-expansion-project,eis-epa-response-139
eastern-creek-data-centre-expansion-project,eis-eh-group-response-47
eastern-creek-data-centre-expansion-project,eis-frnsw-response-145
eastern-creek-data-centre-expansion-project,rms-responsedisregard-50
eastern-creek-data-centre-expansion-project,eis-tfnsw-response-149
eastern-creek-data-centre-expansion-project,rts-blacktown-council-response-35
eastern-creek-data-centre-expansion-project,ehg-advice-1138
eastern-creek-data-centre-expansion-project,rts-eh-group-response-55
eastern-creek-data-centre-expansion-project,request-additional-information-13443
eastern-creek-data-centre-expansion-project,may-2023-additional-information-31
eastern-creek-data-centre-expansion-project,attachment-acivil-engineer-advice-32
eastern-creek-data-centre-expansion-project,attachment-brevised-soil-and-water-management-plan-32
eastern-creek-data-centre-expansion-project,attachment-cbushfire-consultant-advice-32
eastern-creek-data-centre-expansion-project,attachment-dair-quality-consultant-advice-32
eastern-creek-data-centre-expansion-project,stormwater-model-files-78
eastern-creek-data-centre-expansion-project,additional-information-council-response-20
eastern-creek-data-centre-expansion-project,summary-mitigation-measures-12
eastern-creek-data-centre-expansion-project,appendix-1civil-engineering-drawings-12
eastern-creek-data-centre-expansion-project,response-draft-development-consent-v11-12
eastern-creek-data-centre-expansion-project,draft-conditions-reviewjul23-23
eastern-creek-data-centre-expansion-project,draft-development-consent-v10-51
eastern-creek-data-centre-expansion-project,request-comment-draft-conditions-266
eastern-creek-data-centre-mod-2-power-consumption-increase,eastern-creek-data-centremod-2dec25
eastern-creek-data-centre-mod-2-power-consumption-increase,appendix-arevised-architectural-design-plans-7
eastern-creek-data-centre-mod-2-power-consumption-increase,appendix-brevised-landscape-design-plans-5
eastern-creek-data-centre-mod-2-power-consumption-increase,appendix-crevised-civil-design-plans-3
eastern-creek-data-centre-mod-2-power-consumption-increase,appendix-dbca-compliance-assessment
eastern-creek-data-centre-mod-2-power-consumption-increase,appendix-einfrastructure-servicing-strategy
eastern-creek-data-centre-mod-2-power-consumption-increase,appendix-fsoil-and-water-management-plan-39
eastern-creek-data-centre-mod-2-power-consumption-increase,appendix-gvisual-assessment
eastern-creek-data-centre-mod-2-power-consumption-increase,appendix-hnoise-and-vibration-assessment
eastern-creek-data-centre-mod-2-power-consumption-increase,appendix-iair-quality-assessment
eastern-creek-data-centre-mod-2-power-consumption-increase,appendix-jenergy-greenhouse-gas-assessment
eastern-creek-data-centre-mod-2-power-consumption-increase,appendix-kbdar-waiver-request
eastern-creek-data-centre-mod-2-power-consumption-increase,appendix-laboriginal-heritage-assessment-0
eastern-creek-data-centre-mod-2-power-consumption-increase,appendix-mstatement-heritage-impact
eastern-creek-data-centre-mod-2-power-consumption-increase,appendix-ntraffic-assessment-0
eastern-creek-data-centre-mod-2-power-consumption-increase,appendix-owaste-management-plan-0
eastern-creek-data-centre-mod-2-power-consumption-increase,appendix-pbushfire-assessment-105
eastern-creek-data-centre-mod-2-power-consumption-increase,appendix-qdangerous-goods-assessment
eastern-creek-data-centre-mod-2-power-consumption-increase,modification-application20260120004117
eastern-creek-data-centre-mod-2-power-consumption-increase,mod-2-assessment-report-58
eastern-creek-data-centre-mod-2-power-consumption-increase,mod-2-modification-instrument-5
eastern-creek-data-centre-mod-2-power-consumption-increase,consolidated-consent-mod-2-58
eastern-creek-data-centre-mod-2-power-consumption-increase,ssd-21342738-mod-2-letter-submitter
eastern-creek-data-centre-mod-2-power-consumption-increase,ssd-21342738-mod-2-notice-determination-not-required
eastern-creek-data-centre-mod-2-power-consumption-increase,ssd-21342738-mod-2-letter-applicant
eastern-creek-data-centre-mod-2-power-consumption-increase,ssd-21342738-mod-2-letter-submitter-0
eastern-creek-data-centre-mod-2-power-consumption-increase,mod-2-stamped-plans-pages-16-29
eastern-creek-data-centre-mod-2-power-consumption-increase,mod-2-stamped-plans-pages-1-15
eastern-creek-data-centre-mod-2-power-consumption-increase,mod-2-sydney-water-advice
eastern-creek-data-centre-mod-2-power-consumption-increase,mod-2-ee-advice
eastern-creek-data-centre-mod-2-power-consumption-increase,appendix-dbca-compliance-assessment-0
eastern-creek-data-centre-mod-2-power-consumption-increase,appendix-jenergy-greenhouse-gas-assessment-0
eastern-creek-data-centre-mod-2-power-consumption-increase,appendix-qdangerous-goods-assessment-0
eastern-creek-data-centre-mod-2-power-consumption-increase,appendix-einfrastructure-servicing-strategy-0
eastern-creek-data-centre-mod-2-power-consumption-increase,appendix-owaste-management-plan-1
eastern-creek-data-centre-mod-2-power-consumption-increase,appendix-hnoise-and-vibration-assessment-0
eastern-creek-data-centre-mod-2-power-consumption-increase,eastern-creek-data-centremod-2dec25-0
eastern-creek-data-centre-mod-2-power-consumption-increase,appendix-laboriginal-heritage-assessment-1
eastern-creek-data-centre-mod-2-power-consumption-increase,appendix-mstatement-heritage-impact-0
eastern-creek-data-centre-mod-2-power-consumption-increase,appendix-iair-quality-assessment-0
eastern-creek-data-centre-mod-2-power-consumption-increase,appendix-arevised-architectural-design-plans-8
eastern-creek-data-centre-mod-2-power-consumption-increase,appendix-pbushfire-assessment-106
eastern-creek-data-centre-mod-2-power-consumption-increase,appendix-kbdar-waiver-request-0
eastern-creek-data-centre-mod-2-power-consumption-increase,appendix-brevised-landscape-design-plans-6
eastern-creek-data-centre-mod-2-power-consumption-increase,appendix-crevised-civil-design-plans-4
eastern-creek-data-centre-mod-2-power-consumption-increase,appendix-fsoil-and-water-management-plan-40
eastern-creek-data-centre-mod-2-power-consumption-increase,appendix-ntraffic-assessment-1
eastern-creek-data-centre-mod-2-power-consumption-increase,appendix-gvisual-assessment-0
eastern-creek-data-centre-mod-2-power-consumption-increase,ssd-21342738-mod-2-receipt-4000006213
eastern-creek-data-centre-mod-2-power-consumption-increase,ssd-21342738-mod-2taxinvoice4000006213
eastern-creek-data-centre-mod-2-power-consumption-increase,fee-breakdown20260120230620
eastern-creek-data-centre-mod-2-power-consumption-increase,approved-fee20260120055305
eastern-creek-data-centre-mod-2-power-consumption-increase,mod-2-council-advice
eastern-creek-data-centre-mod-2-power-consumption-increase,mod-2-frnsw-advice
eastern-creek-data-centre-mod-2-power-consumption-increase,mod-2-rfs-advice
eastern-creek-data-centre-mod-2-power-consumption-increase,mod-2-npws-advice
eastern-creek-data-centre-mod-2-power-consumption-increase,mod-2-waternsw-advice
eastern-creek-data-centre-mod-2-power-consumption-increase,rfi-agency-advice-16
eastern-creek-data-centre-mod-2-power-consumption-increase,mod-2-sydney-water-advice-0
eastern-creek-data-centre-mod-2-power-consumption-increase,mod-2additional-informationmay26
eastern-creek-data-centre-mod-2-power-consumption-increase,appendix-arevised-architectural-design-plans-9
eastern-creek-data-centre-mod-2-power-consumption-increase,appendix-brevised-landscape-design-plans-7
eastern-creek-data-centre-mod-2-power-consumption-increase,appendix-crevised-civil-design-plans-5
eastern-creek-data-centre-mod-2-power-consumption-increase,appendix-dretaining-wall-design-plans
eastern-creek-data-centre-mod-2-power-consumption-increase,appendix-efuel-pump-room-general-design
eastern-creek-data-centre-mod-2-power-consumption-increase,appendix-frevised-soil-and-water-management-plan
eastern-creek-data-centre-mod-2-power-consumption-increase,stormwater-model-files-79
eastern-creek-data-centre-mod-2-power-consumption-increase,appendix-gcivil-design-statement
eastern-creek-data-centre-mod-2-power-consumption-increase,appendix-hnoise-advice
eastern-creek-data-centre-mod-2-power-consumption-increase,appendix-iair-quality-advice
eastern-creek-data-centre-mod-2-power-consumption-increase,appendix-jrevised-arborist-report
eastern-creek-data-centre-mod-2-power-consumption-increase,appendix-krevised-statement-heritage-impact
eastern-creek-data-centre-mod-2-power-consumption-increase,appendix-lrevised-aboriginal-heritage-assessment
eastern-creek-data-centre-mod-2-power-consumption-increase,appendix-mrevised-traffic-assessment
eastern-creek-data-centre-mod-2-power-consumption-increase,appendix-nhazards-advice
eastern-creek-data-centre-mod-2-power-consumption-increase,rfi-dphi-comments
eastern-creek-data-centre-mod-2-power-consumption-increase,additional-info-council-advice
eastern-creek-data-centre-mod-2-power-consumption-increase,mod2additionalinformationmay26
eastern-creek-data-centre-mod-2-power-consumption-increase,additional-info-waternsw-advice
eastern-creek-data-centre-mod-2-power-consumption-increase,mod2additionalinformationmay26-0
eastern-creek-data-centre-mod-2-power-consumption-increase,additional-info-npws-advice
eastern-creek-data-centre-mod-2-power-consumption-increase,mod2additionalinformationmay26-1
frederick-street-data-centre,scoping-reportfrederick-street-data-centre
frederick-street-data-centre,appendix-plans-251
frederick-street-data-centre,appendix-b-ach-due-diligence
frederick-street-data-centre,request-sears20260819034040
frederick-street-data-centre,ssd-issued-sears-1036
frederick-street-data-centre,signed-ssd-sears-cover-letter
frederick-street-data-centre,appendix-aconcept-plans-0
frederick-street-data-centre,site-planfrederick-street-data-centre
frederick-street-data-centre,appendix-baboriginal-objects-due-diligence
frederick-street-data-centre,council-submission-advice-sears-1-september-2026
frederick-street-data-centre,ssd-139545990-sears-dca-request-form
frederick-street-data-centre,epa-response-12-frederick-street-st-leonards-ssd-139545990
frederick-street-data-centre,ssd-139545990-sears-dca-request-form-0
frederick-street-data-centre,response-sears-frederick-street-artarmon
frederick-street-data-centre,ssd-139545990-sears-dca-request-form-1
frederick-street-data-centre,letter-out-sears-frederick-street-data-centre
frederick-street-data-centre,ssd-139545990-sears-dca-request-form-2
frederick-street-data-centre,sears-frederick-street-data-centre-artarmon
frederick-street-data-centre,ssd-139545990-sears-dca-request-form-3
frederick-street-data-centre,dca-technical-advisory-template1787235503
frederick-street-data-centre,ssd-139545990-sears-dca-request-form-4
glendenning-road-data-centre,ssd-73761707-glendenning-road-data-centre-eisdocx-36
glendenning-road-data-centre,appendix-01-sears-460
glendenning-road-data-centre,appendix-03-title-documents-36
glendenning-road-data-centre,appendix-04-architectural-plans-36
glendenning-road-data-centre,wtj24-140data-centre-request-sears-71
glendenning-road-data-centre,appendix-05-architectural-design-report-36
glendenning-road-data-centre,request-sears20240723013112-71
glendenning-road-data-centre,appendix-06-survey-plan-36
glendenning-road-data-centre,appendix-07-building-code-australia-compliance-report-36
glendenning-road-data-centre,appendix-08-accessibility-report-36
glendenning-road-data-centre,appendix-09-visual-impact-analysis-36
glendenning-road-data-centre,appendix-10-tia-100
glendenning-road-data-centre,appendix-11-construction-traffic-management-plan-171
glendenning-road-data-centre,appendix-12-landscape-plan-37
glendenning-road-data-centre,appendix-13-arboricultural-impact-assessment-162
glendenning-road-data-centre,appendix-14-esd-report-357
glendenning-road-data-centre,appendix-15-nabers-embodied-emissions-materials-form-2-36
glendenning-road-data-centre,appendix-15-nabers-embodied-emissions-materials-form-3-36
glendenning-road-data-centre,appendix-16-biodiversity-development-assessment-report-36
glendenning-road-data-centre,appendix-17-air-quality-impact-assessment-36
glendenning-road-data-centre,appendix-18-noise-and-vibration-impact-assessment-36
glendenning-road-data-centre,appendix-19-geotechnical-assessment-206
glendenning-road-data-centre,appendix-20-civil-engineering-report-63
glendenning-road-data-centre,appendix-201-civil-engineering-drawings-36
glendenning-road-data-centre,appendix-21-flood-impact-risk-assessment-36
glendenning-road-data-centre,appendix-22-preliminary-risk-screening-37
glendenning-road-data-centre,appendix-23-dangerous-goods-compliance-report-36
glendenning-road-data-centre,appendix-24-detailed-site-investigation-92
glendenning-road-data-centre,appendix-25-construction-and-demolition-waste-management-36
glendenning-road-data-centre,appendix-26-operational-waste-management-plan-36
glendenning-road-data-centre,appendix-27-acha-36
glendenning-road-data-centre,appendix-28-statement-heritage-impact-101
glendenning-road-data-centre,appendix-271-archaeological-research-design-and-methodol-36
glendenning-road-data-centre,appendix-281-historical-archaeological-36
glendenning-road-data-centre,appendix-29-archaeological-assessment-36
glendenning-road-data-centre,appendix-30-social-and-economic-impact-assessment-36
glendenning-road-data-centre,appendix-31-infrastructure-delivery-plan-36
glendenning-road-data-centre,appendix-32-bush-fire-assessment-report-36
glendenning-road-data-centre,appendix-33-engagement-report-127
glendenning-road-data-centre,appendix-34-bdcp-assessment-36
glendenning-road-data-centre,appendix-35-energy-and-water-report-esd-report-36
glendenning-road-data-centre,application20250321024924-35
glendenning-road-data-centre,appendix-02-estimated-development-cost-report-98
glendenning-road-data-centre,ssd-notice-decision-477
glendenning-road-data-centre,signed-ssd-ssi-assessment-report-21
glendenning-road-data-centre,signed-ssd-instrument-consent-2
glendenning-road-data-centre,app-d15-addendum-arch-report-unredacted
glendenning-road-data-centre,appendix-d14-acha-unredacted-version
glendenning-road-data-centre,appendix-d29-biodiversity-development-assessment-report-1
glendenning-road-data-centre,gsp-advice-eis-6
glendenning-road-data-centre,sydney-water-da-information-sheet-feb-2025-256
glendenning-road-data-centre,sydney-water-advice-eis-1397
glendenning-road-data-centre,ssd-73761707-exhibition-notice-18
glendenning-road-data-centre,ssd-73761707-credit-note-4000003634-24
glendenning-road-data-centre,na231578siteshape-file-71
glendenning-road-data-centre,na231578siteshape-file-72
glendenning-road-data-centre,owners-consent-6713
glendenning-road-data-centre,ssd-sears-industry-specific-cover-letter-6199
glendenning-road-data-centre,industry-specific-sears-data-storage-centres-608
glendenning-road-data-centre,appendix-1concept-plans-71
glendenning-road-data-centre,ssd-73761707-invoice-4000003336-psims-30
glendenning-road-data-centre,fee-breakdown20250326221503-32
glendenning-road-data-centre,approved-fee20250326003740-33
glendenning-road-data-centre,ssd-73761707receipt4000003630psims-23
glendenning-road-data-centre,ssd-73761707-invoice-4000003630-psims-26
glendenning-road-data-centre,fee-breakdown20250430050523-26
glendenning-road-data-centre,approved-fee20250429232104-26
glendenning-road-data-centre,appendix-d34-arboricultural-impact-assessment-report-0
glendenning-road-data-centre,appendix-d33-engineering-matters-gsp-response-letter-0
glendenning-road-data-centre,appendix-d32-preliminary-risk-analysis-0
glendenning-road-data-centre,appendix-d31-energy-and-water-report-esd-report-0
glendenning-road-data-centre,appendix-d30-dg-compliance-report-0
glendenning-road-data-centre,appendix-d29-biodiversity-development-assessment-report-2
glendenning-road-data-centre,appendix-d28-revised-air-quality-impact-assessment-0
glendenning-road-data-centre,appendix-d27-frnsw-correspondence-letter-0
glendenning-road-data-centre,appendix-d23-engineering-matters-cphr-response-letter-0
glendenning-road-data-centre,appendix-d22-engineering-matters-council-response-letter-0
glendenning-road-data-centre,appendix-d21-civil-engineering-drawings-0
glendenning-road-data-centre,appendix-d20-civil-engineering-report-0
glendenning-road-data-centre,appendix-d19-council-correspondance-0
glendenning-road-data-centre,appendix-d18-blacktown-council-engagement-minutes-0
glendenning-road-data-centre,appendix-d17-addendum-historical-archaeological-assesmsent-0
glendenning-road-data-centre,appendix-d16-addendum-archaeological-technical-report-0
glendenning-road-data-centre,appendix-d13-addendum-archaeological-cover-letter-0
glendenning-road-data-centre,appendix-d12-alternate-cooling-technologies-memorandum-0
glendenning-road-data-centre,appendix-d11-nvia-response-letter-0
glendenning-road-data-centre,appendix-d10-noise-and-vibration-impact-assessment-0
glendenning-road-data-centre,appendix-d9-ecologically-sustainable-development-report-0
glendenning-road-data-centre,appendix-d8-landscaping-and-visual-impact-response-letter-0
glendenning-road-data-centre,appendix-d7-landscape-plan-0
glendenning-road-data-centre,appendix-d6-ctmp-response-letter-0
glendenning-road-data-centre,appendix-d5-preliminary-ctmp-0
glendenning-road-data-centre,appendix-d4-transport-and-parking-assessment-report-0
glendenning-road-data-centre,appendix-d3-visual-impact-analysis-0
glendenning-road-data-centre,appendix-d2-architectural-design-report-addendum-0
glendenning-road-data-centre,appendix-d1-architectural-drawings-0
glendenning-road-data-centre,response-submission-2-glendenning-road-glendenning-0
glendenning-road-data-centre,request-rts-letter-13682
glendenning-road-data-centre,ssd-ssi-notice-exhibition-letter-neighbouring-landow-16333
glendenning-road-data-centre,ssd-ssi-exhibition-and-reexhibition-advertisement16052025-51
glendenning-road-data-centre,blacktown-city-council-submission-eis-56
glendenning-road-data-centre,frnsw-advice-eis-1954
glendenning-road-data-centre,hnsw-ach-advice-eis-1679
glendenning-road-data-centre,hnsw-eh-advice-eis-81
glendenning-road-data-centre,cphr-advice-eis-189
glendenning-road-data-centre,epa-advice-eis-3323
glendenning-road-data-centre,tfnsw-advice-eis-4580
glendenning-road-data-centre,250630-gsp-submission-ssd-73761707-glendenning-road-5
glendenning-road-data-centre,rfs-advice-eis-2072
glendenning-road-data-centre,cphr-updated-bdar-glendenning-rd-data-centre-ssd73761707-0
glendenning-road-data-centre,rts-package-updated-bdar-0
glendenning-road-data-centre,blacktown-city-comments-ssd-73717707
glendenning-road-data-centre,glendenning-road-data-centre-ssd-73761707
glendenning-road-data-centre,cphr-advice-eis-ssd-73761707
glendenning-road-data-centre,letter-out-glendenning-road-data-centre-ssd-73761707
glendenning-road-data-centre,hnsw-ach-ssd-73761707-rtsappid13097
glendenning-road-data-centre,appendixd14achaunredactedversion
glendenning-road-data-centre,appd15addendumarchreportunredacted
glendenning-road-data-centre,glendenning-road-data-centre-rts-rfs-response
glendenning-road-data-centre,rts-response-glendenning-rd-data-centre-ssd-73761707
glendenning-road-data-centre,response-submission-glendenning-road-data-centre
glendenning-road-data-centre,hnswehrtsssd-73761707hms13366
glendenning-road-data-centre,response-submission-glendenning-road-data-centre-0
glendenning-road-data-centre,response-rfi1
glendenning-road-data-centre,appendix-design-report-addendum
glendenning-road-data-centre,appendix-b-updated-landscape-plan
glendenning-road-data-centre,appendix-c-heritage-cover-letter
glendenning-road-data-centre,appendix-d-updated-flood-impact-assessment-report
glendenning-road-data-centre,appendix-e-diesel-safety-data-sheet
glendenning-road-data-centre,appendix-f-updated-aia-report
glendenning-road-data-centre,request-additional-information-13367
glendenning-road-data-centre,final-rts-submission
glendenning-road-data-centre,appendixedieselsafetydatasheet
glendenning-road-data-centre,responsetorfi1
glendenning-road-data-centre,appendixdupdatedfloodimpactassessmentreport
glendenning-road-data-centre,appendixcheritagecoverletter
glendenning-road-data-centre,appendixadesignreportaddendum
glendenning-road-data-centre,appendixbupdatedlandscapeplan
glendenning-road-data-centre,appendixfupdatedaiareport
glendenning-road-data-centre,epa-rfi-response-glendenning-rd-data-centre-ssd73761707
glendenning-road-data-centre,appendixedieselsafetydatasheet-0
glendenning-road-data-centre,responsetorfi1-0
glendenning-road-data-centre,appendixdupdatedfloodimpactassessmentreport-0
glendenning-road-data-centre,appendixcheritagecoverletter-0
glendenning-road-data-centre,appendixadesignreportaddendum-0
glendenning-road-data-centre,appendixbupdatedlandscapeplan-0
glendenning-road-data-centre,appendixfupdatedaiareport-0
glendenning-road-data-centre,cphr-advice-glendenning-road-data-centre-ssd-73761707
glendenning-road-data-centre,appendixedieselsafetydatasheet-1
glendenning-road-data-centre,responsetorfi1-1
glendenning-road-data-centre,appendixdupdatedfloodimpactassessmentreport-1
glendenning-road-data-centre,appendixcheritagecoverletter-1
glendenning-road-data-centre,appendixadesignreportaddendum-1
glendenning-road-data-centre,appendixbupdatedlandscapeplan-1
glendenning-road-data-centre,appendixfupdatedaiareport-1
glendenning-road-data-centre,hnsw-ach-glendenning-road-data-centre-ssd-73761707
glendenning-road-data-centre,appendixedieselsafetydatasheet-2
glendenning-road-data-centre,responsetorfi1-2
glendenning-road-data-centre,appendixdupdatedfloodimpactassessmentreport-2
glendenning-road-data-centre,appendixcheritagecoverletter-2
glendenning-road-data-centre,appendixadesignreportaddendum-2
glendenning-road-data-centre,appendixbupdatedlandscapeplan-2
glendenning-road-data-centre,appendixfupdatedaiareport-2
glendenning-road-data-centre,hnswssd-73761707hms14255
glendenning-road-data-centre,appendixedieselsafetydatasheet-3
glendenning-road-data-centre,responsetorfi1-3
glendenning-road-data-centre,appendixdupdatedfloodimpactassessmentreport-3
glendenning-road-data-centre,appendixcheritagecoverletter-3
glendenning-road-data-centre,appendixadesignreportaddendum-3
glendenning-road-data-centre,appendixbupdatedlandscapeplan-3
glendenning-road-data-centre,appendixfupdatedaiareport-3
glendenning-road-data-centre,draft-v2-ssd-instrument-consent
glendenning-road-data-centre,draft-ssd-instrument-consent-208
glendenning-road-data-centre,rfi-request-comment-draft-conditions-3482
glendenning-road-data-centre,epa-comment-draft-conditions-glendenning-rd-dc
glendenning-road-data-centre,draft-ssd-instrument-consent-292
glendenning-road-data-centre,ssd-73761707amended-draft-conditions-rev-2-incl-b7
grand-avenue-data-centre-expansion-rosehill,ssd-53338465-assessment-report-1
grand-avenue-data-centre-expansion-rosehill,ssd-53338465-notice-decision-1
grand-avenue-data-centre-expansion-rosehill,ssd-53338465-instrument-consent-0
grand-avenue-data-centre-expansion-rosehill,ssd-53338465-stamped-plans-architectural-0
grand-avenue-data-centre-expansion-rosehill,bcs-response-270924-8
grand-avenue-data-centre-expansion-rosehill,ssd-53338465-stamped-plans-civil-0
grand-avenue-data-centre-expansion-rosehill,response-rfi-november-2024-7
grand-avenue-data-centre-expansion-rosehill,a1-table-rfi2-7
grand-avenue-data-centre-expansion-rosehill,a2-bcs-response-7
grand-avenue-data-centre-expansion-rosehill,a3-ses-response-7
grand-avenue-data-centre-expansion-rosehill,a4-noise-impact-assessment-7
grand-avenue-data-centre-expansion-rosehill,a5-ctmp-7
grand-avenue-data-centre-expansion-rosehill,a6-updated-flood-impact-assessment-7
grand-avenue-data-centre-expansion-rosehill,scoping-report-8-grand-avenue-rosehill-69
grand-avenue-data-centre-expansion-rosehill,scoping-report-8-grand-avenue-rosehillfinal-66
grand-avenue-data-centre-expansion-rosehill,request-sears20230110230241-69
grand-avenue-data-centre-expansion-rosehill,environmental-impact-statement-8-grand-avenue-rosehill-51
grand-avenue-data-centre-expansion-rosehill,a1-sears-compliance-table-52
grand-avenue-data-centre-expansion-rosehill,a2-stat-compliance-table-52
grand-avenue-data-centre-expansion-rosehill,a3-mitigation-measures-table-52
grand-avenue-data-centre-expansion-rosehill,a4-site-survey-plan-97
grand-avenue-data-centre-expansion-rosehill,a5-architectural-drawings-111
grand-avenue-data-centre-expansion-rosehill,a6-design-report-110
grand-avenue-data-centre-expansion-rosehill,a7-landscape-drawings-51
grand-avenue-data-centre-expansion-rosehill,a8-civil-drawings-186
grand-avenue-data-centre-expansion-rosehill,a9-traffic-impact-assessment-153
grand-avenue-data-centre-expansion-rosehill,a10-ctmp-51
grand-avenue-data-centre-expansion-rosehill,a11-nvia-51
grand-avenue-data-centre-expansion-rosehill,a12-air-quality-impact-assessment-51
grand-avenue-data-centre-expansion-rosehill,a13-visual-impact-assessment-66
grand-avenue-data-centre-expansion-rosehill,a14-aboriginal-cultural-heritage-assessment-report-51
grand-avenue-data-centre-expansion-rosehill,a15-construction-and-demolition-waste-management-plan-51
grand-avenue-data-centre-expansion-rosehill,a16-operational-waste-management-plan-51
grand-avenue-data-centre-expansion-rosehill,a17-bdar-waiver-51
grand-avenue-data-centre-expansion-rosehill,a18-hazards-and-risks-assessment-51
grand-avenue-data-centre-expansion-rosehill,a19a-addendum-remediation-action-plan-51
grand-avenue-data-centre-expansion-rosehill,a19b-remediation-action-plan-51
grand-avenue-data-centre-expansion-rosehill,a20-esd-report-51
grand-avenue-data-centre-expansion-rosehill,a21-consultation-outcomes-report-51
grand-avenue-data-centre-expansion-rosehill,a22-infrastructure-and-utilities-report-51
grand-avenue-data-centre-expansion-rosehill,a23-accessibility-report-51
grand-avenue-data-centre-expansion-rosehill,a24-bca-2022-technical-report-51
grand-avenue-data-centre-expansion-rosehill,a25-geotechnical-assessment-51
grand-avenue-data-centre-expansion-rosehill,a26-da-751-2019-d-documentation-51
grand-avenue-data-centre-expansion-rosehill,a27-social-impact-assessment-51
grand-avenue-data-centre-expansion-rosehill,a28-dcp-compliance-table-51
grand-avenue-data-centre-expansion-rosehill,a29-quantity-surveyor-report-51
grand-avenue-data-centre-expansion-rosehill,a30-green-travel-plan-51
grand-avenue-data-centre-expansion-rosehill,a31-integrated-water-management-plan-51
grand-avenue-data-centre-expansion-rosehill,civ-report-8-grand-avenue-rosehill-51
grand-avenue-data-centre-expansion-rosehill,ssd-53338465-letter-submitter
grand-avenue-data-centre-expansion-rosehill,ssd-53338465-letter-applicant
grand-avenue-data-centre-expansion-rosehill,ssd-53338465-notice-determination-not-required
grand-avenue-data-centre-expansion-rosehill,ssd-53338465-instrument-consent-holder-0
grand-avenue-data-centre-expansion-rosehill,ssd-53338465-assessment-report-2
grand-avenue-data-centre-expansion-rosehill,ssd-53338465-notice-decision-2
grand-avenue-data-centre-expansion-rosehill,sydney-water-advice-eis-1111
grand-avenue-data-centre-expansion-rosehill,ssd-53338465-exhibition-notice-35
grand-avenue-data-centre-expansion-rosehill,application20230906024734-45
grand-avenue-data-centre-expansion-rosehill,issued-reject-eis-2943
grand-avenue-data-centre-expansion-rosehill,application20230804020201-50
grand-avenue-data-centre-expansion-rosehill,shapefile-8-grand-avenue-51
grand-avenue-data-centre-expansion-rosehill,a10-construction-traffic-management-plan-52
grand-avenue-data-centre-expansion-rosehill,a9-traffic-impact-assessment-154
grand-avenue-data-centre-expansion-rosehill,a8-civil-drawings-187
grand-avenue-data-centre-expansion-rosehill,a7-landscape-plans-52
grand-avenue-data-centre-expansion-rosehill,a6-architectural-design-report-98
grand-avenue-data-centre-expansion-rosehill,a5-architectural-plans-75
grand-avenue-data-centre-expansion-rosehill,a4-site-survey-52
grand-avenue-data-centre-expansion-rosehill,a3-proposed-mitigation-measures-52
grand-avenue-data-centre-expansion-rosehill,a2-statutory-compliance-table-113
grand-avenue-data-centre-expansion-rosehill,a1-sears-table-134
grand-avenue-data-centre-expansion-rosehill,owners-consent-8-grand-avenue-rosehill-52
grand-avenue-data-centre-expansion-rosehill,owners-consent-8a-grand-avenue-rosehillamended-52
grand-avenue-data-centre-expansion-rosehill,sears-data-storage-centres-163
grand-avenue-data-centre-expansion-rosehill,sears-cover-letter-5026
grand-avenue-data-centre-expansion-rosehill,map-109
grand-avenue-data-centre-expansion-rosehill,a2-development-approval-8-grand-avenue-rosehill-69
grand-avenue-data-centre-expansion-rosehill,a22-landscape-plans-8-grand-avenue-rosehill-69
grand-avenue-data-centre-expansion-rosehill,a23-civil-plans-8-grand-avenue-rosehill-69
grand-avenue-data-centre-expansion-rosehill,a1-indicative-drawings-8-grand-avenue-rosehill-69
grand-avenue-data-centre-expansion-rosehill,a21-stamped-plans-8-grand-avenue-rosehill-69
grand-avenue-data-centre-expansion-rosehill,a24-rap-8-grand-avenue-rosehill-69
grand-avenue-data-centre-expansion-rosehill,ssd-53338465-receipt-22060070-psims-38
grand-avenue-data-centre-expansion-rosehill,ssd-53338465invoice-22060070psims-42
grand-avenue-data-centre-expansion-rosehill,fee-breakdown20230915034639-42
grand-avenue-data-centre-expansion-rosehill,approved-fee20230913071434-43
grand-avenue-data-centre-expansion-rosehill,submissions-report-8531
grand-avenue-data-centre-expansion-rosehill,a1-mitigation-measures-33
grand-avenue-data-centre-expansion-rosehill,a2-submissions-register-33
grand-avenue-data-centre-expansion-rosehill,a3-da7512019e-stamped-plans-and-consent-33
grand-avenue-data-centre-expansion-rosehill,a4-amended-architectural-plans-33
grand-avenue-data-centre-expansion-rosehill,a5-amended-architectural-design-report-33
grand-avenue-data-centre-expansion-rosehill,a6-amended-visual-impact-assessment-33
grand-avenue-data-centre-expansion-rosehill,a7-amended-landscape-plans-33
grand-avenue-data-centre-expansion-rosehill,a8-updated-flood-impact-risk-assessment-33
grand-avenue-data-centre-expansion-rosehill,a9-updated-civil-plans-33
grand-avenue-data-centre-expansion-rosehill,a10-musicspel-model-33
grand-avenue-data-centre-expansion-rosehill,a11-updated-integrated-water-management-plan-33
grand-avenue-data-centre-expansion-rosehill,a12-site-audit-report-33
grand-avenue-data-centre-expansion-rosehill,a13-updated-achar-33
grand-avenue-data-centre-expansion-rosehill,a14-arboricultural-impact-assessment-33
grand-avenue-data-centre-expansion-rosehill,a15-amended-noise-and-vibration-impact-assessment-33
grand-avenue-data-centre-expansion-rosehill,a16-amended-air-quality-impact-assessment-33
grand-avenue-data-centre-expansion-rosehill,a17-amended-traffic-impact-assessment-33
grand-avenue-data-centre-expansion-rosehill,a18-construction-traffic-management-plan-33
grand-avenue-data-centre-expansion-rosehill,a19-amended-green-travel-plan-33
grand-avenue-data-centre-expansion-rosehill,request-rts-letter-9875
grand-avenue-data-centre-expansion-rosehill,ssd-ssi-notice-exhibition-letter-neighbouring-landow-9230
grand-avenue-data-centre-expansion-rosehill,ssd-ssi-exhibition-and-reexhibition-advertisement27102023-37
grand-avenue-data-centre-expansion-rosehill,council-submission-eis-36
grand-avenue-data-centre-expansion-rosehill,epa-advice-eis-2573
grand-avenue-data-centre-expansion-rosehill,ehg-advice-eis-725
grand-avenue-data-centre-expansion-rosehill,heritage-nsw-advice-eis-1238
grand-avenue-data-centre-expansion-rosehill,frnsw-advice-eis-1436
grand-avenue-data-centre-expansion-rosehill,tfnsw-advice-eis-3606
grand-avenue-data-centre-expansion-rosehill,request-rts-letter-further-issues-24
grand-avenue-data-centre-expansion-rosehill,a13-updated-achar-34
grand-avenue-data-centre-expansion-rosehill,a15-amended-noise-and-vibration-impact-assessment-34
grand-avenue-data-centre-expansion-rosehill,a16-amended-air-quality-impact-assessment-34
grand-avenue-data-centre-expansion-rosehill,a6-amended-visual-impact-assessment-34
grand-avenue-data-centre-expansion-rosehill,a19-amended-green-travel-plan-34
grand-avenue-data-centre-expansion-rosehill,a4-amended-architectural-plans-34
grand-avenue-data-centre-expansion-rosehill,a11-updated-integrated-water-management-plan-34
grand-avenue-data-centre-expansion-rosehill,a5-amended-architectural-design-report-34
grand-avenue-data-centre-expansion-rosehill,a17-amended-traffic-impact-assessment-34
grand-avenue-data-centre-expansion-rosehill,a9-updated-civil-plans-34
grand-avenue-data-centre-expansion-rosehill,a18-construction-traffic-management-plan-34
grand-avenue-data-centre-expansion-rosehill,a7-amended-landscape-plans-34
grand-avenue-data-centre-expansion-rosehill,a8-updated-flood-impact-risk-assessment-34
grand-avenue-data-centre-expansion-rosehill,response-submissions-report-ssd-53338465-17
grand-avenue-data-centre-expansion-rosehill,a12-site-audit-report-34
grand-avenue-data-centre-expansion-rosehill,a14-arboricultural-impact-assessment-34
grand-avenue-data-centre-expansion-rosehill,a3-da7512019e-stamped-plans-and-consent-34
grand-avenue-data-centre-expansion-rosehill,a10-musicspel-model-34
grand-avenue-data-centre-expansion-rosehill,a1-mitigation-measures-34
grand-avenue-data-centre-expansion-rosehill,a2-submissions-register-34
grand-avenue-data-centre-expansion-rosehill,tfnsw-advice-rts-1822
grand-avenue-data-centre-expansion-rosehill,frnsw-advice-rts-270
grand-avenue-data-centre-expansion-rosehill,request-additional-information-9938
grand-avenue-data-centre-expansion-rosehill,council-advice-rts-591
grand-avenue-data-centre-expansion-rosehill,bcs-advice-rts-559
grand-avenue-data-centre-expansion-rosehill,request-additional-information-9939
grand-avenue-data-centre-expansion-rosehill,8-grand-ave-data-centre-rts-round-2-6
grand-avenue-data-centre-expansion-rosehill,bcs-ssd-53338465-grand-av-data-centre-nov-2024-advice-4
grand-avenue-data-centre-expansion-rosehill,rfi-request-comment-draft-conditions-2731
grand-avenue-data-centre-expansion-rosehill,draft-conditions-1113
honeman-close-data-centre,environmental-impact-statement-14662
honeman-close-data-centre,scoping-report-6-honeman-close-huntingwoodfinal-85
honeman-close-data-centre,24-02-21-departments-comments-eis-39
honeman-close-data-centre,a1-sears-table-192
honeman-close-data-centre,attachment-1-previous-sears-request-85
honeman-close-data-centre,a2-statutory-compliance-table-128
honeman-close-data-centre,attachment-2-sears-ssd-19729084-85
honeman-close-data-centre,a3-mitigation-measures-72
honeman-close-data-centre,a4-survey-plan-72
honeman-close-data-centre,a5-architectural-drawings-126
honeman-close-data-centre,a6-design-report-125
honeman-close-data-centre,request-sears20230522014212-85
honeman-close-data-centre,a7-landscape-plan-72
honeman-close-data-centre,a8-civil-drawings-245
honeman-close-data-centre,a4-memo-dcceew-heritage-acharedacted-14
honeman-close-data-centre,a9-sidra-modelling-74
honeman-close-data-centre,a9-traffic-impact-assessment-169
honeman-close-data-centre,a10-ctm-72
honeman-close-data-centre,a11-acoustic-report-72
honeman-close-data-centre,a12-aqia-72
honeman-close-data-centre,a13-57
honeman-close-data-centre,a14-civil-and-stormwater-72
honeman-close-data-centre,a15-achar-72
honeman-close-data-centre,a16-waste-management-plan-72
honeman-close-data-centre,a17-aia-72
honeman-close-data-centre,a18-bdar-report-72
honeman-close-data-centre,a19-dangerous-goods-report-72
honeman-close-data-centre,a20-detailed-site-investigation-report-60
honeman-close-data-centre,a21-esd-report-72
honeman-close-data-centre,a22-consultation-outcomes-report-59
honeman-close-data-centre,a23-infrastructure-report-72
honeman-close-data-centre,a24-bca-access-report-72
honeman-close-data-centre,a25-geotechnical-report-72
honeman-close-data-centre,a26-watercourse-assessment-72
honeman-close-data-centre,a27-statement-heritage-impact-72
honeman-close-data-centre,a28-bushfire-assessment-72
honeman-close-data-centre,a29-fire-incident-management-72
honeman-close-data-centre,a30-seia-72
honeman-close-data-centre,a31-huntingwood-dcp-table-72
honeman-close-data-centre,a32-cost-report-72
honeman-close-data-centre,a33-hydrogeological-report-72
honeman-close-data-centre,a21-embodied-emissions-materials-form-6-honeman-close-74
honeman-close-data-centre,ssd-58601963-exhibition-notice-61
honeman-close-data-centre,application20231109110328-73
honeman-close-data-centre,gis-6-honeman-close-huntingwood-74
honeman-close-data-centre,issued-sears-26620
honeman-close-data-centre,23-06-02-issued-sears-cover-letter-79
honeman-close-data-centre,sears-advice-blacktown-city-council-241
honeman-close-data-centre,sears-advice-endeavour-energy-520
honeman-close-data-centre,sears-advice-hnsw-ach-1344
honeman-close-data-centre,sears-advice-tfnsw-3191
honeman-close-data-centre,sears-advice-sydney-water-991
honeman-close-data-centre,sears-advice-dpie-water-379
honeman-close-data-centre,sears-advice-epa-2521
honeman-close-data-centre,sears-advice-ees-410
honeman-close-data-centre,sears-advice-hnsw-288
honeman-close-data-centre,site-map-4891
honeman-close-data-centre,ssd-58601963-receipt-22060835-psims-67
honeman-close-data-centre,ssd-58601963-invoice-22060835-psims-70
honeman-close-data-centre,fee-breakdown20231129001138-70
honeman-close-data-centre,approved-fee20231128002622-70
honeman-close-data-centre,24-02-02-request-rts-letter-40
honeman-close-data-centre,response-submissions-report-6-honeman-close-34
honeman-close-data-centre,a1-submissions-register-6-honeman-close-huntingwood-34
honeman-close-data-centre,a2-pre-application-meeting-minutes-pam-c2412906-34
honeman-close-data-centre,a3-correspondence-transport-nsw-34
honeman-close-data-centre,a4-tfnsw-correspondence-34
honeman-close-data-centre,a5-updated-urban-design-report-34
honeman-close-data-centre,a6-updated-architectural-plans-34
honeman-close-data-centre,a7-updated-landscape-plans-34
honeman-close-data-centre,a8-updated-civil-and-stormwater-design-report-34
honeman-close-data-centre,a8-updated-stormwater-models-34
honeman-close-data-centre,a9-updated-civil-and-stormwater-plans-34
honeman-close-data-centre,a10-technical-memo-piped-drainage-system-review-34
honeman-close-data-centre,a11-updated-visual-impact-assessment-34
honeman-close-data-centre,a12-updated-air-quality-impact-assessment-34
honeman-close-data-centre,a13-updated-aboriginal-cultural-heritage-assessment-34
honeman-close-data-centre,a14-updated-traffic-and-transport-impact-assessment-34
honeman-close-data-centre,a15-adaptive-re-use-plan-34
honeman-close-data-centre,a16-updated-bushfire-assessment-report-34
honeman-close-data-centre,a17-updated-social-and-economic-impact-assessment-34
honeman-close-data-centre,a18-updated-infrastructure-report-34
honeman-close-data-centre,a19-updated-acoustic-assessment-report-34
honeman-close-data-centre,a20-updated-biodiversity-development-assessment-report-34
honeman-close-data-centre,a21-updated-arboricultural-impact-assessment-report-34
honeman-close-data-centre,a22-ha-and-gdmp-34
honeman-close-data-centre,a23-response-community-submission-34
honeman-close-data-centre,ssd-ssi-notice-exhibition-letter-neighbouring-landow-16775
honeman-close-data-centre,ssd-ssi-exhibition-and-reexhibition-advertisement14122023-202
honeman-close-data-centre,blacktown-city-council-comments-ssd-58601963-45
honeman-close-data-centre,waternsw-response-honeman-close-data-centre-eis-review-49
honeman-close-data-centre,dcceew-water-group-response-325
honeman-close-data-centre,epa-comment-honeman-close-data-centre-45
honeman-close-data-centre,bcs-advice-eis-data-centres-huntingwood-ssd-58601963-46
honeman-close-data-centre,hnsw-ach-eis-honeman-close-data-centre-ssd-58601963-47
honeman-close-data-centre,hnsw-advice-eisappid5260-56
honeman-close-data-centre,letter-out-honeman-close-data-centre-dpe-response-55
honeman-close-data-centre,tfnsw-response-syd2301380-50
honeman-close-data-centre,honeman-close-data-centre-rfs-eis-response-48
honeman-close-data-centre,rts-response-blacktown-city-council-25
honeman-close-data-centre,rts-response-bcs-advice-19
honeman-close-data-centre,rts-response-hnsw-non-ach-27
honeman-close-data-centre,rts-response-hnsw-ach-27
honeman-close-data-centre,rts-response-tfnsw-140
honeman-close-data-centre,rts-response-dcceew-water-group-27
honeman-close-data-centre,int24-87095-dcceew-la-rts-honeman-close-data-centre-31
honeman-close-data-centre,honemanclose-24
honeman-close-data-centre,24-08-27-request-additional-information-15
honeman-close-data-centre,response-dphi-huntingwood-data-centre-18
honeman-close-data-centre,a1-amended-colour-palette-18
honeman-close-data-centre,a2-revised-landscape-plans-18
honeman-close-data-centre,a5-executed-vpa-31225
honeman-close-data-centre,6-honeman-close-ssd58601963response-submissions-3-31225
honeman-close-data-centre,25-01-29-request-additional-information-13
honeman-close-data-centre,24-10-03-request-additional-information-21
honeman-close-data-centre,2nd-response-submissions-report-15
honeman-close-data-centre,a1-submissions-register-2-16
honeman-close-data-centre,a2-tech-memo-piped-drainage-system-review-16
honeman-close-data-centre,a3-amended-bdar-report-16
honeman-close-data-centre,a5-updated-esd-report-16
honeman-close-data-centre,embodied-emissions-materials-form-nsw-sepp-547
honeman-close-data-centre,a4-memo-dcceew-heritage-acha-16
honeman-close-data-centre,2nd-rts-council-response-1
honeman-close-data-centre,appendix-a1-submissions-register-2-42
honeman-close-data-centre,2nd-rts-report-42
honeman-close-data-centre,appendix-a2-piped-drainage-system-review-42
honeman-close-data-centre,appendix-a5-updated-esd-report-42
honeman-close-data-centre,appendix-a4-aboriginal-cultural-heritage-42
honeman-close-data-centre,appendix-a3-amended-bdar-report-42
honeman-close-data-centre,2nd-rts-response-hnsw-ach-11
honeman-close-data-centre,appendix-a1-submissions-register-2-43
honeman-close-data-centre,2nd-rts-report-43
honeman-close-data-centre,appendix-a2-piped-drainage-system-review-43
honeman-close-data-centre,appendix-a5-updated-esd-report-43
honeman-close-data-centre,appendix-a4-aboriginal-cultural-heritage-43
honeman-close-data-centre,appendix-a3-amended-bdar-report-43
honeman-close-data-centre,2nd-rts-cphr-advice-1
honeman-close-data-centre,appendix-a1-submissions-register-2-44
honeman-close-data-centre,2nd-rts-report-44
honeman-close-data-centre,appendix-a2-piped-drainage-system-review-44
honeman-close-data-centre,appendix-a5-updated-esd-report-44
honeman-close-data-centre,appendix-a4-aboriginal-cultural-heritage-44
honeman-close-data-centre,appendix-a3-amended-bdar-report-44
honeman-close-data-centre,a5-executed-vpa
honeman-close-data-centre,a7-updated-noise-impact-assessment-31225
honeman-close-data-centre,a62-stormwater-extension-sketch-options-modelling-31225
honeman-close-data-centre,a61-review-stormwater-pipeline-extension-31225
honeman-close-data-centre,a12-epbc-variation-decision-instrument-31225
honeman-close-data-centre,6-honeman-close-ssd58601963response-submissions-3
honeman-close-data-centre,a11-epbc-letter-approval-holder-31225
honeman-close-data-centre,a4-2nd-rts-response-hnsw-ach
honeman-close-data-centre,a82-department-rfi-25-02-12-31225
honeman-close-data-centre,a81-department-rfi-25-01-29-31225
honeman-close-data-centre,a2-blacktown-city-council-comments-second-rts-31225
honeman-close-data-centre,a3-2nd-rts-cphr-advice-31225
honeman-close-data-centre,25-02-12-request-additional-information-8
honeman-close-data-centre,blacktown-city-council-comments-50
honeman-close-data-centre,cphr-advice-rts-ssd-58601963
honeman-close-data-centre,third-rts-council-advice
honeman-close-data-centre,rfi-council-advice-third-rts
julius-avenue-data-centre,eis-julius-avenue-data-centre-240625-28
julius-avenue-data-centre,eis-appendix-2-architectural-plans-27
julius-avenue-data-centre,eis-appendix-3-architectural-design-report-27
julius-avenue-data-centre,eis-appendix-4-survey-plan-27
julius-avenue-data-centre,eis-appendix-5-bca-report-27
julius-avenue-data-centre,sears-request-julius-avenue-data-centre-34
julius-avenue-data-centre,eis-appendix-6-access-report-27
julius-avenue-data-centre,request-sears20250212000559-34
julius-avenue-data-centre,eis-appendix-7-visual-impact-assessment-27
julius-avenue-data-centre,eis-appendix-8-transport-assessment-27
julius-avenue-data-centre,eis-appendix-9-ctmp-27
julius-avenue-data-centre,eis-appendix-10-green-travel-plan-27
julius-avenue-data-centre,eis-appendix-11-landscape-plans-27
julius-avenue-data-centre,eis-appendix-12-landscape-design-report-27
julius-avenue-data-centre,eis-appendix-13-esd-report-27
julius-avenue-data-centre,eis-appendix-14-nabers-embodied-emissions-form-27
julius-avenue-data-centre,eis-appendix-15-bdar-27
julius-avenue-data-centre,eis-app-16-backup-power-supply-technical-note-27
julius-avenue-data-centre,eis-appendix-17-aqia-27
julius-avenue-data-centre,eis-appendix-18-nvia-27
julius-avenue-data-centre,eis-appendix-19-geotechnical-assessment-27
julius-avenue-data-centre,eis-appendix-20-groundwater-impact-assessment-27
julius-avenue-data-centre,eis-appendix-21-appendix-24
julius-avenue-data-centre,eis-appendix-21-appendix-b-24
julius-avenue-data-centre,eis-appendix-21-appendix-c-24
julius-avenue-data-centre,eis-appendix-21-appendix-d-24
julius-avenue-data-centre,eis-appendix-21-civil-engineering-report-27
julius-avenue-data-centre,eis-appendix-22-flood-impact-risk-assessment-27
julius-avenue-data-centre,eis-appendix-23-preliminary-risk-screening-27
julius-avenue-data-centre,eis-appendix-24-detailed-site-investigation-27
julius-avenue-data-centre,eis-appendix-25-waste-management-plan-27
julius-avenue-data-centre,eis-appendix-26-achar-redacted-27
julius-avenue-data-centre,eis-appendix-27-statement-heritage-impact-27
julius-avenue-data-centre,eis-appendix-28-social-impact-assessment-27
julius-avenue-data-centre,eis-appendix-29-infrastructure-plan-27
julius-avenue-data-centre,eis-appendix-30-bush-fire-assessment-27
julius-avenue-data-centre,eis-appendix-31-draft-letter-offer-27
julius-avenue-data-centre,eis-appendix-32-engagement-report-27
julius-avenue-data-centre,eis-app-33-macquarie-pk-design-guide-compliance-27
julius-avenue-data-centre,eis-appendix-34-clause-46-variation-request-27
julius-avenue-data-centre,eis-appendix-35-secretarys-requirements-27
julius-avenue-data-centre,flood-emergency-response-plan-194
julius-avenue-data-centre,application20250624071445-28
julius-avenue-data-centre,eis-appendix-26-achar-27
julius-avenue-data-centre,superseded-eis-appendix-21-civil-engineering-report-24
julius-avenue-data-centre,eis-appendix-1b-edc-report-27
julius-avenue-data-centre,eis-appendix-1a-edc-report-cover-letter-23
julius-avenue-data-centre,ssd-80018208-amendment-report
julius-avenue-data-centre,amended-application20260210053525
julius-avenue-data-centre,appendix-dd7-visual-impact-assesment-report
julius-avenue-data-centre,appendix-dd2-architectural-drawings
julius-avenue-data-centre,appendix-dd3-design-report
julius-avenue-data-centre,appendix-dd4-survey-plan
julius-avenue-data-centre,appendix-dd5-ncc-compliance-report
julius-avenue-data-centre,appendix-dd6-accessibility-report
julius-avenue-data-centre,appendix-dd12-landscape-report
julius-avenue-data-centre,appendix-dd9-construction-traffic-management-plan
julius-avenue-data-centre,appendix-dd11-landscape-drawings
julius-avenue-data-centre,appendix-dd8-transport-accessibility-impact-assessment
julius-avenue-data-centre,appendix-dd10-green-travel-plan
julius-avenue-data-centre,appendix-dd19-geotechnical-assessment
julius-avenue-data-centre,appendix-dd20-surface-groundwater-impact-assessment
julius-avenue-data-centre,appendix-dd18-noise-vibration-impact-assessment
julius-avenue-data-centre,appendix-dd17-air-quality-impact-assessment
julius-avenue-data-centre,appendix-dd15-bdar
julius-avenue-data-centre,appendix-dd13-esd-report
julius-avenue-data-centre,appendix-dd16-backup-power-summary
julius-avenue-data-centre,appendix-dd14-nabers-embodied-emissions-form
julius-avenue-data-centre,appendix-dd21-water-management-plan
julius-avenue-data-centre,appendix-dd22-flood-impact-risk-assessment
julius-avenue-data-centre,appendix-dd24-detailed-site-investigation
julius-avenue-data-centre,appendix-dd27-statement-heritage-impact
julius-avenue-data-centre,appendix-dd28-social-impact-assessment
julius-avenue-data-centre,appendix-dd26-achar-addendum
julius-avenue-data-centre,appendix-dd25-waste-management-plan
julius-avenue-data-centre,appendix-dd23-hazard-risk-report
julius-avenue-data-centre,appendix-dd29-idmsp
julius-avenue-data-centre,appendix-dd32-engagement-report-addendum
julius-avenue-data-centre,appendix-dd30-bushfire-assessment
julius-avenue-data-centre,appendix-dd31-voluntary-planning-agreement
julius-avenue-data-centre,appendix-dd33-macquarie-park-design-guide-table
julius-avenue-data-centre,appendix-dd34-preliminary-fire-safety-strategy
julius-avenue-data-centre,appendix-dd35-wind-study
julius-avenue-data-centre,ssd-80018208-amendment-report-6-8-julius-avenue
julius-avenue-data-centre,ssd-80018208-amendment-request-letter
julius-avenue-data-centre,appendix-14-nabers-embodied-emissions-materials-form-28
julius-avenue-data-centre,cphr-advice-11062026
julius-avenue-data-centre,advice-amended-da-dcceew-energy
julius-avenue-data-centre,appendix-dd2-architectural-drawings-part-4
julius-avenue-data-centre,appendix-dd2-architectural-drawings-part-3
julius-avenue-data-centre,appendix-dd2-architectural-drawings-part-2
julius-avenue-data-centre,appendix-dd2-architectural-drawings-part-1
julius-avenue-data-centre,appendix-dd2-architectural-drawings-renders
julius-avenue-data-centre,amendment-acceptance-letter-2647
julius-avenue-data-centre,appendix-dd1-2-cost-estimate-report
julius-avenue-data-centre,appendix-dd1-1-cost-estimate-report-letter
julius-avenue-data-centre,appendix-1a-edc-cover-letter-28
julius-avenue-data-centre,eis-appendix-1b-estimated-development-cost-report
julius-avenue-data-centre,advice-eis-jemena-45
julius-avenue-data-centre,sydney-water-da-information-sheet-feb-2025-206
julius-avenue-data-centre,advice-eis-sydney-water-614
julius-avenue-data-centre,ssd-80018208-exhibition-notice-20
julius-avenue-data-centre,appendix-35-secretarys-requirements-28
julius-avenue-data-centre,appendix-7-visual-impact-assessment-30
julius-avenue-data-centre,appendix-22-flood-impact-risk-assessment-72
julius-avenue-data-centre,appendix-24-detailed-site-investigation-90
julius-avenue-data-centre,appendix-3-architectural-design-report-124
julius-avenue-data-centre,appendix-21-water-management-plan-ttw-28
julius-avenue-data-centre,appendix-2-architectural-plans-1165
julius-avenue-data-centre,appendix-26-achar-53
julius-avenue-data-centre,appendix-19-geotechnical-assessment-204
julius-avenue-data-centre,appendix-29-infrastructure-plan-28
julius-avenue-data-centre,appendix-12-landscape-design-report-126
julius-avenue-data-centre,appendix-20-groundwater-impact-assessment-28
julius-avenue-data-centre,appendix-18-nvia-28
julius-avenue-data-centre,appendix-17-aqia-28
julius-avenue-data-centre,appendix-11-landscape-plans-75
julius-avenue-data-centre,appendix-8-transport-and-accessibility-impact-assessment-28
julius-avenue-data-centre,appendix-32-engagement-report-28
julius-avenue-data-centre,appendix-26-achar-redacted-28
julius-avenue-data-centre,appendix-27-statement-heritage-impact-72
julius-avenue-data-centre,appendix-15-bdar-28
julius-avenue-data-centre,appendix-28-social-impact-assessment-322
julius-avenue-data-centre,appendix-4-survey-plan-369
julius-avenue-data-centre,appendix-30-bush-fire-assessment-28
julius-avenue-data-centre,appendix-9-ctmp-30
julius-avenue-data-centre,appendix-10-green-travel-plan-29
julius-avenue-data-centre,appendix-5-bca-report-40
julius-avenue-data-centre,appendix-25-waste-management-plan-281
julius-avenue-data-centre,appendix-16-backup-power-supply-technical-note-28
julius-avenue-data-centre,appendix-13-esd-report-29
julius-avenue-data-centre,appendix-23-preliminary-risk-screening-28
julius-avenue-data-centre,appendix-34-clause-46-variation-request-28
julius-avenue-data-centre,appendix-35-sears-28
julius-avenue-data-centre,appendix-1b-edc-report-28
julius-avenue-data-centre,appendix-6-access-report-28
julius-avenue-data-centre,power-attorney-191
julius-avenue-data-centre,owners-consent-letter-ssda80018208-06062025-003-28
julius-avenue-data-centre,sears-ssd-80018208-31
julius-avenue-data-centre,ssd-sears-industry-specific-cover-letter-ssd-80018208-31
julius-avenue-data-centre,industry-specific-sears-request-148
julius-avenue-data-centre,ask001-site-plan-perspectives14-1-34
julius-avenue-data-centre,ssd-80018208-receipt-4000004415-22
julius-avenue-data-centre,ssd-80018208invoice4000004415-22
julius-avenue-data-centre,fee-breakdown20250721054236-23
julius-avenue-data-centre,approved-fee20250714234007-27
julius-avenue-data-centre,ssd-80018208-amendment-report-0
julius-avenue-data-centre,appendix-dd35-wind-study-0
julius-avenue-data-centre,request-rts-letter-13500
julius-avenue-data-centre,ssd-ssi-notice-exhibition-letter-neighbouring-landow-16217
julius-avenue-data-centre,ssd-ssi-exhibition-and-reexhibition-advertisement31072025-21
julius-avenue-data-centre,cor-att-2-pre-da-advice-7
julius-avenue-data-centre,cor-att-1-eis-submission-7
julius-avenue-data-centre,cor-submission-cover-letter-6-8-julius-avenue-9
julius-avenue-data-centre,willoughby-council-submission-9
julius-avenue-data-centre,advice-eis-dccceew-water-6
julius-avenue-data-centre,advice-eis-epa-1316
julius-avenue-data-centre,advice-eis-cphr-81
julius-avenue-data-centre,advice-eis-npws-59
julius-avenue-data-centre,advice-eis-hnsw-ach-764
julius-avenue-data-centre,advice-eis-hnsw-eh-133
julius-avenue-data-centre,advice-eis-rfs-1310
julius-avenue-data-centre,advice-eis-frnsw-1011
julius-avenue-data-centre,advice-eis-tfnsw-2483
julius-avenue-data-centre,advice-eis-ausgrid-2-3
julius-avenue-data-centre,advice-eis-ausgrid-1-3
julius-avenue-data-centre,ssd-80018208-additional-matters-submissions-report-1
julius-avenue-data-centre,ssd-80018208-julius-avenue-data-centre-rfi-17
julius-avenue-data-centre,cor-attachment-1-amended-da
julius-avenue-data-centre,cor-cover-letter-amended-da
julius-avenue-data-centre,advice-amended-da-cphr-14
julius-avenue-data-centre,advice-amended-da-npws
julius-avenue-data-centre,appendix-b11-flood-model
julius-avenue-data-centre,appendix-b7-flood-impact-and-risk-assessment-amended
julius-avenue-data-centre,appendix-b6-bdar-amended
julius-avenue-data-centre,appendix-b1-architectural-plans-additional
julius-avenue-data-centre,appendix-b8-flood-emergency-response-plan
julius-avenue-data-centre,ssd-80018208-second-rts-6-8-julius-avenue-north-ryde
julius-avenue-data-centre,appendix-b9-stormwater-layout-plan-amended
julius-avenue-data-centre,appendix-b10-ghg-assessment-amended
julius-avenue-data-centre,appendix-b3-traffic-engineering-response
julius-avenue-data-centre,appendix-b5-elec-load-demand-energy-efficiency-file-note
julius-avenue-data-centre,appendix-b4-pue-and-ghg-mitigation-file-note
julius-avenue-data-centre,appendix-b2-bushfire-memorandum
julius-avenue-data-centre,request-rts-letter-amended-da
julius-avenue-data-centre,ssd-ssi-exhibition-and-reexhibition-advertisement05032026
julius-avenue-data-centre,ssd-80018208taxinvoice4000006619
julius-avenue-data-centre,fee-breakdown20260305015322
julius-avenue-data-centre,approved-fee20260302203456
julius-avenue-data-centre,advice-amended-da-frnsw-35
julius-avenue-data-centre,advice-amended-da-rfs
julius-avenue-data-centre,advice-amended-da-tfnsw-71
julius-avenue-data-centre,advice-amended-da-hnswach
julius-avenue-data-centre,advice-amended-da-hnsweh
julius-avenue-data-centre,advice-amended-da-epa-62
julius-avenue-data-centre,advice-amended-da-willoughby-council
julius-avenue-data-centre,advice-amended-da-ausgrid-53
julius-avenue-data-centre,advice-amended-da-dcceew-water-2
julius-avenue-data-centre,request-additional-information-290426
julius-avenue-data-centre,cor-conditions-6-8-talavera-rd-data-centre
julius-avenue-data-centre,cphr-bam-c-advice-rts2-ssd-80018208
julius-avenue-data-centre,request-additional-information-120526
julius-avenue-data-centre,npws-response-julius-ave-data-centre-submissions-report
julius-avenue-data-centre,letter-out-julius-avenue-data-centre-pre-approval-matter
julius-avenue-data-centre,email-request-advice-frnsw
julius-avenue-data-centre,request-advice-131
julius-avenue-data-centre,response-generator-fire-engineering
julius-avenue-data-centre,generator-building-mark
julius-avenue-data-centre,appendix-consolidated-draft-conditions-response
julius-avenue-data-centre,ssd-80018208-review-draft-conditions
julius-avenue-data-centre,draft-ssd-recommended-instrument-consent
julius-avenue-data-centre,rfi-request-comment-draft-conditions-240626
kc1-data-centre-kemps-creek,scoping-report-v5-859-901-mamre-road-kemps-creek
kc1-data-centre-kemps-creek,request-sears20260714060610
kc1-data-centre-kemps-creek,document-type-not-required-1
kc1-data-centre-kemps-creek,amended-dc-sears-ssd-133677993
kc1-data-centre-kemps-creek,ssd-ssi-issued-sears-attachment-2
kc1-data-centre-kemps-creek,ssd-ssi-issued-sears-3200
kc1-data-centre-kemps-creek,ssd-ssi-issued-sears-cover-letter-2445
kc1-data-centre-kemps-creek,revised-bdar-da25-0034-871-883-mamre-road-kemps-creek
kc1-data-centre-kemps-creek,a1-scoping-summary-table
kc1-data-centre-kemps-creek,a3-acoustic-response-dphi-scoping-report-comments
kc1-data-centre-kemps-creek,a2-preliminary-concept-architectural-plans
kc1-data-centre-kemps-creek,epa-comment-sears-cdc-kemps-creek-dc
kc1-data-centre-kemps-creek,a3-acousticresponsetodphiscopingreportcomments
kc1-data-centre-kemps-creek,a1-scopingsummarytable
kc1-data-centre-kemps-creek,a2-preliminaryconceptarchitecturalplans
kc1-data-centre-kemps-creek,ssd-133677993-council-sears-response-proposed-datacentre
kc1-data-centre-kemps-creek,a3-acousticresponsetodphiscopingreportcomments-0
kc1-data-centre-kemps-creek,a1-scopingsummarytable-0
kc1-data-centre-kemps-creek,a2-preliminaryconceptarchitecturalplans-0
kc1-data-centre-kemps-creek,tfnsw-response-syd26-00719-01
kc1-data-centre-kemps-creek,a3-acousticresponsetodphiscopingreportcomments-1
kc1-data-centre-kemps-creek,a1-scopingsummarytable-1
kc1-data-centre-kemps-creek,a2-preliminaryconceptarchitecturalplans-1
kc1-data-centre-kemps-creek,frnsw-kc1-data-centre-kemps-creek
kc1-data-centre-kemps-creek,a3-acousticresponsetodphiscopingreportcomments-2
kc1-data-centre-kemps-creek,a1-scopingsummarytable-2
kc1-data-centre-kemps-creek,a2-preliminaryconceptarchitecturalplans-2
kc1-data-centre-kemps-creek,dca-technical-advisory-template1784298668
kc1-data-centre-kemps-creek,a3-acousticresponsetodphiscopingreportcomments-3
kc1-data-centre-kemps-creek,a1-scopingsummarytable-3
kc1-data-centre-kemps-creek,a2-preliminaryconceptarchitecturalplans-3
kc1-data-centre-kemps-creek,request-formal-dca-advice-form-40
kemps-creek-data-centre-mod-1-data-hall-fit-out,mod-1-assessment-report-67
kemps-creek-data-centre-mod-1-data-hall-fit-out,ssd-10101987-mod-1-letter-v2-10
kemps-creek-data-centre-mod-1-data-hall-fit-out,mod-1-instrument-31
kemps-creek-data-centre-mod-1-data-hall-fit-out,mod-1-architectural-drawings-10
kemps-creek-data-centre-mod-1-data-hall-fit-out,mod-1-stamped-plans-2
kemps-creek-data-centre-mod-1-data-hall-fit-out,modification-application-form-127
kemps-creek-data-centre-mod-1-data-hall-fit-out,ssd-10101987-mod-1-lettersuperceded-10
kemps-creek-data-centre-mod-1-data-hall-fit-out,mod-1-consolidated-conditions-19
kemps-creek-data-centre-mod-1-data-hall-fit-out,mod-1-modification-instrument-5
kemps-creek-data-centre-mod-1-data-hall-fit-out,council-determination-letter
kemps-creek-data-centre-mod-1-data-hall-fit-out,applicant-notice-determination-letter
kemps-creek-data-centre-mod-1-data-hall-fit-out,council-notice-determination-letter
kemps-creek-data-centre-mod-1-data-hall-fit-out,issued-request-updated-application-form-15
kemps-creek-data-centre-mod-1-data-hall-fit-out,modification-application20241002010137-16
kemps-creek-data-centre-mod-1-data-hall-fit-out,syd05-owners-consent-signed-20241002-16
kemps-creek-data-centre-mod-1-data-hall-fit-out,syd05-owners-consent-kemps-creek-data-center-signed-16
kemps-creek-data-centre-mod-1-data-hall-fit-out,ssd-10101987-mod-1-letter-27
kemps-creek-data-centre-mod-1-data-hall-fit-out,s455-issue-ssd-architectural-drawings-1-27
kemps-creek-data-centre-mod-1-data-hall-fit-out,receipt-4000001715ssd-10101987-mod-1psims-10
kemps-creek-data-centre-mod-1-data-hall-fit-out,ssd-10101987-mod-1invoice4000001715-psims-12
kemps-creek-data-centre-mod-1-data-hall-fit-out,fee-breakdown20241009232317-12
kemps-creek-data-centre-mod-1-data-hall-fit-out,approved-fee20241007222601-13
kemps-creek-data-centre-mod-1-data-hall-fit-out,mod-1-council-advice-8
kemps-creek-data-centre-mod-1-data-hall-fit-out,rfi-request-comment-draft-conditions-2596
kemps-creek-data-centre-mod-1-data-hall-fit-out,attachment-1-draft-mod-instrument-4
kemps-creek-data-centre,appendix-3-stage-1-sub-plan-170
kemps-creek-data-centre,appendix-4-stage-2-sub-plan-170
kemps-creek-data-centre,appendix-2-cost-report-257
kemps-creek-data-centre,scoping-report-37407
kemps-creek-data-centre,appendix-1-architectural-plans-700
kemps-creek-data-centre,appendix-9-civil-engineering-53
kemps-creek-data-centre,appendix-26-community-consultation-report-133
kemps-creek-data-centre,appendix-8-lvia-53
kemps-creek-data-centre,appendix-22-services-infrastructure-assessment-52
kemps-creek-data-centre,appendix-10-geotechnical-reportreduced-52
kemps-creek-data-centre,appendix-13-air-quality-impact-assessment-123
kemps-creek-data-centre,appendix-14-noise-impact-assessment-53
kemps-creek-data-centre,appendix-19-waste-management-report-52
kemps-creek-data-centre,environmental-impact-statement-9658
kemps-creek-data-centre,appendix-11-traffic-impact-assessment-210
kemps-creek-data-centre,appendix-15-historical-heritage-impact-statement-52
kemps-creek-data-centre,appendix-28-architectural-design-report-52
kemps-creek-data-centre,appendix-7-landscape-plans-design-report-52
kemps-creek-data-centre,appendix-20-bushfire-impact-assessment-52
kemps-creek-data-centre,appendix-12-bdar-136
kemps-creek-data-centre,appendix-21-sepp-33-report-67
kemps-creek-data-centre,appendix-3-survey-plan-232
kemps-creek-data-centre,appendix-23-bca-report-53
kemps-creek-data-centre,appendix-29-bdar-waiver-request-52
kemps-creek-data-centre,appendix-25-dcp-assessment-52
kemps-creek-data-centre,appendix-18-ghg-and-energy-efficie-52
kemps-creek-data-centre,appendix-17-ecologically-sustainable-development-52
kemps-creek-data-centre,appendix-5-ssd-9522-stage-2-subdivision-plan-52
kemps-creek-data-centre,appendix-24-airport-safeguarding-memorandum-52
kemps-creek-data-centre,appendix-4-ssd-9522-stage-1-subdivision-plan-52
kemps-creek-data-centre,appendix-1-sears-1497
kemps-creek-data-centre,appendix-27-sydney-water-correspondence-52
kemps-creek-data-centre,appendix-16-aboriginal-cultural-heritage-52
kemps-creek-data-centre,appendix-2-quantity-surveyors-report-269
kemps-creek-data-centre,ssd-notice-decision-253
kemps-creek-data-centre,signed-ssd-instrument-kemps-creek-data-centre-3
kemps-creek-data-centre,signed-ssd-ssi-assessment-report-8
kemps-creek-data-centre,ssd-10101987-letter-applicant-0
kemps-creek-data-centre,ssd-10101987-letter-submitter-0
kemps-creek-data-centre,ssd-10101987-notice-determination-not-required-0
kemps-creek-data-centre,nsw-rfs-comments-rts-24
kemps-creek-data-centre,pcc-comments-rts-32
kemps-creek-data-centre,20220411-rfi-construction-traffic-238
kemps-creek-data-centre,kemps-creek-data-centre-dpie-eis-comments-52
kemps-creek-data-centre,endeavour-energy-advise-52
kemps-creek-data-centre,nsw-rfs-advise-kemps-creek-dc-52
kemps-creek-data-centre,wsa-submission-kemps-creek-dc-52
kemps-creek-data-centre,ssd-10101987-receipt-22051634-psims-52
kemps-creek-data-centre,revised-invoice-no-22051634-ssd-10102987-psims-52
kemps-creek-data-centre,application20210914054926-52
kemps-creek-data-centre,appendix-6-architectural-plans1of2-52
kemps-creek-data-centre,appendix-6-architectural-plans2of2-52
kemps-creek-data-centre,land-owners-consent-911
kemps-creek-data-centre,issued-sears-cover-letter01032021104955-52
kemps-creek-data-centre,issued-sears01032021104947-52
kemps-creek-data-centre,endeavour-energy-sears-input-58
kemps-creek-data-centre,appendix-1-preliminary-architectural-plans-795
kemps-creek-data-centre,issued-sears-cover-letter12112020022923-52
kemps-creek-data-centre,issued-sears12112020022920-52
kemps-creek-data-centre,sydneywater-advice-sears-52
kemps-creek-data-centre,greater-sydney-and-urban-design-comments-52
kemps-creek-data-centre,appendix-2-preliminary-cost-report-186
kemps-creek-data-centre,appendix-4-stage-2-subdivision-plan-59
kemps-creek-data-centre,sears-request-cover-letter-331
kemps-creek-data-centre,appendix-3-stage-1-subdivision-plan-59
kemps-creek-data-centre,scoping-report-37408
kemps-creek-data-centre,appendix-1-preliminary-architectural-plans-796
kemps-creek-data-centre,scoping-meeting-request20201015231211-52
kemps-creek-data-centre,scoping-details-pdf-23636
kemps-creek-data-centre,request-sears20201016034542-52
kemps-creek-data-centre,letter-dpie-regarding-sears-ssd-10101987-52
kemps-creek-data-centre,20201028-tfnsw-response-syd200121301-52
kemps-creek-data-centre,response-sears-ssd10101987-52
kemps-creek-data-centre,signed-letter-kemps-creek-52
kemps-creek-data-centre,waternsw-response-sears-request-ssd-10101987-52
kemps-creek-data-centre,tfnsw-response-6689
kemps-creek-data-centre,receipt-22051634-part-ssd-10101987-psims-52
kemps-creek-data-centre,ssd-10101987-invoice-22051634-psims-52
kemps-creek-data-centre,fee-breakdown20210921222524-52
kemps-creek-data-centre,ssd-10101987-response-submissions-report-35
kemps-creek-data-centre,appendix-c1-updated-architectural-plans1of2-35
kemps-creek-data-centre,appendix-c1-updated-architectural-plans2of2-35
kemps-creek-data-centre,appendix-c4-updated-noise-and-vibration-impact-assessment-35
kemps-creek-data-centre,appendix-c2-updated-landscape-plans-35
kemps-creek-data-centre,appendix-c5-connection-country-design-report-35
kemps-creek-data-centre,appendix-c3-mamre-road-precinct-dcp-assessment-table-35
kemps-creek-data-centre,appendix-c6-casa-1247-form-35
kemps-creek-data-centre,request-rts-4367
kemps-creek-data-centre,notice-exhibition19112021085044-52
kemps-creek-data-centre,letter-dpie-regarding-eis-kemps-creek-d-53
kemps-creek-data-centre,waternsw-response-eis-ssd-10101987-52
kemps-creek-data-centre,dpie-water-response-3189
kemps-creek-data-centre,kemps-creek-data-centre-response-letter-52
kemps-creek-data-centre,epa-response-eis-228
kemps-creek-data-centre,ees-comments-ssd-10101987-kemps-creek-data-centre-52
kemps-creek-data-centre,kemps-creek-data-centre-fire-and-rescue-52
kemps-creek-data-centre,20211221-tfnsw-response-syd210121303-52
kemps-creek-data-centre,1-303
kemps-creek-data-centre,request-additional-information-8697
kemps-creek-data-centre,pcc-council-comments-rts-28
kemps-creek-data-centre,epa-response-kemps-creek-data-centre-29
kemps-creek-data-centre,ehg-response-ssd-10101987-kemps-creek-data-centre-rts-30
kemps-creek-data-centre,kemps-creek-data-centre-ssd-10101987-33
kemps-creek-data-centre,20230228-tfnsw-response-syd200121304-15
kemps-creek-data-centre,letter-out-kemps-creek-data-centre-rts-33
kemps-creek-data-centre,waternsw-response-ssd-10101987-rts-kemps-creek-data-centre-30
kemps-creek-data-centre,out22-18047-kemps-creek-data-centre-ssd-10101987-rts-33
kemps-creek-data-centre,vpa-cover-letter-9
kemps-creek-data-centre,request-additional-information5781856-34
kemps-creek-data-centre,ehg-kemps-creek-data-centre-ssd-10101987-17
kemps-creek-data-centre,ssd-10101987-cover-letter-dpe-46
kemps-creek-data-centre,ssd-10101987-response-matrix-46
kemps-creek-data-centre,wnsw-response-additional-info-kemps-creek-data-centre-19
kemps-creek-data-centre,ssd-10101987-cover-letter-dpe-47
kemps-creek-data-centre,ssd-10101987-response-matrix-47
kemps-creek-data-centre,penrith-council-submission-ssd-10101987-data-centre-rts-13
kemps-creek-data-centre,attachment-2-landscape-plans-kemps-creek-v2reduced-23
kemps-creek-data-centre,attachment-1-response-penrith-city-council-23
kemps-creek-data-centre,ssd-10101987-response-council-cover-letter-dpe-23
kurri-kurri-data-centre,ssd-128819490-amended-sears-dc-guidelines
kurri-kurri-data-centre,kurri-kurri-data-centre-scoping-report-16-06-2026
kurri-kurri-data-centre,kurri-kurri-dc-cover-letter
kurri-kurri-data-centre,appendix-1-concept-plans-813
kurri-kurri-data-centre,kurri-kurri-dc-sears-table
kurri-kurri-data-centre,appendix-2-summary-table
kurri-kurri-data-centre,attachment-2-agency-advice-1695
kurri-kurri-data-centre,appendix-3-sas
kurri-kurri-data-centre,appendix-4-biodiversity-certification
kurri-kurri-data-centre,appendix-4a-ceritification-map
kurri-kurri-data-centre,appendix-5-previous-bdar
kurri-kurri-data-centre,appendix-7-proposed-cdc-works
kurri-kurri-data-centre,application20260916135344
kurri-kurri-data-centre,application20260911100009
kurri-kurri-data-centre,wtj26-278-environmental-impact-statement-htrkur
kurri-kurri-data-centre,appendix-26-engagement-report-62
kurri-kurri-data-centre,appendix-22-social-impact-assessment-2
kurri-kurri-data-centre,kurri-kurri-data-centre-draft-letter-offerdocx
kurri-kurri-data-centre,appendix-34-unexpected-finds-protocol
kurri-kurri-data-centre,appendix-18-contamination-report-0
kurri-kurri-data-centre,appendix-7-visual-impact-assessment-35
kurri-kurri-data-centre,appendix-33-preliminary-groundwater-impact-assessment
kurri-kurri-data-centre,appendix-23-utilities-infrastructure-report
kurri-kurri-data-centre,appendix-28-integrated-water-cycle-management-plan
kurri-kurri-data-centre,appendix-30-plant-and-equipment-systems-report
kurri-kurri-data-centre,appendix-29-hunter-water-consultation-summary
kurri-kurri-data-centre,appendix-32-nsw-data-guidelines-compliance-assessment
kurri-kurri-data-centre,appendix-31-complying-development-certificate
kurri-kurri-data-centre,appendix-25-flood-impact-risk-assessment-report
kurri-kurri-data-centre,appendix-26-community-and-stakeholder-engagement-report
kurri-kurri-data-centre,appendix-24-bushfire-assessment-report
kurri-kurri-data-centre,appendix-27-cessnock-development-control-plan
kurri-kurri-data-centre,appendix-20-aboriginal-cultural-heritage-assessment-0
kurri-kurri-data-centre,appendix-19-waste-management-plan-3
kurri-kurri-data-centre,appendix-21-non-aboriginal-cultural-heritage-assessment
kurri-kurri-data-centre,appendix-16-civil-engineering-plans-97
kurri-kurri-data-centre,appendix-17-preliminary-risk-screening
kurri-kurri-data-centre,appendix-12-air-quality-impact-assessment-38
kurri-kurri-data-centre,appendix-14-greenhouse-gas-assessment-129
kurri-kurri-data-centre,appendix-13-noise-and-vibration-impact-report
kurri-kurri-data-centre,appendix-15-achar-project-update-letter
kurri-kurri-data-centre,appendix-8-transport-impact-assessment-33
kurri-kurri-data-centre,appendix-9-landscape-plans-38
kurri-kurri-data-centre,appendix-10-ecologically-sustainable-development-report-87
kurri-kurri-data-centre,appendix-6-survey-plan-256
kurri-kurri-data-centre,appendix-5-built-form-and-urban-design-reportoptimized
kurri-kurri-data-centre,appendix-4c-architectural-plans
kurri-kurri-data-centre,appendix-4a-architectural-plans
kurri-kurri-data-centre,appendix-4b-architectural-plans
kurri-kurri-data-centre,appendix-4d-architectural-plans
kurri-kurri-data-centre,appendix-11-biodiversity-development-assessment-report-419
kurri-kurri-data-centre,nabers-form-97
kurri-kurri-data-centre,appendix-3-title-documents-393
kurri-kurri-data-centre,appendix-2-estimated-development-cost-186
kurri-kurri-data-centre,appendix-1-kurri-kurri-dc-sears-table-amended-sears
kurri-kurri-data-centre,landowner-consent-1124
kurri-kurri-data-centre,document-type-not-required
kurri-kurri-data-centre,appendix-6-previous-achar
kurri-kurri-data-centre,appendix-4-mccloy-group-biodiversity-certification
kurri-kurri-data-centre,appendix-2-scoping-summary-table-237
kurri-kurri-data-centre,appendix-4a-map-certification-stewardship-sites
kurri-kurri-data-centre,appendix-7-cdc-works
kurri-kurri-data-centre,appendix-3-site-audit-statement
kurri-kurri-data-centre,appendix-6-achar
kurri-kurri-data-centre,appendix-5-bdar-12
kurri-kurri-data-centre,appendix-1-concept-development-plans
kurri-kurri-data-centre,request-sears20260619041419
kurri-kurri-data-centre,ssd-draft-sears-response-cessnock
kurri-kurri-data-centre,kurri-kurri-dc-sears-table-draft
kurri-kurri-data-centre,epa-response-kurri-kurri-data-centre-020726
kurri-kurri-data-centre,kurri-kurri-dc-sears-table-draft-0
kurri-kurri-data-centre,hnsw-ach-ssd-128819490-searsappid15089
kurri-kurri-data-centre,kurri-kurri-dc-sears-table-draft-1
kurri-kurri-data-centre,kurri-kurri-dc-sears-table-draft-2
kurri-kurri-data-centre,1900170849-ausgrid-sears-response-kurri-data-centre
kurri-kurri-data-centre,kurri-kurri-dc-sears-table-draft-3
kurri-kurri-data-centre,advice-sears-kurri-kurri-data-centre
kurri-kurri-data-centre,kurri-kurri-dc-sears-table-draft-4
kurri-kurri-data-centre,kurri-kurri-dc-sears-table-draft-5
kurri-kurri-data-centre,tfnsw-response-ssd-128819490-kurri-kurri-data-centre
kurri-kurri-data-centre,kurri-kurri-dc-sears-table-draft-6
kurri-kurri-data-centre,letter-out-sears-kurri-kurri-data-centre
kurri-kurri-data-centre,kurri-kurri-dc-sears-table-draft-7
lanceley-place-data-centre-artarmon,node/137226701
lanceley-place-data-centre-artarmon,node/137226706
lanceley-place-data-centre-artarmon,node/137226711
lanceley-place-data-centre-artarmon,node/137226716
lanceley-place-data-centre-artarmon,node/137226721
lanceley-place-data-centre-artarmon,node/137226726
lanceley-place-data-centre-artarmon,node/137226731
lanceley-place-data-centre-artarmon,node/137226736
lanceley-place-data-centre-artarmon,node/137226741
lanceley-place-data-centre-artarmon,node/137226746
lanceley-place-data-centre-artarmon,node/137226751
lanceley-place-data-centre-artarmon,node/137226756
lanceley-place-data-centre-artarmon,node/137226761
lanceley-place-data-centre-artarmon,node/137226766
lanceley-place-data-centre-artarmon,node/137226771
lanceley-place-data-centre-artarmon,node/137226776
lanceley-place-data-centre-artarmon,node/137226781
lanceley-place-data-centre-artarmon,node/137226786
lanceley-place-data-centre-artarmon,node/137226791
lanceley-place-data-centre-artarmon,node/137226796
lanceley-place-data-centre-artarmon,node/137226801
lanceley-place-data-centre-artarmon,node/137226806
lanceley-place-data-centre-artarmon,node/137226811
lanceley-place-data-centre-artarmon,node/137226816
lanceley-place-data-centre-artarmon,node/137226821
lanceley-place-data-centre-artarmon,node/137226826
lanceley-place-data-centre-artarmon,node/137226831
lanceley-place-data-centre-artarmon,node/137226836
lanceley-place-data-centre-artarmon,node/137226841
lanceley-place-data-centre-artarmon,node/137226846
lanceley-place-data-centre-artarmon,node/137226851
lanceley-place-data-centre-artarmon,node/137226856
lanceley-place-data-centre-artarmon,node/137226861
lanceley-place-data-centre-artarmon,node/137226866
lanceley-place-data-centre-artarmon,node/137226871
lanceley-place-data-centre-artarmon,node/137226876
lanceley-place-data-centre-artarmon,node/137226881
lanceley-place-data-centre-artarmon,node/137226886
lanceley-place-data-centre-artarmon,node/137226891
lanceley-place-data-centre-artarmon,node/137226896
lanceley-place-data-centre-artarmon,node/137226901
lanceley-place-data-centre-artarmon,node/137226906
lanceley-place-data-centre-artarmon,node/137226911
lanceley-place-data-centre-artarmon,node/137226916
lanceley-place-data-centre-artarmon,node/137226921
lanceley-place-data-centre-artarmon,node/137226926
lanceley-place-data-centre-artarmon,node/137226931
lanceley-place-data-centre-artarmon,node/137226936
lanceley-place-data-centre-artarmon,node/137226941
lanceley-place-data-centre-artarmon,node/137226946
lanceley-place-data-centre-artarmon,node/137226951
lanceley-place-data-centre-artarmon,node/137226956
lanceley-place-data-centre-artarmon,node/137226961
lanceley-place-data-centre-artarmon,node/137226966
lanceley-place-data-centre-artarmon,node/137226971
lanceley-place-data-centre-artarmon,node/137226976
lanceley-place-data-centre-artarmon,node/137226981
lanceley-place-data-centre-artarmon,node/137226986
lanceley-place-data-centre-artarmon,node/137226991
lanceley-place-data-centre-artarmon,node/137226996
lanceley-place-data-centre-artarmon,node/137227001
lanceley-place-data-centre-artarmon,node/137227006
lanceley-place-data-centre-artarmon,node/137227011
lanceley-place-data-centre-artarmon,node/137227016
lanceley-place-data-centre-artarmon,node/137227021
lanceley-place-data-centre-artarmon,node/137227026
lanceley-place-data-centre-artarmon,node/137227031
lanceley-place-data-centre-artarmon,node/137227036
lanceley-place-data-centre-artarmon,node/137227041
lanceley-place-data-centre-artarmon,node/137227046
lanceley-place-data-centre-artarmon,node/137227051
lanceley-place-data-centre-artarmon,node/137227056
lanceley-place-data-centre-artarmon,node/137227061
lanceley-place-data-centre-artarmon,node/137227066
lanceley-place-data-centre-artarmon,node/137227071
lanceley-place-data-centre-artarmon,node/137227076
lanceley-place-data-centre-artarmon,node/137227081
lanceley-place-data-centre-artarmon,node/137227086
lanceley-place-data-centre-artarmon,node/137227091
lanceley-place-data-centre-artarmon,node/137227096
lanceley-place-data-centre-artarmon,node/137227101
lanceley-place-data-centre-artarmon,node/137227106
lanceley-place-data-centre-artarmon,node/137227111
lanceley-place-data-centre-artarmon,node/137227116
lanceley-place-data-centre-artarmon,node/137227121
lanceley-place-data-centre-artarmon,node/137227126
lanceley-place-data-centre-artarmon,node/137227131
lanceley-place-data-centre-artarmon,node/137227136
lanceley-place-data-centre-artarmon,node/137227141
lanceley-place-data-centre-artarmon,node/137227146
lanceley-place-data-centre-artarmon,node/137227151
lanceley-place-data-centre-artarmon,node/137227156
lanceley-place-data-centre-artarmon,node/137227161
lanceley-place-data-centre-artarmon,node/137227166
lanceley-place-data-centre-artarmon,node/137227171
lanceley-place-data-centre-artarmon,node/137227176
lanceley-place-data-centre-artarmon,node/137227181
lanceley-place-data-centre-artarmon,node/137227186
lanceley-place-data-centre-artarmon,node/137227191
lanceley-place-data-centre-artarmon,node/137227196
lanceley-place-data-centre-artarmon,node/137227201
lanceley-place-data-centre-artarmon,node/137227206
lanceley-place-data-centre-artarmon,node/137227211
lanceley-place-data-centre-artarmon,node/137227216
lanceley-place-data-centre-artarmon,node/137227221
lanceley-place-data-centre-artarmon,node/137227226
lanceley-place-data-centre-artarmon,node/137227231
lanceley-place-data-centre-artarmon,node/137227236
lanceley-place-data-centre-artarmon,node/137227241
lanceley-place-data-centre-artarmon,node/137227246
lanceley-place-data-centre-artarmon,node/137227251
lanceley-place-data-centre-artarmon,node/137227256
lanceley-place-data-centre-artarmon,node/137227261
lanceley-place-data-centre-artarmon,node/137227266
lanceley-place-data-centre-artarmon,node/137227271
lanceley-place-data-centre-artarmon,node/137227276
lanceley-place-data-centre-artarmon,node/137227281
lanceley-place-data-centre-artarmon,node/137227286
lanceley-place-data-centre-artarmon,node/137227291
lanceley-place-data-centre-artarmon,node/137227296
lanceley-place-data-centre-artarmon,node/137227301
lanceley-place-data-centre-artarmon,node/137227306
lanceley-place-data-centre-artarmon,node/137227311
lanceley-place-data-centre-artarmon,node/137227316
lanceley-place-data-centre-artarmon,node/137227321
lanceley-place-data-centre-artarmon,node/137227326
lanceley-place-data-centre-artarmon,node/137227331
lanceley-place-data-centre-artarmon,node/137227336
lanceley-place-data-centre-artarmon,node/137227341
lanceley-place-data-centre-artarmon,node/137227346
lanceley-place-data-centre-artarmon,node/137227351
lanceley-place-data-centre-artarmon,node/137227356
lanceley-place-data-centre-artarmon,node/137227361
lanceley-place-data-centre-artarmon,node/137227366
lanceley-place-data-centre-artarmon,node/137227371
lanceley-place-data-centre-artarmon,node/137227376
lanceley-place-data-centre-artarmon,node/137227381
lanceley-place-data-centre-artarmon,node/137227386
lanceley-place-data-centre-artarmon,node/137227391
lanceley-place-data-centre-artarmon,node/137227396
lanceley-place-data-centre-artarmon,node/137227401
lanceley-place-data-centre-artarmon,node/137227406
lanceley-place-data-centre-artarmon,node/137227411
lanceley-place-data-centre-artarmon,node/137227416
lanceley-place-data-centre-artarmon,node/137227421
lane-cove-west-data-centre-mod-1-fuel-storage,mod-1-assessment-report-4
lane-cove-west-data-centre-mod-1-fuel-storage,ssd-9741-modification-application-report
lane-cove-west-data-centre-mod-1-fuel-storage,mod-1-modification-instrument
lane-cove-west-data-centre-mod-1-fuel-storage,response-submissions-48
lane-cove-west-data-centre-mod-1-fuel-storage,appendix-1-ssd-9741
lane-cove-west-data-centre-mod-1-fuel-storage,ssd-9741-mod-1-stamped-planspart1
lane-cove-west-data-centre-mod-1-fuel-storage,appendix-1-landscape-plans
lane-cove-west-data-centre-mod-1-fuel-storage,mod-1-lane-cove-council-response
lane-cove-west-data-centre-mod-1-fuel-storage,appendix-2-ssd-9741-plans
lane-cove-west-data-centre-mod-1-fuel-storage,ssd-9741-mod-1-stamped-planspart2
lane-cove-west-data-centre-mod-1-fuel-storage,appendix-2-landscape-design-report
lane-cove-west-data-centre-mod-1-fuel-storage,mod-1-frnsw-response
lane-cove-west-data-centre-mod-1-fuel-storage,appendix-3-survey-plan-1
lane-cove-west-data-centre-mod-1-fuel-storage,ssd-9741-mod-1-stamped-planspart3
lane-cove-west-data-centre-mod-1-fuel-storage,appendix-3-geoscapes-letter-support
lane-cove-west-data-centre-mod-1-fuel-storage,mod-1-safework-nsw-response
lane-cove-west-data-centre-mod-1-fuel-storage,appendix-4-architectural-plans-4
lane-cove-west-data-centre-mod-1-fuel-storage,ssd-9741-mod-1-stamped-planspart4
lane-cove-west-data-centre-mod-1-fuel-storage,appendix-4-travers-bushfire-and-ecology
lane-cove-west-data-centre-mod-1-fuel-storage,mod-1-transport-nsw-response
lane-cove-west-data-centre-mod-1-fuel-storage,appendix-5-landscape-plans-2
lane-cove-west-data-centre-mod-1-fuel-storage,mod-1-rts-epa-response
lane-cove-west-data-centre-mod-1-fuel-storage,appendix-5-air-quality-letter-support
lane-cove-west-data-centre-mod-1-fuel-storage,appendix-6-landscape-design-report-0
lane-cove-west-data-centre-mod-1-fuel-storage,mod-1-rts-ees-response
lane-cove-west-data-centre-mod-1-fuel-storage,appendix-6-air-quality-impact-assessment-0
lane-cove-west-data-centre-mod-1-fuel-storage,appendix-7-visual-impact-assessment
lane-cove-west-data-centre-mod-1-fuel-storage,appendix-8-water-quality-report
lane-cove-west-data-centre-mod-1-fuel-storage,appendix-9-tar
lane-cove-west-data-centre-mod-1-fuel-storage,appendix-10-vegetation-management-plan
lane-cove-west-data-centre-mod-1-fuel-storage,appendix-11-noise-impact-assessment
lane-cove-west-data-centre-mod-1-fuel-storage,appendix-12-bushfire-assessment-report
lane-cove-west-data-centre-mod-1-fuel-storage,appendix-13-sepp-33-report
lane-cove-west-data-centre-mod-1-fuel-storage,appendix-14-dg-report
lane-cove-west-data-centre-mod-1-fuel-storage,appendix-15-ctmp
lane-cove-west-data-centre-mod-1-fuel-storage,appendix-16-bca-report
lane-cove-west-data-centre-mod-1-fuel-storage,appendix-17-fire-engineering-report
lane-cove-west-data-centre-mod-1-fuel-storage,appendix-18-lane-cove-dcp
lane-cove-west-data-centre-mod-1-fuel-storage,appendix-19-generator-specification
lane-cove-west-data-centre-mod-1-fuel-storage,appendix-20-waste-management-plan-0
lane-cove-west-data-centre-mod-1-fuel-storage,ssd-9741-modification-application-report-superceded
lane-cove-west-data-centre-mod-1-fuel-storage,appendix-13-sepp-33-report-superceded
lane-cove-west-data-centre-mod-1-fuel-storage,appendix-14-dgs-report-superceded
lane-cove-west-data-centre-mod-1-fuel-storage,mod-1-consolidated-consent
lane-cove-west-data-centre-mod-1-fuel-storage,mod-1-modification-instrument-recommendation
lane-cove-west-data-centre-mod-1-fuel-storage,mod-1-consolidated-consent-recommendation
lane-cove-west-data-centre-mod-1-fuel-storage,mod-1-assessment-report-recommendation
lane-cove-west-data-centre-mod-1-fuel-storage,mod-1-hazards-team-response-internal
lane-cove-west-data-centre-mod-1-fuel-storage,modification-application20200205065856
lane-cove-west-data-centre-mod-1-fuel-storage,rove-estate-owners-consent-lane-cove-0
lane-cove-west-data-centre-mod-1-fuel-storage,pre-scoping-meeting-minutes
lane-cove-west-data-centre-mod-1-fuel-storage,scoping-meeting-request20191217235212
lane-cove-west-data-centre-mod-1-fuel-storage,preparation-modification-report20122019105950
lane-cove-west-data-centre-mod-1-fuel-storage,ssd-9741-mod-1-receipt-22043908-psims
lane-cove-west-data-centre-mod-1-fuel-storage,ssd-9741-mod-1-invoice-22043908-psims
lane-cove-west-data-centre-mod-1-fuel-storage,fee-breakdown20200310033824
lane-cove-west-data-centre-mod-1-fuel-storage,mod-1-epa-response
lane-cove-west-data-centre-mod-1-fuel-storage,mod-1-ees-response
lane-cove-west-data-centre-mod-1-fuel-storage,rfi-request-additional-information13032020121201
lane-cove-west-data-centre-mod-1-fuel-storage,nsw-dpie-and-tfnsw
lane-cove-west-data-centre-mod-1-fuel-storage,appendix-1-land-owners-consent
lane-cove-west-data-centre-mod-1-fuel-storage,appendix-3-lct-letter-support
lane-cove-west-data-centre-mod-1-fuel-storage,appendix-2-management-and-mitigation-measures
lane-cove-west-data-centre-mod-1-fuel-storage,20200317-transport-nsw-response
lane-cove-west-data-centre-mod-1-fuel-storage,20200318-additional-information-required
lane-cove-west-data-centre-mod-1-fuel-storage,appendix-1-landscape-plans-0
lane-cove-west-data-centre-mod-1-fuel-storage,appendix-6-air-quality-impact-assessment-1
lane-cove-west-data-centre-mod-1-fuel-storage,appendix-2-landscape-design-report-0
lane-cove-west-data-centre-mod-1-fuel-storage,response-submissions-49
lane-cove-west-data-centre-mod-1-fuel-storage,appendix-4-travers-bushfire-and-ecology-0
lane-cove-west-data-centre-mod-1-fuel-storage,appendix-3-geoscapes-letter-support-0
lane-cove-west-data-centre-mod-1-fuel-storage,appendix-5-air-quality-letter-support-0
lane-cove-west-data-centre-mod-1-fuel-storage,2020408-applicant-response-draft-conditions
lane-cove-west-data-centre-mod-1-fuel-storage,rfi-request-comment-draft-conditions0304202012364
lane-cove-west-data-centre-mod-1-fuel-storage,instrument-modification-draft-v1
lane-cove-west-data-centre-mod-1-fuel-storage,2052020-monthly-advert-notice-9
lane-cove-west-data-centre-mod-1-fuel-storage,monthly-government-notice-board30042020105601
lane-cove-west-data-centre-mod-1-fuel-storage,notes-136
lane-cove-west-data-centre-mod-2-layout-changes,mod-2-assessment-report
lane-cove-west-data-centre-mod-2-layout-changes,ssd-9741-mod-2-modification-application-report
lane-cove-west-data-centre-mod-2-layout-changes,mod-2-instrument-modification
lane-cove-west-data-centre-mod-2-layout-changes,appendix-1-ssd-9741-instrument-approval
lane-cove-west-data-centre-mod-2-layout-changes,mod-2-notice-decision
lane-cove-west-data-centre-mod-2-layout-changes,appendix-2-ssd-9741-mod-1-instrument-approval
lane-cove-west-data-centre-mod-2-layout-changes,appendix-3-ssd-9741-mod-1-approved-plans
lane-cove-west-data-centre-mod-2-layout-changes,appendix-4-ssd-9741-mod-1-approved-plans
lane-cove-west-data-centre-mod-2-layout-changes,appendix-5-ssd-9741-mod-1-approved-plans
lane-cove-west-data-centre-mod-2-layout-changes,appendix-6-ssd-9741-mod-1-approved-plans
lane-cove-west-data-centre-mod-2-layout-changes,appendix-7-architectural-plans-1
lane-cove-west-data-centre-mod-2-layout-changes,appendix-8-landscape-plans
lane-cove-west-data-centre-mod-2-layout-changes,appendix-9-landscape-design-report
lane-cove-west-data-centre-mod-2-layout-changes,appendix-10-traffic-impact-assessment-2
lane-cove-west-data-centre-mod-2-layout-changes,appendix-11-noise-impact-assessment-0
lane-cove-west-data-centre-mod-2-layout-changes,appendix-12-bdar
lane-cove-west-data-centre-mod-2-layout-changes,appendix-13-vegetation-management-plan
lane-cove-west-data-centre-mod-2-layout-changes,appendix-14-bushfire-impact-assessment
lane-cove-west-data-centre-mod-2-layout-changes,appendix-15-section-j-report-0
lane-cove-west-data-centre-mod-2-layout-changes,appendix-16-bca-report-0
lane-cove-west-data-centre-mod-2-layout-changes,appendix-17-access-report
lane-cove-west-data-centre-mod-2-layout-changes,appendix-18-lcdcp2009-comp
lane-cove-west-data-centre-mod-2-layout-changes,appendix-19-stap-tag
lane-cove-west-data-centre-mod-2-layout-changes,appendix-20-civil-engineering-letter-support
lane-cove-west-data-centre-mod-2-layout-changes,consolidated-consent-august-2021
lane-cove-west-data-centre-mod-2-layout-changes,mod-2-stamped-plans
lane-cove-west-data-centre-mod-2-layout-changes,mod-2-consolidated-consent
lane-cove-west-data-centre-mod-2-layout-changes,notice-decision-recommendation-0
lane-cove-west-data-centre-mod-2-layout-changes,modifying-instrument-recommendation
lane-cove-west-data-centre-mod-2-layout-changes,assessment-report-recommendation-10
lane-cove-west-data-centre-mod-2-layout-changes,consolidated-consent-recommendation-5
lane-cove-west-data-centre-mod-2-layout-changes,2-apollo-place-land-owners-consent
lane-cove-west-data-centre-mod-2-layout-changes,modification-application20200921015302
lane-cove-west-data-centre-mod-2-layout-changes,appendix-7-architectural-plans-superceded
lane-cove-west-data-centre-mod-2-layout-changes,issued-reject-modification-report15092020033918
lane-cove-west-data-centre-mod-2-layout-changes,20200914-ssd-9741-mod-2-adequacy-review
lane-cove-west-data-centre-mod-2-layout-changes,attachment-2-current-bushfire-related-conditions
lane-cove-west-data-centre-mod-2-layout-changes,modification-application20200911053535
lane-cove-west-data-centre-mod-2-layout-changes,land-owners-consent-36
lane-cove-west-data-centre-mod-2-layout-changes,scoping-meeting-request20200812003307
lane-cove-west-data-centre-mod-2-layout-changes,appendix-2-legal-review
lane-cove-west-data-centre-mod-2-layout-changes,2-apollo-placepre-scoping-meeting-request
lane-cove-west-data-centre-mod-2-layout-changes,appendix-1-preliminary-architectural-plans-0
lane-cove-west-data-centre-mod-2-layout-changes,scoping-meeting-request20200828004254
lane-cove-west-data-centre-mod-2-layout-changes,scoping-details-pdf-187
lane-cove-west-data-centre-mod-2-layout-changes,attachment-b-information-requirements
lane-cove-west-data-centre-mod-2-layout-changes,preparation-modification-report04092020023003
lane-cove-west-data-centre-mod-2-layout-changes,ssd-9741-mod-2-receipt-22047105-psims
lane-cove-west-data-centre-mod-2-layout-changes,ssd-9741-mod-2-invoice-22047105-psims
lane-cove-west-data-centre-mod-2-layout-changes,fee-breakdown20200927230815
lane-cove-west-data-centre-mod-2-layout-changes,ssd-9741-mod-2-response-submissions
lane-cove-west-data-centre-mod-2-layout-changes,notice-exhibition-mod-2
lane-cove-west-data-centre-mod-2-layout-changes,appendix-1-traffic-impact-assessment
lane-cove-west-data-centre-mod-2-layout-changes,appendix-2-cost-summary-report-0
lane-cove-west-data-centre-mod-2-layout-changes,appendix-3-mitigation-measures
lane-cove-west-data-centre-mod-2-layout-changes,appendix-4-tree-impacts-letter-support
lane-cove-west-data-centre-mod-2-layout-changes,appendix-5-geoscapes-letter-support
lane-cove-west-data-centre-mod-2-layout-changes,appendix-6-ecoplanning
lane-cove-west-data-centre-mod-2-layout-changes,appendix-7-bdar
lane-cove-west-data-centre-mod-2-layout-changes,appendix-8-stap-tag
lane-cove-west-data-centre-mod-2-layout-changes,request-rts21102020110722
lane-cove-west-data-centre-mod-2-layout-changes,tfnsw-response-ssd9741-mod2-lane-cove-w-data-ctre
lane-cove-west-data-centre-mod-2-layout-changes,ees-response-ssd9741-mod-2-12-oct-2020
lane-cove-west-data-centre-mod-2-layout-changes,rfi-request-comment-draft-conditions1711202003331
lane-cove-west-data-centre-mod-2-layout-changes,ssd-9741-mod-2-modification-instrument-draft
lane-cove-west-data-centre-mod-2-layout-changes,1-sirius-road-land-owners-consent
lane-cove-west-data-centre-mod-2-layout-changes,2-apollo-place-land-owners-consent-0
lane-cove-west-data-centre-mod-2-layout-changes,rfi-request-additional-information30102020033354
lane-cove-west-data-centre-mod-2-layout-changes,mod-2-rts-eesg-response
lane-cove-west-data-centre-mod-2-layout-changes,2-apollo-roof-demo-plan
lane-cove-west-data-centre-mod-2-layout-changes,rfi-request-additional-information26112020051904
lane-cove-west-data-centre-mod-3-design-changes,syd2-chiller-swl-measurements-9
lane-cove-west-data-centre-mod-3-design-changes,ssd-9741-mod3wtp-mod-report-52
lane-cove-west-data-centre-mod-3-design-changes,appendix-updated-project-description-2007
lane-cove-west-data-centre-mod-3-design-changes,appendix-b-statutory-compliance-table-3061
lane-cove-west-data-centre-mod-3-design-changes,appendix-c-community-engagement-table-399
lane-cove-west-data-centre-mod-3-design-changes,appendix-d1-architectural-plans-part-1-188
lane-cove-west-data-centre-mod-3-design-changes,appendix-d1-architectural-plans-part-2-188
lane-cove-west-data-centre-mod-3-design-changes,appendix-d2-architectural-design-statement-105
lane-cove-west-data-centre-mod-3-design-changes,appendix-d3-landscape-plan-105
lane-cove-west-data-centre-mod-3-design-changes,appendix-d4-landscape-design-report-105
lane-cove-west-data-centre-mod-3-design-changes,appendix-d5-visual-impact-assessment-addendum-105
lane-cove-west-data-centre-mod-3-design-changes,appendix-d6-civil-engineering-drawings-105
lane-cove-west-data-centre-mod-3-design-changes,appendix-d7-civil-engineering-statement-105
lane-cove-west-data-centre-mod-3-design-changes,appendix-d8-bdar-addendum-105
lane-cove-west-data-centre-mod-3-design-changes,appendix-d9-acoustic-assessment-105
lane-cove-west-data-centre-mod-3-design-changes,appendix-d10-air-quality-review-105
lane-cove-west-data-centre-mod-3-design-changes,appendix-d11-arborist-review-105
lane-cove-west-data-centre-mod-3-design-changes,appendix-d12-bushfire-advice-105
lane-cove-west-data-centre-mod-3-design-changes,appendix-d13-transport-advice-105
lane-cove-west-data-centre-mod-3-design-changes,appendix-d14-hazards-and-risk-study-105
lane-cove-west-data-centre-mod-3-design-changes,appendix-d17-bca-compliance-statement-105
lane-cove-west-data-centre-mod-3-design-changes,appendix-d18-waste-management-plan-105
lane-cove-west-data-centre-mod-3-design-changes,appendix-d19-consultation-record-lcc-105
lane-cove-west-data-centre-mod-3-design-changes,consolidated-conditions-589
lane-cove-west-data-centre-mod-3-design-changes,ssd-9741-mod-3-modifying-instrument-3
lane-cove-west-data-centre-mod-3-design-changes,ssd-9741-mod-3-notice-decision-3
lane-cove-west-data-centre-mod-3-design-changes,ssd-9741-mod-3-assessment-report-3
lane-cove-west-data-centre-mod-3-design-changes,ssd-9741-mod-3-notice-determination-not-required
lane-cove-west-data-centre-mod-3-design-changes,ssd-9741-mod-3-letter-applicant
lane-cove-west-data-centre-mod-3-design-changes,ssd-9741-mod-3-letter-submitter
lane-cove-west-data-centre-mod-3-design-changes,ssd-9741-consolidated-conditions-3
lane-cove-west-data-centre-mod-3-design-changes,arc050021visual-impact-view-point-location-9
lane-cove-west-data-centre-mod-3-design-changes,arc030128elevations-2-9
lane-cove-west-data-centre-mod-3-design-changes,arc030027elevations-1-9
lane-cove-west-data-centre-mod-3-design-changes,arc020222long-sections-9
lane-cove-west-data-centre-mod-3-design-changes,arc020122sections-2-9
lane-cove-west-data-centre-mod-3-design-changes,arc020023sections-1-9
lane-cove-west-data-centre-mod-3-design-changes,arc010805level-8-floor-planrl-492-9
lane-cove-west-data-centre-mod-3-design-changes,arc010705level-7-floor-planrl-434-9
lane-cove-west-data-centre-mod-3-design-changes,arc010525level-6-roof-plan-9
lane-cove-west-data-centre-mod-3-design-changes,consolidated-conditions-holder-blank-ssd-9741-mod3-6
lane-cove-west-data-centre-mod-3-design-changes,updated-acoustic-treatment-summary-9
lane-cove-west-data-centre-mod-3-design-changes,lc-council-submission-35
lane-cove-west-data-centre-mod-3-design-changes,mod-3-exhibition-rfs-response-38
lane-cove-west-data-centre-mod-3-design-changes,mod-3-exhibition-tfnsw-response-38
lane-cove-west-data-centre-mod-3-design-changes,ssd-9741-mod-3-exhibition-notice-46
lane-cove-west-data-centre-mod-3-design-changes,modification-application20230130032358-52
lane-cove-west-data-centre-mod-3-design-changes,appendix-d16-fire-stafey-study-105
lane-cove-west-data-centre-mod-3-design-changes,appendix-d15-fire-safety-engineering-statement-105
lane-cove-west-data-centre-mod-3-design-changes,ssd-9741-mod3wtp-mod-report-finaljan-2023-52
lane-cove-west-data-centre-mod-3-design-changes,appendix-updated-project-description-2008
lane-cove-west-data-centre-mod-3-design-changes,appendix-b-statutory-compliance-table-3062
lane-cove-west-data-centre-mod-3-design-changes,appendix-c-community-engagement-table-400
lane-cove-west-data-centre-mod-3-design-changes,appendix-d1-architectural-plans-part-1-189
lane-cove-west-data-centre-mod-3-design-changes,appendix-d1-architectural-plans-part-2-189
lane-cove-west-data-centre-mod-3-design-changes,appendix-d2-architectural-design-statement-106
lane-cove-west-data-centre-mod-3-design-changes,appendix-d3-landscape-plan-106
lane-cove-west-data-centre-mod-3-design-changes,appendix-d4-landscape-design-report-106
lane-cove-west-data-centre-mod-3-design-changes,appendix-d5-visual-impact-assessment-addendum-106
lane-cove-west-data-centre-mod-3-design-changes,appendix-d6-civil-engineering-drawings-106
lane-cove-west-data-centre-mod-3-design-changes,appendix-d7-civil-engineering-statement-106
lane-cove-west-data-centre-mod-3-design-changes,appendix-d8-bdar-addendum-106
lane-cove-west-data-centre-mod-3-design-changes,appendix-d9-acoustic-assessment-106
lane-cove-west-data-centre-mod-3-design-changes,appendix-d10-air-quality-review-106
lane-cove-west-data-centre-mod-3-design-changes,appendix-d11-arborist-review-106
lane-cove-west-data-centre-mod-3-design-changes,appendix-d12-bushfire-advice-106
lane-cove-west-data-centre-mod-3-design-changes,appendix-d13-transport-advice-106
lane-cove-west-data-centre-mod-3-design-changes,appendix-d14-hazards-and-risk-study-106
lane-cove-west-data-centre-mod-3-design-changes,appendix-d15-fire-safety-engineering-statement-106
lane-cove-west-data-centre-mod-3-design-changes,appendix-d16-fire-stafey-study-106
lane-cove-west-data-centre-mod-3-design-changes,appendix-d17-bca-compliance-statement-106
lane-cove-west-data-centre-mod-3-design-changes,appendix-d18-waste-management-plan-106
lane-cove-west-data-centre-mod-3-design-changes,appendix-d19-consultation-record-lcc-106
lane-cove-west-data-centre-mod-3-design-changes,ssd-9741-mod-3-receipt-22057372-psims-49
lane-cove-west-data-centre-mod-3-design-changes,ssd-9741-mod-3-invoice-22057372-psims-51
lane-cove-west-data-centre-mod-3-design-changes,fee-breakdown20230201002603-51
lane-cove-west-data-centre-mod-3-design-changes,approved-fee20230130033234-52
lane-cove-west-data-centre-mod-3-design-changes,request-rts-letter-7118
lane-cove-west-data-centre-mod-3-design-changes,rts-cover-letter-dpe-24
lane-cove-west-data-centre-mod-3-design-changes,response-submissions-table-82
lane-cove-west-data-centre-mod-3-design-changes,appendix-1-emergency-response-plan-28
lane-cove-west-data-centre-mod-3-design-changes,appendix-2-bdar-shapefiles-28
lane-cove-west-data-centre-mod-3-design-changes,appendix-3-biodiversity-development-assessment-report-31
lane-cove-west-data-centre-mod-3-design-changes,appendix-4-response-dpe-additional-noise-comments-25
lane-cove-west-data-centre-mod-3-design-changes,appendix-4-cover-letter-department-ssd-9741-28
lane-cove-west-data-centre-mod-3-design-changes,appendix-4-operational-noise-monitoring-report-25
lane-cove-west-data-centre-mod-3-design-changes,appendix-4-acoustic-assessment-24
lane-cove-west-data-centre-mod-3-design-changes,peer-review-acoustic-assessment-25
lane-cove-west-data-centre-mod-3-design-changes,additional-photomontages-t-vp2-vp3-25
lane-cove-west-data-centre-mod-3-design-changes,mods-exhibition-advertisement21022023120006-47
lane-cove-west-data-centre-mod-3-design-changes,mod-3-exhibition-cor-response-39
lane-cove-west-data-centre-mod-3-design-changes,mod-3-exhibition-dpe-water-response-43
lane-cove-west-data-centre-mod-3-design-changes,mod-3-exhibition-epa-response-38
lane-cove-west-data-centre-mod-3-design-changes,ehg-response-lcw-data-centre-mod3-13-mar-2023-37
lane-cove-west-data-centre-mod-3-design-changes,mod-3-exhibition-frnsw-response-43
lane-cove-west-data-centre-mod-3-design-changes,tfnsw-response-6-march-2023-33
lane-cove-west-data-centre-mod-3-design-changes,ehg-response-lcw-data-centre-mod-3-rts-25-sep-2023-20
lane-cove-west-data-centre-mod-3-design-changes,dpe-response-rts-frnsw-376
lane-cove-west-data-centre-mod-3-design-changes,mod-3-ryde-council-comments-21
lane-cove-west-data-centre-mod-3-design-changes,appendix-3-level-8-floor-planrl-492-17
lane-cove-west-data-centre-mod-3-design-changes,appendix-3-level-7-floor-planrl-434-17
lane-cove-west-data-centre-mod-3-design-changes,appendix-3-roof-plan-17
lane-cove-west-data-centre-mod-3-design-changes,appendix-3-visual-impact-view-point-loca-17
lane-cove-west-data-centre-mod-3-design-changes,appendix-3-elevations-2-17
lane-cove-west-data-centre-mod-3-design-changes,appendix-3-elevations-1-17
lane-cove-west-data-centre-mod-3-design-changes,appendix-3-long-sections-17
lane-cove-west-data-centre-mod-3-design-changes,appendix-3-mod-3-atsyd2ssddrgarc0201-21-sections-2-17
lane-cove-west-data-centre-mod-3-design-changes,appendix-3-mod-3-atsyd2ssddrgarc0200-22-sections-1-17
lane-cove-west-data-centre-mod-3-design-changes,appendix-1-response-dpe-comments-dated-22-09-23v3-17
lane-cove-west-data-centre-mod-3-design-changes,appendix-2-mitigation-and-management-measures-17
lane-cove-west-data-centre-mod-3-design-changes,response-rfi-cover-letter-320
lane-cove-west-data-centre-mod-3-design-changes,request-additional-information-7721
lane-cove-west-data-centre-mod-3-design-changes,rfi-request-comment-draft-conditions-2088
lane-cove-west-data-centre-mod-3-design-changes,draft-consolidated-consent-ssd-9741-15
lane-cove-west-data-centre-mod-3-design-changes,draft-instrument-modification-ssd-9741-mod-3-16
lane-cove-west-data-centre-mod-4-apdc-inclusion,ssd-9741-mod-4-assessment-report-0
lane-cove-west-data-centre-mod-4-apdc-inclusion,appendix-d2-landscape-plans-121
lane-cove-west-data-centre-mod-4-apdc-inclusion,ssd-9741-mod-4-instrument-0
lane-cove-west-data-centre-mod-4-apdc-inclusion,appendix-d1-architectural-plans-187
lane-cove-west-data-centre-mod-4-apdc-inclusion,ssd-9741-mod-4-stamped-plans-architectural-0
lane-cove-west-data-centre-mod-4-apdc-inclusion,appendix-d11-indicative-battery-storage-locations-20
lane-cove-west-data-centre-mod-4-apdc-inclusion,appendix-d6-traffic-assessment-letter-20
lane-cove-west-data-centre-mod-4-apdc-inclusion,modification-statement-ssd-9741-mod-4-20
lane-cove-west-data-centre-mod-4-apdc-inclusion,appendix-d3-landscape-design-report-20
lane-cove-west-data-centre-mod-4-apdc-inclusion,appendix-d8-preliminary-risk-screening-20
lane-cove-west-data-centre-mod-4-apdc-inclusion,appendix-d9-fire-engineering-statement-20
lane-cove-west-data-centre-mod-4-apdc-inclusion,appendix-d5-bca-compliance-statement-20
lane-cove-west-data-centre-mod-4-apdc-inclusion,appendix-d7-civil-design-statement-20
lane-cove-west-data-centre-mod-4-apdc-inclusion,appendix-d10-schedule-services-changes-20
lane-cove-west-data-centre-mod-4-apdc-inclusion,appendix-d4-visual-imapct-assessment-20
lane-cove-west-data-centre-mod-4-apdc-inclusion,appendix-d12-preliminary-fire-safety-study-20
lane-cove-west-data-centre-mod-4-apdc-inclusion,consolidated-conditions-holder-blank-403
lane-cove-west-data-centre-mod-4-apdc-inclusion,ssd-9741-mod-4-letter-submitter
lane-cove-west-data-centre-mod-4-apdc-inclusion,ssd-9741-mod-4-letter-applicant
lane-cove-west-data-centre-mod-4-apdc-inclusion,ssd-9741-mod-4-notice-determination-not-required
lane-cove-west-data-centre-mod-4-apdc-inclusion,ssd-9741-mod-4-letter-submitter-0
lane-cove-west-data-centre-mod-4-apdc-inclusion,advice-mod-lc-council-3
lane-cove-west-data-centre-mod-4-apdc-inclusion,modification-application20250613013451-14
lane-cove-west-data-centre-mod-4-apdc-inclusion,scoping-letter-ssd-9741-mod-4-20
lane-cove-west-data-centre-mod-4-apdc-inclusion,ssd-9741-mod-4-receipt-4000004088-psims-7
lane-cove-west-data-centre-mod-4-apdc-inclusion,ssd-9741-mod-4invoice4000004088-psims-13
lane-cove-west-data-centre-mod-4-apdc-inclusion,fee-breakdown20250617024433-13
lane-cove-west-data-centre-mod-4-apdc-inclusion,approved-fee20250613013802-14
lane-cove-west-data-centre-mod-4-apdc-inclusion,advice-mod-cor-council-3
lane-cove-west-data-centre-mod-4-apdc-inclusion,advice-mod-4-frnsw-7
lane-cove-west-data-centre-mod-4-apdc-inclusion,advice-mod-rfs-61
lane-cove-west-data-centre-mod-4-apdc-inclusion,response-conditions-51
lane-cove-west-data-centre-mod-4-apdc-inclusion,draft-ssd-mod-instrument-ssd-9741-mod-4-1
lane-cove-west-data-centre-mod-4-apdc-inclusion,rfi-request-comment-draft-conditions-3517
lane-cove-west-data-centre,comments-updated-eis-and-rts-ausgrid-3
lane-cove-west-data-centre,ssd-9741-amendment-request-3
lane-cove-west-data-centre,application20190328012441-3
lane-cove-west-data-centre,comments-updated-eis-and-rts-council-3
lane-cove-west-data-centre,updated-environmental-impact-statement-6
lane-cove-west-data-centre,environmental-impact-statement-ssd-9741-3
lane-cove-west-data-centre,comments-updated-eis-and-rts-dpi-3
lane-cove-west-data-centre,appendix-1-sears-1612
lane-cove-west-data-centre,appendix-1-sears-1613
lane-cove-west-data-centre,comments-updated-eis-and-rts-ees-3
lane-cove-west-data-centre,appendix-2-pre-da-pre-sears-meeting-minutes-7
lane-cove-west-data-centre,appendix-2-pre-da-pre-sears-meeting-minutes-8
lane-cove-west-data-centre,comments-updated-eis-and-rts-epa-3
lane-cove-west-data-centre,appendix-3-quantity-surveyors-report-9
lane-cove-west-data-centre,appendix-3-quantity-surveyors-report-10
lane-cove-west-data-centre,comments-updated-eis-and-rts-frnsw-3
lane-cove-west-data-centre,appendix-4-survey-plan-1-sirius-road-lane-cove-west-3
lane-cove-west-data-centre,appendix-4-survey-plan-270
lane-cove-west-data-centre,comments-updated-eis-and-rts-rfs-3
lane-cove-west-data-centre,appendix-5-architectural-plans-116
lane-cove-west-data-centre,appendix-5-architectural-plans-117
lane-cove-west-data-centre,comments-updated-eis-and-rts-rfs-final-3
lane-cove-west-data-centre,appendix-6-landscape-plans-228
lane-cove-west-data-centre,appendix-6-landscape-plans-229
lane-cove-west-data-centre,comments-updated-eis-and-rts-rms-3
lane-cove-west-data-centre,appendix-7-landscape-design-report-166
lane-cove-west-data-centre,appendix-7-landscape-design-report-167
lane-cove-west-data-centre,comments-updated-eis-and-rts-sydney-water-3
lane-cove-west-data-centre,appendix-8-landscape-and-visual-impact-assessment-7
lane-cove-west-data-centre,appendix-8-landscape-and-visual-impact-assessment-8
lane-cove-west-data-centre,comments-updated-eis-and-rts-tfnsw-3
lane-cove-west-data-centre,appendix-9-water-quality-report-7
lane-cove-west-data-centre,appendix-9-water-quality-report-8
lane-cove-west-data-centre,appendix-10-flood-assessment-report-7
lane-cove-west-data-centre,appendix-10-flood-assessment-report-8
lane-cove-west-data-centre,appendix-11-civil-engineering-drawings-and-plans-7
lane-cove-west-data-centre,appendix-11-civil-engineering-drawings-and-plans-8
lane-cove-west-data-centre,appendix-12-geotechnical-report-87
lane-cove-west-data-centre,appendix-12-geotechnical-report-88
lane-cove-west-data-centre,appendix-13-phase-1-due-diligence-assessment-7
lane-cove-west-data-centre,appendix-13-phase-1-due-diligence-assessment-8
lane-cove-west-data-centre,appendix-14-phase-2-acquisition-environmental-due-dilige-7
lane-cove-west-data-centre,appendix-14-phase-2-acquisition-environmental-due-dilige-8
lane-cove-west-data-centre,appendix-15-sampling-and-analytical-quality-plan-7
lane-cove-west-data-centre,appendix-15-sampling-and-analytical-quality-plan-8
lane-cove-west-data-centre,appendix-16-remedial-action-plan-81
lane-cove-west-data-centre,appendix-16-remedial-action-plan-82
lane-cove-west-data-centre,appendix-17-traffic-impact-assessment-8
lane-cove-west-data-centre,appendix-17-traffic-impact-assessment-9
lane-cove-west-data-centre,appendix-18-waste-management-plan-93
lane-cove-west-data-centre,appendix-18-waste-management-plan-94
lane-cove-west-data-centre,appendix-19-noise-impact-assessment-addendum-3
lane-cove-west-data-centre,appendix-19-noise-impact-assessment-226
lane-cove-west-data-centre,appendix-19-original-noise-impact-assessment-3
lane-cove-west-data-centre,appendix-20-construction-noise-management-plan-3
lane-cove-west-data-centre,appendix-20-construction-noise-vibration-management-plan-3
lane-cove-west-data-centre,appendix-21-air-quality-impact-assessment-9
lane-cove-west-data-centre,appendix-21-air-quality-assessment-addendum-3
lane-cove-west-data-centre,appendix-22-sepp-33-report-7
lane-cove-west-data-centre,appendix-22-sepp-33-report-8
lane-cove-west-data-centre,appendix-23-biodiversity-development-assessment-report-7
lane-cove-west-data-centre,appendix-23-biodiversity-development-assessment-report-8
lane-cove-west-data-centre,appendix-24-tree-impact-assessment-report-7
lane-cove-west-data-centre,appendix-24-tree-impact-assessment-report-8
lane-cove-west-data-centre,appendix-25-archaeological-report-7
lane-cove-west-data-centre,appendix-25-archaeological-report-8
lane-cove-west-data-centre,appendix-26-acha-checklist-3
lane-cove-west-data-centre,appendix-26-aboriginal-cultural-heritage-assessment-report-3
lane-cove-west-data-centre,appendix-26-aboriginal-cultural-heritage-assessment-3
lane-cove-west-data-centre,appendix-27-historic-heritage-impact-statement-7
lane-cove-west-data-centre,appendix-27-historic-heritage-impact-statement-8
lane-cove-west-data-centre,appendix-28-bushfire-report-7
lane-cove-west-data-centre,appendix-28-bushfire-report-8
lane-cove-west-data-centre,appendix-29-site-infrastructure-assessment-3
lane-cove-west-data-centre,appendix-29-site-infrastructure-report-3
lane-cove-west-data-centre,appendix-30-energy-efficiency-report-7
lane-cove-west-data-centre,appendix-30-energy-efficiency-report-8
lane-cove-west-data-centre,appendix-31-bca-report-7
lane-cove-west-data-centre,appendix-31-bca-report-8
lane-cove-west-data-centre,appendix-32-fire-engineering-report-7
lane-cove-west-data-centre,appendix-32-fire-engineering-report-8
lane-cove-west-data-centre,appendix-33-access-report-32
lane-cove-west-data-centre,appendix-33-access-report-33
lane-cove-west-data-centre,appendix-34-community-consultation-report-7
lane-cove-west-data-centre,appendix-34-community-consultation-report-8
lane-cove-west-data-centre,appendix-35-clause-46-variation-height-3
lane-cove-west-data-centre,appendix-35-clause-46-variation-3
lane-cove-west-data-centre,appendix-36-lane-cove-development-control-plan-2009-3
lane-cove-west-data-centre,appendix-36-lcdcp-compliance-table-3
lane-cove-west-data-centre,appendix-37-options-analysis-7
lane-cove-west-data-centre,appendix-37-options-analysis-8
lane-cove-west-data-centre,appendix-38-vegetation-management-plan-7
lane-cove-west-data-centre,appendix-38-vegetation-management-plan-8
lane-cove-west-data-centre,appendix-39-dangerous-goods-review-3
lane-cove-west-data-centre,appendix-40-ausgrid-letter-support-3
lane-cove-west-data-centre,appendix-41-strap-tag-3
lane-cove-west-data-centre,appendix-42-urban-heat-island-effect-letter-support-3
lane-cove-west-data-centre,appendix-43-construction-management-plan-28
lane-cove-west-data-centre,appendix-44-watercourse-assessment-report-3
lane-cove-west-data-centre,appendix-45-lane-cove-tunnel-assessment-3
lane-cove-west-data-centre,ssd-9741-assessment-report-recommendation-3
lane-cove-west-data-centre,ssd-9741-development-consent-recommendation-3
lane-cove-west-data-centre,ssd-9741-notice-decisions-3
lane-cove-west-data-centre,ssd-9741-assessment-report-signeds-3
lane-cove-west-data-centre,ssd-9741-development-consent-signeds-3
lane-cove-west-data-centre,ssd-9741-stamped-plans-3
lane-cove-west-data-centre,report-23323-2
lane-cove-west-data-centre,compliance-assessment-3423-2
lane-cove-west-data-centre,project-re-revised-doc-24523-2
lane-cove-west-data-centre,project-submit-assessments-24323-2
lane-cove-west-data-centre,dpe-project-re-revised-report-12423-2
lane-cove-west-data-centre,file-noteassessments-advice-26523-2
lane-cove-west-data-centre,jeff-peng-re-revised-report-6423-2
lane-cove-west-data-centre,vegetation-management-plan-superceded-3
lane-cove-west-data-centre,amended-application20190912065037-3
lane-cove-west-data-centre,appendix-3-quantity-surveyors-report-1-sirius-road-la-3
lane-cove-west-data-centre,20190408-ssd-9741-confirmation-civ-excluding-gst-3
lane-cove-west-data-centre,rove-estate-owners-consent-lane-cove-4
lane-cove-west-data-centre,ssd-9741-sears-3
lane-cove-west-data-centre,ssd-9741-request-sears-plans-3
lane-cove-west-data-centre,ssd-9741-request-sears-scoping-report-3
lane-cove-west-data-centre,scoping-meeting-request20190227001557-1
lane-cove-west-data-centre,request-sears20190227005843-1
lane-cove-west-data-centre,receipt-22036869-ssd-9741-psims-3
lane-cove-west-data-centre,invoice-no-22036869-psims-3
lane-cove-west-data-centre,fee-breakdown20190409041739-3
lane-cove-west-data-centre,request-rts13062019125623-3
lane-cove-west-data-centre,ssd-9741-response-submissions-3
lane-cove-west-data-centre,appendix-1-lv-switchroom-locations-3
lane-cove-west-data-centre,appendix-2-indicative-fuel-locations-3
lane-cove-west-data-centre,appendix-3-sepp-33-report-3
lane-cove-west-data-centre,appendix-4-dangerous-goods-review-report-3
lane-cove-west-data-centre,appendix-5-travers-bushfire-ecology-3
lane-cove-west-data-centre,appendix-6-travers-bushfire-ecology-bushfire-letter-3
lane-cove-west-data-centre,appendix-7-grc-hydro-flood-assessment-letter-support-3
lane-cove-west-data-centre,appendix-8-aw-edwards-letter-support-3
lane-cove-west-data-centre,part-g-management-and-mitigation-measures-3
lane-cove-west-data-centre,ssd-9741environmental-impact-statement1-sirius-road-lan-3
lane-cove-west-data-centre,b164997-nst-ndt-final-signed-ad-proof-3
lane-cove-west-data-centre,ssd-exhibition-template04042019020624-3
lane-cove-west-data-centre,record-phonecall20191013223508-3
lane-cove-west-data-centre,b000976-mst-mdt-ad-proof-3
lane-cove-west-data-centre,determination-advertisement09122019031920-3
lane-cove-west-data-centre,lane-cove-west-data-centre-determination-3
macquarie-park-data-centre,application20201113033655
macquarie-park-data-centre,issued-sears-cover-letter29062020024923
macquarie-park-data-centre,response-submissions-final
macquarie-park-data-centre,environmental-impact-statement-102
macquarie-park-data-centre,issued-sears29062020024922
macquarie-park-data-centre,appendix-19
macquarie-park-data-centre,appendix-sears-table
macquarie-park-data-centre,ssd-10467-sears-attachment-2
macquarie-park-data-centre,appendix-b-8
macquarie-park-data-centre,appendix-b-architectural-plans-11
macquarie-park-data-centre,appendix-c-10
macquarie-park-data-centre,appendix-c-landscape-plan-5
macquarie-park-data-centre,appendix-d-8
macquarie-park-data-centre,appendix-d-combined-services-plan
macquarie-park-data-centre,appendix-e-5
macquarie-park-data-centre,appendix-e-dcp-compliance-table
macquarie-park-data-centre,macquarie-park-data-centre-scoping-report
macquarie-park-data-centre,appendix-f-waste-management-plan-v2
macquarie-park-data-centre,appendix-g-bdar-waiver-request-and-approval
macquarie-park-data-centre,appendix-h-visual-impact-assessment-v2
macquarie-park-data-centre,appendix-i-air-quality-impact-assessment-3
macquarie-park-data-centre,appendix-j-noise-and-vibration-impact-assessment-1
macquarie-park-data-centre,appendix-k-aboriginal-heritage-due-diligence
macquarie-park-data-centre,appendix-l-capital-investment-value-report-v2
macquarie-park-data-centre,appendix-m-greenhouse-gas-sustainability-v2
macquarie-park-data-centre,appendix-n-contamination-report
macquarie-park-data-centre,appendix-o-shadow-diagrams
macquarie-park-data-centre,appendix-p-swept-path-analysis
macquarie-park-data-centre,appendix-q-consultation-outcomes-report
macquarie-park-data-centre,appendix-r-ason-group-traffic-report-v2
macquarie-park-data-centre,appendix-s-hydrological-plans-v2
macquarie-park-data-centre,appendix-t-road-22-civil-drawings
macquarie-park-data-centre,ssd-10467-notice-determination
macquarie-park-data-centre,ssd-10467-letter-submitter
macquarie-park-data-centre,ssd-10467-letter-applicant
macquarie-park-data-centre,ssd-10467-notice-determination-0
macquarie-park-data-centre,ssd-10467-stamped-plans-part-1-pages-1-22
macquarie-park-data-centre,ssd-10467-stamped-plans-part-2-pages-23-44
macquarie-park-data-centre,assessment-report-signed-4
macquarie-park-data-centre,notice-decision-132
macquarie-park-data-centre,development-consent-signed
macquarie-park-data-centre,recommendation-assessment-report-26
macquarie-park-data-centre,recommendation-development-consent-1
macquarie-park-data-centre,recommendation-notice-decision-6
macquarie-park-data-centre,civ-report-updated
macquarie-park-data-centre,site-plan-74
macquarie-park-data-centre,appendix-m-greenhouse-gas-sustainability-superceded
macquarie-park-data-centre,appendix-f-waste-management-plan-superceded
macquarie-park-data-centre,appendix-h-visual-impact-assessment-superceded
macquarie-park-data-centre,appendix-r-ason-group-traffic-report-superceded
macquarie-park-data-centre,appendix-s-hydrological-plans-sensitive
macquarie-park-data-centre,eis-superceded
macquarie-park-data-centre,ssd-10467-sears-council-response
macquarie-park-data-centre,ssd-10467-sears-hazards-team-internal
macquarie-park-data-centre,ssd-10467-sears-frnsw-response
macquarie-park-data-centre,ssd-10467-sears-sydney-water
macquarie-park-data-centre,scoping-report-final-0
macquarie-park-data-centre,macquarie-park-data-centre-maps
macquarie-park-data-centre,scoping-meeting-request20200601062340
macquarie-park-data-centre,scoping-details-pdf-120
macquarie-park-data-centre,bdar-waiver-be-provided
macquarie-park-data-centre,request-sears20200601105421
macquarie-park-data-centre,macquarie-park-data-centre-epa-comments
macquarie-park-data-centre,signed-letter-ssd-10467docx
macquarie-park-data-centre,20200618-tfnsw-response-syd200064501
macquarie-park-data-centre,20200618-tfnsw-response-syd200064501-0
macquarie-park-data-centre,ssd-10467-receipt-22048185-psims
macquarie-park-data-centre,ssd-10467-invoice-22048185-psims
macquarie-park-data-centre,fee-breakdown20201130042937
macquarie-park-data-centre,request-rts22122020052426
macquarie-park-data-centre,rtssuperceded
macquarie-park-data-centre,notice-exhibition20112020101810
macquarie-park-data-centre,attachment-2-conditions-ssd-10467
macquarie-park-data-centre,attachment-1-issues-ssd-10467-data-centre
macquarie-park-data-centre,cor-submission-letter-ssd-10467-data-centre
macquarie-park-data-centre,doc20-960414-2-romw-response-eis-input
macquarie-park-data-centre,tfnswmacquarie-park-data-centre-ssd-10467
macquarie-park-data-centre,rts-cor-response
macquarie-park-data-centre,rts-tfnsw-response-1
macquarie-park-data-centre,rts-frnsw-response
macquarie-park-data-centre,ssd10467response-rfi18-march-2021
macquarie-park-data-centre,rfi-request-additional-information12032021123906
macquarie-park-data-centre,final-bulk-earthworks-plans
macquarie-park-data-centre,final-architectural-plans-1
macquarie-park-data-centre,rfi-request-additional-information01042021053522
macquarie-park-data-centre,20210510-draft-ssda-conditions-comments
macquarie-park-data-centre,ssd10467fire-studyissued3-may-2021
macquarie-park-data-centre,20210428-draft-conditions-dpie-response
macquarie-park-data-centre,ssd-10467-development-consent-draft-v02
macquarie-park-data-centre,20210419ssda-consolidated-comments
macquarie-park-data-centre,rfi-request-comment-draft-conditions0804202107322
macquarie-park-data-centre,ssd-10467-development-consent-draft-v01
macquarie-park-data-centre,letter-correviewof-conditions-ssd-10467-dcentre
macquarie-park-data-centre,attachment-1-conditions-ssd-10467
macquarie-park-data-centre,ssd-10467-development-consent-draft-v01-0
mamre-road-data-centre-campus,application20260208232130-2
mamre-road-data-centre-campus,sears-cover-letter-6747
mamre-road-data-centre-campus,attachment-1-sears-table-5
mamre-road-data-centre-campus,appendix-b-mitigation-measures-659
mamre-road-data-centre-campus,attachment-2-government-advice-7
mamre-road-data-centre-campus,appendix-c-statutory-compliance-table-7628
mamre-road-data-centre-campus,sydney-water-da-info-sheet-8
mamre-road-data-centre-campus,appendix-1-issued-sears-82
mamre-road-data-centre-campus,sydney-water-data-form-5
mamre-road-data-centre-campus,project-specific-sears-706-752-mamre-road-kemps-creek-28
mamre-road-data-centre-campus,appendix-2-edc-cover-letter-2
mamre-road-data-centre-campus,request-sears20250903013525-16
mamre-road-data-centre-campus,appendix-2-economic-impact-assessment-2
mamre-road-data-centre-campus,appendix-3-title-documents-388
mamre-road-data-centre-campus,appendix-4-architectural-drawingsfull-package-2
mamre-road-data-centre-campus,appendix-4-architectural-drawingspart-a1-2
mamre-road-data-centre-campus,appendix-4-architectural-drawingspart-a2
mamre-road-data-centre-campus,appendix-4-architectural-drawingspart-a3
mamre-road-data-centre-campus,appendix-4-architectural-drawingspart-a4
mamre-road-data-centre-campus,appendix-4-architectural-drawingspart-a5
mamre-road-data-centre-campus,appendix-4-architectural-drawingspart-a6
mamre-road-data-centre-campus,appendix-4-architectural-drawingspart-a7
mamre-road-data-centre-campus,appendix-4-architectural-drawingspart-a8
mamre-road-data-centre-campus,appendix-4-architectural-drawingspart-a9
mamre-road-data-centre-campus,appendix-5-architectural-design-report-92
mamre-road-data-centre-campus,civil-drawings-full-package
mamre-road-data-centre-campus,civil-drawings-full-packagepart1
mamre-road-data-centre-campus,civil-drawings-full-packagepart2
mamre-road-data-centre-campus,civil-drawings-full-packagepart3
mamre-road-data-centre-campus,civil-drawings-full-packagepart4
mamre-road-data-centre-campus,civil-drawings-full-packagepart5
mamre-road-data-centre-campus,landscape-drawingsfull-package
mamre-road-data-centre-campus,landscape-drawingspart-a1
mamre-road-data-centre-campus,landscape-drawingspart-a2
mamre-road-data-centre-campus,landscape-drawingspart-a3
mamre-road-data-centre-campus,landscape-drawingspart-a4
mamre-road-data-centre-campus,landscape-drawingspart-a5
mamre-road-data-centre-campus,landscape-drawingspart-a6
mamre-road-data-centre-campus,landscape-drawingspart-a7
mamre-road-data-centre-campus,landscape-drawingspart-a8
mamre-road-data-centre-campus,appendix-6-survey-plan-251
mamre-road-data-centre-campus,appendix-7-bca-capability-statement
mamre-road-data-centre-campus,appendix-8-accessibility-report-177
mamre-road-data-centre-campus,appendix-9-visual-impact-assessment-63
mamre-road-data-centre-campus,appendix-10-transport-mangement-and-accessibility-plan
mamre-road-data-centre-campus,appendix-11-landscape-masterplan
mamre-road-data-centre-campus,appendix-12-arboricultural-impact-assessment-176
mamre-road-data-centre-campus,appendix-13-ecologically-sustainable-design-report
mamre-road-data-centre-campus,appendix-15-biodiversity-development-assessment-report
mamre-road-data-centre-campus,appendix-16-air-quality-impact-assessment-17
mamre-road-data-centre-campus,appendix-16-air-quality-impact-assessment-appendicies
mamre-road-data-centre-campus,appendix-16-construction-air-quality-mangement-plan
mamre-road-data-centre-campus,appendix-17-noise-and-vibrations-impact-assessment
mamre-road-data-centre-campus,appendix-18-geotechnical-investigation-113
mamre-road-data-centre-campus,appendix-18-geotechnical-design-advice
mamre-road-data-centre-campus,appendix-19-surface-groundwater-impact-assessment
mamre-road-data-centre-campus,appendix-20-flood-impact-and-risk-assessment
mamre-road-data-centre-campus,appendix-21-infrastructure-delivery-strategy-report
mamre-road-data-centre-campus,appendix-22-preliminary-risk-screening-36
mamre-road-data-centre-campus,appendix-23-detailed-site-investigation
mamre-road-data-centre-campus,appendix-24-remedial-action-plan
mamre-road-data-centre-campus,appendix-25-waste-management-plan-282
mamre-road-data-centre-campus,appendix-26-and-27-addendum-acha
mamre-road-data-centre-campus,appendix-28-statement-heritage-impact-102
mamre-road-data-centre-campus,appendix-29-historical-archaeological-assessment
mamre-road-data-centre-campus,appendix-30-social-impact-assessment-33
mamre-road-data-centre-campus,appendix-31-bushfire-hazards-assessment
mamre-road-data-centre-campus,appendix-32-community-engagement-report
mamre-road-data-centre-campus,appendix-33-mamre-road-precinct-dcp-table
mamre-road-data-centre-campus,appendix-34-airport-safeguarding-assessment
mamre-road-data-centre-campus,appendix-35-plant-and-equipment-systems-report
mamre-road-data-centre-campus,appendix-36-greenhouse-gas-emissions-assessment
mamre-road-data-centre-campus,appendix-37-water-and-stormwater-management-plan
mamre-road-data-centre-campus,appendix-38-acid-sulfate-soil-assessment
mamre-road-data-centre-campus,appendix-39-earthworks-strategy-report
mamre-road-data-centre-campus,appendix-39-bulk-earthwork-specification
mamre-road-data-centre-campus,appendix-40-salinity-management-plan
mamre-road-data-centre-campus,appendix-41-eroison-and-sediment-control-plan
mamre-road-data-centre-campus,appendix-42-advice-vegetation-and-management-plan
mamre-road-data-centre-campus,appendix-43-aquatic-riparian-impact-assessment
mamre-road-data-centre-campus,appendix-44-weed-eradication-and-management-plan
mamre-road-data-centre-campus,appendix-45-environmental-health-impact-assessment
mamre-road-data-centre-campus,appendix-2-edc-10
mamre-road-data-centre-campus,amended-application20260723051044
mamre-road-data-centre-campus,appendix-d43-civil-plans-part-2
mamre-road-data-centre-campus,appendix-d43-civil-plans-part-1
mamre-road-data-centre-campus,appendix-d42-landscape-plans-part-2
mamre-road-data-centre-campus,appendix-d42-landscape-plans-part-1
mamre-road-data-centre-campus,appendix-d41-engagement-strategy
mamre-road-data-centre-campus,appendix-d40-fauna-management-plan
mamre-road-data-centre-campus,appendix-d39-dam-decommissioning-report
mamre-road-data-centre-campus,appendix-d38-social-impact-assessment-survey-wtc
mamre-road-data-centre-campus,appendix-d37-tmap-ason
mamre-road-data-centre-campus,appendix-d36-hazards-and-risk-analysis
mamre-road-data-centre-campus,appendix-d35-nabers-embodied-emissions-form-linesight
mamre-road-data-centre-campus,appendix-d34-human-health-e-lab
mamre-road-data-centre-campus,appendix-d33-water-interpretation-report-jbsg
mamre-road-data-centre-campus,appendix-d32-vegetation-management-plan-biosis
mamre-road-data-centre-campus,appendix-d31-bushfire-assessment-blackash
mamre-road-data-centre-campus,appendix-d30-waste-management-plan-mra
mamre-road-data-centre-campus,appendix-d29-aeronautical-impact-assessment
mamre-road-data-centre-campus,appendix-d28-statement-heritage-impact-biosis
mamre-road-data-centre-campus,appendix-d27-historical-archaeological-assessment
mamre-road-data-centre-campus,appendix-d26-weed-eradication-management-plan-biosis
mamre-road-data-centre-campus,appendix-d26-riparian-and-aquatic-assessment-biosis
mamre-road-data-centre-campus,appendix-d26-biodiversity-assessment
mamre-road-data-centre-campus,appendix-d25-aboriginal-cultural-heritage-assessment
mamre-road-data-centre-campus,appendix-d24-large-emitters-assessment-elab
mamre-road-data-centre-campus,appendix-d23-ecologically-sustainable-development-report
mamre-road-data-centre-campus,appendix-d22-arboricultural-impact-assessment-cps
mamre-road-data-centre-campus,appendix-d21-remediation-action-plan-jbsg
mamre-road-data-centre-campus,appendix-d20-detailed-site-investigation-jbsg
mamre-road-data-centre-campus,appendix-d19-geotechnical-report-psm-part-4
mamre-road-data-centre-campus,appendix-d19-geotechnical-report-psm-part-3
mamre-road-data-centre-campus,appendix-d19-geotechnical-report-psm-part-2
mamre-road-data-centre-campus,appendix-d19-geotechnical-report-psm-part-1
mamre-road-data-centre-campus,appendix-d18-infrastructure-staging-and-delivery
mamre-road-data-centre-campus,appendix-d17-earthworks-strategy-atl
mamre-road-data-centre-campus,appendix-d16-civil-infrastructure-report-atl
mamre-road-data-centre-campus,appendix-d15-flood-impact-and-risk-assessment-atl
mamre-road-data-centre-campus,appendix-d14-erosion-and-sediment-control-plan-atl
mamre-road-data-centre-campus,appendix-d13-water-management-plan-atl
mamre-road-data-centre-campus,appendix-d12-visual-impact-assessment-part-3
mamre-road-data-centre-campus,appendix-d12-visual-impact-assessment-part-2
mamre-road-data-centre-campus,appendix-d12-visual-impact-assessment-part-1
mamre-road-data-centre-campus,appendix-d11-accessibility-report-mbc
mamre-road-data-centre-campus,appendix-d10-bca-report-mbc
mamre-road-data-centre-campus,appendix-d9-traffic-green-travel-plan-ason
mamre-road-data-centre-campus,appendix-d8-construction-traffic-management-plan
mamre-road-data-centre-campus,appendix-d7-air-quality-impact-assessment-2-0
mamre-road-data-centre-campus,appendix-d6-noise-and-vibration-impact-assessment
mamre-road-data-centre-campus,appendix-d5-plant-and-equipment-systems-report-aurecon
mamre-road-data-centre-campus,appendix-d4-economic-impact-assessment-atlas
mamre-road-data-centre-campus,appendix-d3-edc-report-linesight
mamre-road-data-centre-campus,appendix-d2-updated-design-report-part-4
mamre-road-data-centre-campus,appendix-d2-updated-design-report-part-3
mamre-road-data-centre-campus,appendix-d2-updated-design-report-part-2
mamre-road-data-centre-campus,appendix-d2-updated-design-report-part-1
mamre-road-data-centre-campus,appendix-d1-updated-architectural-drawings-part-5
mamre-road-data-centre-campus,appendix-d1-updated-architectural-drawings-part-4
mamre-road-data-centre-campus,appendix-d1-updated-architectural-drawings-part-3
mamre-road-data-centre-campus,appendix-d1-updated-architectural-drawings-part-2
mamre-road-data-centre-campus,appendix-d1-updated-architectural-drawings-part-1
mamre-road-data-centre-campus,response-submissions-report-5349
mamre-road-data-centre-campus,wtj25-325-amendment-request-letter-mamre-road-dc-campus
mamre-road-data-centre-campus,appendix-14-nabers-embodied-emissions-materials-formr1
mamre-road-data-centre-campus,swc-rts-response-ssd-92743706
mamre-road-data-centre-campus,swc-da-info-sheet-june-2026
mamre-road-data-centre-campus,request-additional-information-13540
mamre-road-data-centre-campus,appendix-d7-aqia-appendices
mamre-road-data-centre-campus,amendment-acceptance-letter-2734
mamre-road-data-centre-campus,additional-matters-submissions-report-letter-113
mamre-road-data-centre-campus,nsw-ftac-submission-letter
mamre-road-data-centre-campus,swc-response-ssd-92743706-mamre-road
mamre-road-data-centre-campus,ssd-92743706-exhibition-notice
mamre-road-data-centre-campus,civil-drawingspart-a1
mamre-road-data-centre-campus,civil-drawingspart-a4
mamre-road-data-centre-campus,civil-drawingspart-a2
mamre-road-data-centre-campus,civil-drawingspart-a5
mamre-road-data-centre-campus,civil-drawingspart-a6
mamre-road-data-centre-campus,civil-drawingspart-a3
mamre-road-data-centre-campus,ssd-92743706taxinvoice4000006486
mamre-road-data-centre-campus,civil-drawingsfull-package
mamre-road-data-centre-campus,issued-reject-re-submitted-eis
mamre-road-data-centre-campus,application20260204020314
mamre-road-data-centre-campus,eis-706-752-mamre-road
mamre-road-data-centre-campus,gibb-group-owners-consent-mamre-road
mamre-road-data-centre-campus,ifm-owners-consent-mamre-road
mamre-road-data-centre-campus,gpt-owners-consent-mamre-road
mamre-road-data-centre-campus,request-rts-letter-13824
mamre-road-data-centre-campus,application20260119021022
mamre-road-data-centre-campus,gis-data-survey-plan
mamre-road-data-centre-campus,growth-data-form-sydney-water-272
mamre-road-data-centre-campus,attachment-2-government-authority-advice-103
mamre-road-data-centre-campus,sydney-water-da-information-sheet-september-2025-95
mamre-road-data-centre-campus,appendix-scoping-summary-table-3047
mamre-road-data-centre-campus,appendix-b-preliminary-concept-architectural-plans-13
mamre-road-data-centre-campus,penrith-city-council-submission-ssd-92743706-6
mamre-road-data-centre-campus,appendixa-scopingsummarytable-258
mamre-road-data-centre-campus,appendixb-preliminaryconceptarchitecturalplans-111
mamre-road-data-centre-campus,re-post-pfm-mamre-road-data-centre-campus-syd6-111
mamre-road-data-centre-campus,mamre-rd-data-centre-epa-response-7
mamre-road-data-centre-campus,epa-response-sears-superceded-7
mamre-road-data-centre-campus,appendixa-scopingsummarytable-259
mamre-road-data-centre-campus,appendixb-preliminaryconceptarchitecturalplans-112
mamre-road-data-centre-campus,re-post-pfm-mamre-road-data-centre-campus-syd6-112
mamre-road-data-centre-campus,tfnsw-response-syd25-00982-02-9
mamre-road-data-centre-campus,appendixa-scopingsummarytable-260
mamre-road-data-centre-campus,appendixb-preliminaryconceptarchitecturalplans-113
mamre-road-data-centre-campus,re-post-pfm-mamre-road-data-centre-campus-syd6-113
mamre-road-data-centre-campus,cphr-recommended-sears-mamre-road-data-centre-campus-6
mamre-road-data-centre-campus,appendixa-scopingsummarytable-261
mamre-road-data-centre-campus,appendixb-preliminaryconceptarchitecturalplans-114
mamre-road-data-centre-campus,re-post-pfm-mamre-road-data-centre-campus-syd6-114
mamre-road-data-centre-campus,hnsw-ach-ssd-92743706-searsappid11694-9
mamre-road-data-centre-campus,appendixa-scopingsummarytable-262
mamre-road-data-centre-campus,appendixb-preliminaryconceptarchitecturalplans-115
mamre-road-data-centre-campus,re-post-pfm-mamre-road-data-centre-campus-syd6-115
mamre-road-data-centre-campus,frnsw-sears-mamre-road-data-centre-campus-11
mamre-road-data-centre-campus,appendixa-scopingsummarytable-263
mamre-road-data-centre-campus,appendixb-preliminaryconceptarchitecturalplans-116
mamre-road-data-centre-campus,re-post-pfm-mamre-road-data-centre-campus-syd6-116
mamre-road-data-centre-campus,appendixa-scopingsummarytable-264
mamre-road-data-centre-campus,appendixb-preliminaryconceptarchitecturalplans-117
mamre-road-data-centre-campus,re-post-pfm-mamre-road-data-centre-campus-syd6-117
mamre-road-data-centre-campus,feedback-8
mamre-road-data-centre-campus,appendixa-scopingsummarytable-265
mamre-road-data-centre-campus,appendixb-preliminaryconceptarchitecturalplans-118
mamre-road-data-centre-campus,re-post-pfm-mamre-road-data-centre-campus-syd6-118
mamre-road-data-centre-campus,project-specific-sears-706-752-mamre-road-kemps-creek-29
mamre-road-data-centre-campus,ssd-92743706-receipt-4000006486
mamre-road-data-centre-campus,ssd-92743706taxinvoice4000006486-0
mamre-road-data-centre-campus,fee-breakdown20260216033025
mamre-road-data-centre-campus,approved-fee20260211031800
mamre-road-data-centre-campus,appendix-d43-civil-plans-part-2-0
mamre-road-data-centre-campus,appendix-d43-civil-plans-part-1-0
mamre-road-data-centre-campus,appendix-d42-landscape-plans-part-2-0
mamre-road-data-centre-campus,appendix-d42-landscape-plans-part-1-0
mamre-road-data-centre-campus,appendix-d41-engagement-strategy-0
mamre-road-data-centre-campus,appendix-d40-fauna-management-plan-0
mamre-road-data-centre-campus,appendix-d39-dam-decommissioning-report-0
mamre-road-data-centre-campus,appendix-d38-social-impact-assessment-survey-wtc-0
mamre-road-data-centre-campus,appendix-d37-tmap-ason-0
mamre-road-data-centre-campus,appendix-d36-hazards-and-risk-analysis-0
mamre-road-data-centre-campus,appendix-d35-nabers-embodied-emissions-form-linesight-0
mamre-road-data-centre-campus,appendix-d34-human-health-e-lab-0
mamre-road-data-centre-campus,appendix-d33-water-interpretation-report-jbsg-0
mamre-road-data-centre-campus,appendix-d32-vegetation-management-plan-biosis-0
mamre-road-data-centre-campus,appendix-d31-bushfire-assessment-blackash-0
mamre-road-data-centre-campus,appendix-d30-waste-management-plan-mra-0
mamre-road-data-centre-campus,appendix-d29-aeronautical-impact-assessment-0
mamre-road-data-centre-campus,appendix-d28-statement-heritage-impact-biosis-0
mamre-road-data-centre-campus,appendix-d27-historical-archaeological-assessment-0
mamre-road-data-centre-campus,appendix-d26-weed-eradication-management-plan-biosis-0
mamre-road-data-centre-campus,appendix-d26-riparian-and-aquatic-assessment-biosis-0
mamre-road-data-centre-campus,appendix-d26-biodiversity-assessment-0
mamre-road-data-centre-campus,appendix-d25-aboriginal-cultural-heritage-assessment-0
mamre-road-data-centre-campus,appendix-d24-large-emitters-assessment-elab-0
mamre-road-data-centre-campus,appendix-d23-ecologically-sustainable-development-report-0
mamre-road-data-centre-campus,appendix-d22-arboricultural-impact-assessment-cps-0
mamre-road-data-centre-campus,appendix-d21-remediation-action-plan-jbsg-0
mamre-road-data-centre-campus,appendix-d20-detailed-site-investigation-jbsg-0
mamre-road-data-centre-campus,appendix-d19-geotechnical-report-psm-part-4-0
mamre-road-data-centre-campus,appendix-d19-geotechnical-report-psm-part-3-0
mamre-road-data-centre-campus,appendix-d19-geotechnical-report-psm-part-2-0
mamre-road-data-centre-campus,appendix-d19-geotechnical-report-psm-part-1-0
mamre-road-data-centre-campus,appendix-d18-infrastructure-staging-and-delivery-0
mamre-road-data-centre-campus,appendix-d17-earthworks-strategy-atl-0
mamre-road-data-centre-campus,appendix-d16-civil-infrastructure-report-atl-0
mamre-road-data-centre-campus,appendix-d15-flood-impact-and-risk-assessment-atl-0
mamre-road-data-centre-campus,appendix-d14-erosion-and-sediment-control-plan-atl-0
mamre-road-data-centre-campus,appendix-d13-water-management-plan-atl-0
mamre-road-data-centre-campus,appendix-d12-visual-impact-assessment-part-3-0
mamre-road-data-centre-campus,appendix-d12-visual-impact-assessment-part-2-0
mamre-road-data-centre-campus,appendix-d12-visual-impact-assessment-part-1-0
mamre-road-data-centre-campus,appendix-d11-accessibility-report-mbc-0
mamre-road-data-centre-campus,appendix-d10-bca-report-mbc-0
mamre-road-data-centre-campus,appendix-d9-traffic-green-travel-plan-ason-0
mamre-road-data-centre-campus,appendix-d8-construction-traffic-management-plan-0
mamre-road-data-centre-campus,appendix-d7-air-quality-impact-assessment-2-1
mamre-road-data-centre-campus,appendix-d7-air-quality-impact-assessment-62
mamre-road-data-centre-campus,appendix-d6-noise-and-vibration-impact-assessment-0
mamre-road-data-centre-campus,appendix-d5-plant-and-equipment-systems-report-aurecon-0
mamre-road-data-centre-campus,appendix-d4-economic-impact-assessment-atlas-0
mamre-road-data-centre-campus,appendix-d3-edc-report-linesight-0
mamre-road-data-centre-campus,appendix-d2-updated-design-report-part-4-0
mamre-road-data-centre-campus,appendix-d2-updated-design-report-part-3-0
mamre-road-data-centre-campus,appendix-d2-updated-design-report-part-2-0
mamre-road-data-centre-campus,appendix-d2-updated-design-report-part-1-0
mamre-road-data-centre-campus,appendix-d1-updated-architectural-drawings-part-5-0
mamre-road-data-centre-campus,appendix-d1-updated-architectural-drawings-part-4-0
mamre-road-data-centre-campus,appendix-d1-updated-architectural-drawings-part-3-0
mamre-road-data-centre-campus,appendix-d1-updated-architectural-drawings-part-2-0
mamre-road-data-centre-campus,appendix-d1-updated-architectural-drawings-part-1-0
mamre-road-data-centre-campus,response-submissions-report-5351
mamre-road-data-centre-campus,request-rts-letter-13836
mamre-road-data-centre-campus,political-donations-disclosure-mamre-road-data-centre
mamre-road-data-centre-campus,ssd-ssi-notice-exhibition-letter-neighbouring-landow-16711
mamre-road-data-centre-campus,ssd-ssi-exhibition-and-reexhibition-advertisement06032026-1
mamre-road-data-centre-campus,ssd-92743706-council-advice-eis-mamre-rd-data-centre
mamre-road-data-centre-campus,appendix-1-nbmlhd-feedback-v10
mamre-road-data-centre-campus,letter-nbmlhd-27-may-2026-v10
mamre-road-data-centre-campus,dcceew-water-response-mamre-road-data-centre-campus-eis
mamre-road-data-centre-campus,bda-response-mamre-road-data-centre-campus-ssd-92743706
mamre-road-data-centre-campus,epa-response-mamre-road-data-centre-100426
mamre-road-data-centre-campus,epa-response-mamre-road-data-centre-superseded
mamre-road-data-centre-campus,cphr-eis-advice-ssd-92743706
mamre-road-data-centre-campus,hnsw-ach-eis-mamre-road-data-centre-ssd-92743706
mamre-road-data-centre-campus,hnsw-eh-eis-mamre-road-data-centre-ssd-92743706
mamre-road-data-centre-campus,letter-out-frnsw-ssd-92743706
mamre-road-data-centre-campus,tfnsw-response-syd25-00982-04
mamre-road-data-centre-campus,mamre-road-data-centre-campus-casa-comments
mamre-road-data-centre-campus,wsi-eisssd-92743706
mamre-road-data-centre-campus,notification-extended-exhibition-period
mamre-road-data-centre-campus,rfi-response-letter-830
mamre-road-data-centre-campus,appendix-7-letter-authority-casa
mamre-road-data-centre-campus,appendix-6-casa-form-1247-proposed-plume-rise
mamre-road-data-centre-campus,appendix-5-setback-compliance-plan
mamre-road-data-centre-campus,appendix-4-draft-construction-traffic-management-plan
mamre-road-data-centre-campus,appendix-3-generator-specifications-response-letter
mamre-road-data-centre-campus,appendix-2-updated-ghg-assessment-report
mamre-road-data-centre-campus,appendix-1-noise-and-vibration-impact-assessment-addendum
mamre-road-data-centre-campus,request-additional-information-13720
mamre-road-data-centre-campus,response-dphi-rfi-hazards-and-risk
mamre-road-data-centre-campus,request-information-hazards-and-risks
mamre-road-data-centre-campus,request-submission-report-040926
mamre-road-data-centre-campus,ssd-ssi-exhibition-and-reexhibition-advertisement06082026
mamre-road-data-centre-campus,epa-response-mamre-road-data-centre-070926
mamre-road-data-centre-campus,request-formal-dca-advice-form-63
mamre-road-data-centre-campus,ssd-92743706-council-advice-amendment-mamre-rd-dc
mamre-road-data-centre-campus,request-formal-dca-advice-form-64
mamre-road-data-centre-campus,tfnsw-response-syd25-00982-07
mamre-road-data-centre-campus,request-formal-dca-advice-form-68
mamre-road-data-centre-campus,request-formal-dca-advice-form-80
mamre-road-data-centre-campus,letter-out-mamre-road-data-centre-rts-amendment
mamre-road-data-centre-campus,request-formal-dca-advice-form-81
mamre-road-data-centre-campus,wsi-ssd-response-amendment-report-ssd-92743706
mamre-road-data-centre-campus,request-formal-dca-advice-form-82
mamre-road-data-centre-campus,dca-technical-advisory-template1786007033
mamre-road-data-centre-campus,request-formal-dca-advice-form-83
mamre-road-data-centre-campus,wnsw-response-mamre-rd-data-centre-ssd-92743706-rts
mars-road-data-centre,ssd-108835458-amended-sears-dc-guidelines
mars-road-data-centre,ssd-108835458-sears-cover-letter
mars-road-data-centre,ssd-108835458-issued-sears
mars-road-data-centre,attachment-2-agency-advice-1694
mars-road-data-centre,sears-request-mars-road-data-centre
mars-road-data-centre,request-sears20260311222156
mars-road-data-centre,document-type-not-required-0
mars-road-data-centre,appendix-1-preliminary-architectural-plans-1069
mars-road-data-centre,appendix-2-preliminary-massing-montages
mars-road-data-centre,appendix-3-preliminary-finishes-schedule
mars-road-data-centre,epa-response-dphi-mars-road-data-centre
mars-road-data-centre,mars-road-dcappendix3-preliminaryfinishesschedule
mars-road-data-centre,mars-road-dcappendix1-preliminaryarchitecturalplans
mars-road-data-centre,mars-road-dcappendix2-preliminarymassingmontages
mars-road-data-centre,advice-sears-347
mars-road-data-centre,advice-sears-348
mars-road-data-centre,mars-road-dcappendix3-preliminaryfinishesschedule-0
mars-road-data-centre,mars-road-dcappendix1-preliminaryarchitecturalplans-0
mars-road-data-centre,mars-road-dcappendix2-preliminarymassingmontages-0
mars-road-data-centre,cphr-recommended-sears-ssd-108835458
mars-road-data-centre,mars-road-dcappendix3-preliminaryfinishesschedule-1
mars-road-data-centre,mars-road-dcappendix1-preliminaryarchitecturalplans-1
mars-road-data-centre,mars-road-dcappendix2-preliminarymassingmontages-1
mars-road-data-centre,nsw-dcceew-water-mars-rd-data-centre-ssd-108835458
mars-road-data-centre,mars-road-dcappendix3-preliminaryfinishesschedule-2
mars-road-data-centre,mars-road-dcappendix1-preliminaryarchitecturalplans-2
mars-road-data-centre,mars-road-dcappendix2-preliminarymassingmontages-2
mars-road-data-centre,npws-sears-mars-road-data-centre
mars-road-data-centre,mars-road-dcappendix3-preliminaryfinishesschedule-3
mars-road-data-centre,mars-road-dcappendix1-preliminaryarchitecturalplans-3
mars-road-data-centre,mars-road-dcappendix2-preliminarymassingmontages-3
mars-road-data-centre,mars-road-data-centre-sear-rfs-response
mars-road-data-centre,mars-road-sears
mars-road-data-centre,mars-road-dcappendix3-preliminaryfinishesschedule-4
mars-road-data-centre,mars-road-dcappendix1-preliminaryarchitecturalplans-4
mars-road-data-centre,mars-road-dcappendix2-preliminarymassingmontages-4
mars-road-data-centre,letter-out-mars-road-data-centre-ssd-108835458
mars-road-data-centre,mars-road-dcappendix3-preliminaryfinishesschedule-5
mars-road-data-centre,mars-road-dcappendix1-preliminaryarchitecturalplans-5
mars-road-data-centre,mars-road-dcappendix2-preliminarymassingmontages-5
mars-road-data-centre,mars-road-dcappendix3-preliminaryfinishesschedule-6
mars-road-data-centre,mars-road-dcappendix1-preliminaryarchitecturalplans-6
mars-road-data-centre,mars-road-dcappendix2-preliminarymassingmontages-6
mars-road-data-centre,20260324-tfnsw-submission
mars-road-data-centre,mars-road-dcappendix3-preliminaryfinishesschedule-7
mars-road-data-centre,mars-road-dcappendix1-preliminaryarchitecturalplans-7
mars-road-data-centre,mars-road-dcappendix2-preliminarymassingmontages-7
mars-road-data-centre,hnsw-ach-ssd-108835458-searsappid14004
mars-road-data-centre,mars-road-dcappendix3-preliminaryfinishesschedule-8
mars-road-data-centre,mars-road-dcappendix1-preliminaryarchitecturalplans-8
mars-road-data-centre,mars-road-dcappendix2-preliminarymassingmontages-8
mars-road-data-centre,hnsw-eh-ssd-108835458-searsappid14005
mars-road-data-centre,mars-road-dcappendix3-preliminaryfinishesschedule-9
mars-road-data-centre,mars-road-dcappendix1-preliminaryarchitecturalplans-9
mars-road-data-centre,mars-road-dcappendix2-preliminarymassingmontages-9
mars-road-data-centre,mars-road-data-centre-ssd-108835458
mars-road-data-centre,mars-road-dcappendix3-preliminaryfinishesschedule-10
mars-road-data-centre,mars-road-dcappendix1-preliminaryarchitecturalplans-10
mars-road-data-centre,mars-road-dcappendix2-preliminarymassingmontages-10
marsden-park-data-centre,ssd-notice-decision-423
marsden-park-data-centre,environmental-impact-statement-13068
marsden-park-data-centre,signed-ssd-ssi-assessment-report-17
marsden-park-data-centre,departments-detailed-comments-33
marsden-park-data-centre,a1-sears-table-197
marsden-park-data-centre,signed-ssd-instrument-determination
marsden-park-data-centre,a2-statutory-compliance-table-hollinsworth-69
marsden-park-data-centre,sears-endeavour-energy-advice-47
marsden-park-data-centre,stamped-plans-architectural-6
marsden-park-data-centre,a3-mitigation-measures-hollinsworth-69
marsden-park-data-centre,stamped-plans-civil-15
marsden-park-data-centre,a4-site-survey-plan-192
marsden-park-data-centre,ps-sears-letter-110
marsden-park-data-centre,stamped-plans-landscape-7
marsden-park-data-centre,a5-architectural-plans-123
marsden-park-data-centre,request-sears20240516052651-110
marsden-park-data-centre,a6-architectural-design-report-193
marsden-park-data-centre,sears-sydney-water-advice-52
marsden-park-data-centre,a7-landscape-masterplan-69
marsden-park-data-centre,a8-civil-drawings-250
marsden-park-data-centre,a9-redacted-achar-69
marsden-park-data-centre,eis-council-addendum-response-47
marsden-park-data-centre,a10-accessibility-report-69
marsden-park-data-centre,a11-air-quality-impact-assessment-138
marsden-park-data-centre,a12-arboricultural-impact-assessment-138
marsden-park-data-centre,a13-bca-report-138
marsden-park-data-centre,a14-bdar-waiver-request-68
marsden-park-data-centre,eis-sydney-water-response-116
marsden-park-data-centre,a15-bushfire-report-138
marsden-park-data-centre,a16-contamination-report-68
marsden-park-data-centre,eis-wslhd-advice-46
marsden-park-data-centre,a17-esd-report-138
marsden-park-data-centre,a19-engagement-report-138
marsden-park-data-centre,a20-estimated-development-cost-letter-68
marsden-park-data-centre,a21-historical-archaeological-assessment-68
marsden-park-data-centre,a22-groundwater-impact-assessment-68
marsden-park-data-centre,a23-geotechnical-report-68
marsden-park-data-centre,a24-preliminary-hazards-and-risks-memo-138
marsden-park-data-centre,rts-wslhd-advice-15
marsden-park-data-centre,a25-infrastructure-and-utilities-report-68
marsden-park-data-centre,a26-integrated-water-management-plan-68
marsden-park-data-centre,a26a-stormwater-data-69
marsden-park-data-centre,a28-construction-noise-and-vibration-report-138
marsden-park-data-centre,a29-operational-noise-and-vibration-report-138
marsden-park-data-centre,a30-statement-heritage-impact-138
marsden-park-data-centre,a31-sydney-water-statement-apf-68
marsden-park-data-centre,a32-social-impact-assessment-138
marsden-park-data-centre,a33-transport-impact-assessment-138
marsden-park-data-centre,a34-visual-impact-assessment-68
marsden-park-data-centre,a35-waste-management-plan-68
marsden-park-data-centre,a36-cdc-8591-1-68
marsden-park-data-centre,a37-early-works-da-24-00386-approval-138
marsden-park-data-centre,a38-5mw-da-plans-68
marsden-park-data-centre,a39-bgcdcp-2010-compliance-assessment-68
marsden-park-data-centre,a40a-easement-creation-dealing-68
marsden-park-data-centre,a40b-easement-letter-68
marsden-park-data-centre,a41-prescribed-ecological-actions-report-68
marsden-park-data-centre,a42-ghg-mitigations-plan-138
marsden-park-data-centre,application20241104040014-69
marsden-park-data-centre,amended-application20251112010515-0
marsden-park-data-centre,marsden-parkpatch-planning-lettersewer-removal-0
marsden-park-data-centre,a27-nabers-embodied-emissions-form-68
marsden-park-data-centre,a18-emissions-greenhouse-gas-assessment-138
marsden-park-data-centre,nabers-agreement-rate-317
marsden-park-data-centre,ssd-70889211-notice-determination-letter-applicant
marsden-park-data-centre,ssd-70889211-notice-determination-letter-submitter
marsden-park-data-centre,ssd-70889211-notice-determination-not-required
marsden-park-data-centre,final-human-health-impact-assessment-0
marsden-park-data-centre,amendment-acceptance-letter-2688
marsden-park-data-centre,epa-additional-information-response-sep-25-2
marsden-park-data-centre,wslhd-letter-response-16
marsden-park-data-centre,a9-music-model-27
marsden-park-data-centre,swc-response-ssd-70889211-marsden-p-data-centre-50
marsden-park-data-centre,ssd-70889211-exhibition-notice-61
marsden-park-data-centre,gis-files-367
marsden-park-data-centre,nabers-92
marsden-park-data-centre,a18-emissions-greenhouse-gas-assessment-139
marsden-park-data-centre,a37-early-works-da-24-00386-approval-139
marsden-park-data-centre,a11-air-quality-impact-assessment-139
marsden-park-data-centre,a33-transport-impact-assessment-139
marsden-park-data-centre,a42-ghg-mitigations-plan-139
marsden-park-data-centre,a6-architectural-design-report-194
marsden-park-data-centre,a29-operational-noise-and-vibration-report-139
marsden-park-data-centre,a12-arboricultural-impact-assessment-139
marsden-park-data-centre,a17-esd-report-139
marsden-park-data-centre,a13-bca-report-139
marsden-park-data-centre,a4-site-survey-plan-193
marsden-park-data-centre,a30-statement-heritage-impact-139
marsden-park-data-centre,a15-bushfire-report-139
marsden-park-data-centre,a19-engagement-report-139
marsden-park-data-centre,a24-preliminary-hazards-and-risks-memo-139
marsden-park-data-centre,a32-social-impact-assessment-139
marsden-park-data-centre,a28-construction-noise-and-vibration-report-139
marsden-park-data-centre,tfnsw-owners-consent-153
marsden-park-data-centre,cdcdat1-70
marsden-park-data-centre,attachment-2-agency-advice-1687
marsden-park-data-centre,attachment-2-agency-advice-hnsw-96
marsden-park-data-centre,ssd-ssi-issued-sears-3124
marsden-park-data-centre,ssd-ssi-issued-sears-cover-letter-2329
marsden-park-data-centre,blacktown-city-council-advice-sears-98
marsden-park-data-centre,scoping-architectural-plans-221
marsden-park-data-centre,site-context-hollinsworthmapssite-contextsite-context-110
marsden-park-data-centre,site-aerial-hollinsworth-110
marsden-park-data-centre,sears-epa-advice-47
marsden-park-data-centre,architectural-plans-4679
marsden-park-data-centre,sears-council-advice-61
marsden-park-data-centre,architectural-plans-4698
marsden-park-data-centre,sears-tfnsw-advice-47
marsden-park-data-centre,architectural-plans-4707
marsden-park-data-centre,architectural-plans-4712
marsden-park-data-centre,sears-frnsw-advice-47
marsden-park-data-centre,architectural-plans-4740
marsden-park-data-centre,sears-bcs-advice-47
marsden-park-data-centre,architectural-plans-4741
marsden-park-data-centre,sears-waternsw-advice-47
marsden-park-data-centre,architectural-plans-4742
marsden-park-data-centre,sears-hnsw-ach-advice-47
marsden-park-data-centre,architectural-plans-4743
marsden-park-data-centre,ssd-70889211-receipt-4000001908-psims-65
marsden-park-data-centre,ssd-70889211-invoice-4000001908-psims-67
marsden-park-data-centre,fee-breakdown20241105011810-67
marsden-park-data-centre,approved-fee20241104044842-68
marsden-park-data-centre,request-rts-letter-13901
marsden-park-data-centre,formal-rts-report-105-113-hollinsworth-road-marsden-park-38
marsden-park-data-centre,a1-amended-greenhouse-gas-assessment-176
marsden-park-data-centre,a2-amended-greenhouse-gas-mitigation-plan-176
marsden-park-data-centre,a3-esd-report-176
marsden-park-data-centre,a4-revised-bdar-waiver-request-176
marsden-park-data-centre,a5-car-parking-reuse-plan-176
marsden-park-data-centre,a6-amended-civil-plans-39
marsden-park-data-centre,a7-amended-integrated-water-management-strategy-176
marsden-park-data-centre,a8-amended-infrastructure-report-176
marsden-park-data-centre,a10-tfnsw-owners-consent-130
marsden-park-data-centre,a11-amended-landscape-plans-176
marsden-park-data-centre,a12-preliminary-risk-screening-176
marsden-park-data-centre,a13-preliminary-risk-screening-memorandum-176
marsden-park-data-centre,a14-validation-report-176
marsden-park-data-centre,a15-updated-arboricultural-impact-assessment-176
marsden-park-data-centre,a16-site-audit-report-38
marsden-park-data-centre,a17-amended-air-quality-impact-assessment-38
marsden-park-data-centre,a18-amended-onvia-38
marsden-park-data-centre,a19-amended-cnvia-38
marsden-park-data-centre,a20-amended-architectural-plans-38
marsden-park-data-centre,a21-facade-articulation-design-report-38
marsden-park-data-centre,a22-amended-visual-impact-assessment-38
marsden-park-data-centre,a24-submissions-register-38
marsden-park-data-centre,a23-updated-mitigation-measures-38
marsden-park-data-centre,ssd-ssi-notice-exhibition-letter-neighbouring-landow-16821
marsden-park-data-centre,ssd-ssi-exhibition-and-reexhibition-advertisement14112024-194
marsden-park-data-centre,eis-council-response-121
marsden-park-data-centre,eis-epa-response-153
marsden-park-data-centre,eis-bcs-response-47
marsden-park-data-centre,eis-hnsw-ach-response-106
marsden-park-data-centre,eis-frnsw-response-159
marsden-park-data-centre,eis-tfnsw-response-207
marsden-park-data-centre,rts-tfnsw-advice-190
marsden-park-data-centre,a12-preliminary-risk-screening-177
marsden-park-data-centre,a14-validation-report-177
marsden-park-data-centre,a13-preliminary-risk-screening-memorandum-177
marsden-park-data-centre,interim-rts-report-marsden-park-data-centre-137
marsden-park-data-centre,a5-car-parking-reuse-plan-177
marsden-park-data-centre,a15-updated-arboricultural-impact-assessment-177
marsden-park-data-centre,a8-amended-infrastructure-report-177
marsden-park-data-centre,a1-amended-greenhouse-gas-assessment-177
marsden-park-data-centre,a4-revised-bdar-waiver-request-177
marsden-park-data-centre,a3-esd-report-177
marsden-park-data-centre,a2-amended-greenhouse-gas-mitigation-plan-177
marsden-park-data-centre,a11-amended-landscape-plans-177
marsden-park-data-centre,a7-amended-integrated-water-management-strategy-177
marsden-park-data-centre,marsden-park-ssda-musiclink-report-137
marsden-park-data-centre,osd-calcs-137
marsden-park-data-centre,301351444ssda-music-137
marsden-park-data-centre,marsden-park-osd-swale-backup-137
marsden-park-data-centre,marsden-park-osd-swale-137
marsden-park-data-centre,rts-cphr-advice-15
marsden-park-data-centre,a12-preliminary-risk-screening-178
marsden-park-data-centre,a14-validation-report-178
marsden-park-data-centre,a10-tfnsw-owners-consent-131
marsden-park-data-centre,a13-preliminary-risk-screening-memorandum-178
marsden-park-data-centre,interim-rts-report-marsden-park-data-centre-138
marsden-park-data-centre,a5-car-parking-reuse-plan-178
marsden-park-data-centre,a15-updated-arboricultural-impact-assessment-178
marsden-park-data-centre,a8-amended-infrastructure-report-178
marsden-park-data-centre,a1-amended-greenhouse-gas-assessment-178
marsden-park-data-centre,a4-revised-bdar-waiver-request-178
marsden-park-data-centre,a3-esd-report-178
marsden-park-data-centre,a2-amended-greenhouse-gas-mitigation-plan-178
marsden-park-data-centre,a11-amended-landscape-plans-178
marsden-park-data-centre,a7-amended-integrated-water-management-strategy-178
marsden-park-data-centre,marsden-park-ssda-musiclink-report-138
marsden-park-data-centre,osd-calcs-138
marsden-park-data-centre,301351444ssda-music-138
marsden-park-data-centre,marsden-park-osd-swale-backup-138
marsden-park-data-centre,marsden-park-osd-swale-138
marsden-park-data-centre,rts-frnsw-advice-27
marsden-park-data-centre,a12-preliminary-risk-screening-179
marsden-park-data-centre,a14-validation-report-179
marsden-park-data-centre,a10-tfnsw-owners-consent-132
marsden-park-data-centre,a13-preliminary-risk-screening-memorandum-179
marsden-park-data-centre,interim-rts-report-marsden-park-data-centre-139
marsden-park-data-centre,a5-car-parking-reuse-plan-179
marsden-park-data-centre,a15-updated-arboricultural-impact-assessment-179
marsden-park-data-centre,a8-amended-infrastructure-report-179
marsden-park-data-centre,a1-amended-greenhouse-gas-assessment-179
marsden-park-data-centre,a4-revised-bdar-waiver-request-179
marsden-park-data-centre,a3-esd-report-179
marsden-park-data-centre,a2-amended-greenhouse-gas-mitigation-plan-179
marsden-park-data-centre,a11-amended-landscape-plans-179
marsden-park-data-centre,a7-amended-integrated-water-management-strategy-179
marsden-park-data-centre,marsden-park-ssda-musiclink-report-139
marsden-park-data-centre,osd-calcs-139
marsden-park-data-centre,301351444ssda-music-139
marsden-park-data-centre,marsden-park-osd-swale-backup-139
marsden-park-data-centre,marsden-park-osd-swale-139
marsden-park-data-centre,rts-council-response-77
marsden-park-data-centre,rts-epa-advice-27
marsden-park-data-centre,rts-heritage-nsw-advice-15
marsden-park-data-centre,a1-bdar-30
marsden-park-data-centre,cover-letter-bdar-marsden-park-data-centre-58
marsden-park-data-centre,cphradviceoninterimrts-35
marsden-park-data-centre,request-additional-information-13422
marsden-park-data-centre,att-2-updated-architectural-plans-43
marsden-park-data-centre,att-3-amended-43
marsden-park-data-centre,att-1-facade-articulation-design-report-43
marsden-park-data-centre,att-6-updated-aqia-43
marsden-park-data-centre,att-4-updated-onvia-43
marsden-park-data-centre,att-7-ahip-43
marsden-park-data-centre,cover-letteradditional-information-14
marsden-park-data-centre,att-5-updated-cnvia-criteria-response-43
marsden-park-data-centre,a5-copy-previously-submitted-music-and-drains-model-25
marsden-park-data-centre,a4-relevant-5mw-civil-drawings-25
marsden-park-data-centre,a3-updated-integrated-water-management-strategy-25
marsden-park-data-centre,a2-updated-civil-drawings-25
marsden-park-data-centre,council-rfi-response-marsden-park-data-centre-25
marsden-park-data-centre,a2-achar-addendum-27
marsden-park-data-centre,a1-human-health-impact-assessmentmarsden-park-27
marsden-park-data-centre,cover-letter-bdar-marsden-park-data-centre-59
marsden-park-data-centre,request-additional-information-13434
marsden-park-data-centre,bdar-cphr-advice-15
marsden-park-data-centre,bdar-marsden-park-data-centre-33
marsden-park-data-centre,bdar-cover-letter-marsden-park-data-centre-33
marsden-park-data-centre,marsden-park-data-centre-22
marsden-park-data-centre,attachment-a3-updated-integrated-wms-25
marsden-park-data-centre,attachment-a2-updated-civil-drawings-25
marsden-park-data-centre,attachment-a5-previously-submitted-music-and-drains-model-25
marsden-park-data-centre,attachment-a4-relevant-5mw-civil-drawings-25
marsden-park-data-centre,may-2025-council-rfi-response-25
marsden-park-data-centre,may-2025-drains-music-models-32
marsden-park-data-centre,cover-letter-addendum-achar-and-human-health-rfi-56
marsden-park-data-centre,a2-addendum-achar-may-2025-56
marsden-park-data-centre,a1-human-health-impact-assessment-final-56
marsden-park-data-centre,hnsw-ach-marsden-park-data-centre-ssd-70889211-23
marsden-park-data-centre,cover-letter-addendum-achar-and-human-health-rfi-57
marsden-park-data-centre,a2-addendum-achar-may-2025-57
marsden-park-data-centre,a1-human-health-impact-assessment-final-57
marsden-park-data-centre,a3b-updated-onvia-tc-8
marsden-park-data-centre,a3-updated-onvia-clean-8
marsden-park-data-centre,a4-updated-onvia-memo-8
marsden-park-data-centre,a5-register-updated-onvia-comments-8
marsden-park-data-centre,patch-cover-letter-marsden-park-data-centre-8
marsden-park-data-centre,a6-air-quality-memo-8
marsden-park-data-centre,a2-epa-letter-dated-03-july-2025-8
marsden-park-data-centre,a1-dphi-letter-dated-03-july-2025-8
marsden-park-data-centre,eparesponse-mardenparkdatacentre-ssd-70889211-11
marsden-park-data-centre,request-additional-information-13617
marsden-park-data-centre,rfi-hnsw-ach-advice-10
marsden-park-data-centre,a1-travers-hnsw-response-letter-20
marsden-park-data-centre,cover-letter-heritagensw-marsden-park-20
marsden-park-data-centre,response-dphi-due-9072025-10
marsden-park-data-centre,att-5-updated-cnvia-criteria-response-44
marsden-park-data-centre,cover-letter-additional-information-28
marsden-park-data-centre,att-7-ahip-44
marsden-park-data-centre,att-4-updated-onvia-44
marsden-park-data-centre,att-6-updated-aqia-44
marsden-park-data-centre,att-1-facade-articulation-design-report-44
marsden-park-data-centre,att-3-amended-44
marsden-park-data-centre,att-2-updated-architectural-plans-44
marsden-park-data-centre,rfi-epa-advice-10
marsden-park-data-centre,att-5-updated-cnvia-criteria-response-45
marsden-park-data-centre,cover-letter-additional-information-29
marsden-park-data-centre,att-7-ahip-45
marsden-park-data-centre,att-4-updated-onvia-45
marsden-park-data-centre,att-6-updated-aqia-45
marsden-park-data-centre,att-1-facade-articulation-design-report-45
marsden-park-data-centre,att-3-amended-45
marsden-park-data-centre,att-2-updated-architectural-plans-45
marsden-park-data-centre,response-dphi-91
marsden-park-data-centre,a1-bcc-letter-dated-08-july-2025-11
marsden-park-data-centre,patch-cover-letter-bcc-matters-marsden-park-data-centre-11
marsden-park-data-centre,a3a-osd-memo-11
marsden-park-data-centre,a2-updated-facade-elevations-11
marsden-park-data-centre,a3b-updated-iwms-11
marsden-park-data-centre,a3c-updated-drains-file-11
marsden-park-data-centre,epa-further-information-response-090925-5
marsden-park-data-centre,patchcoverletter-marsdenparkdatacentre-8
marsden-park-data-centre,a4-updatedonviamemo-8
marsden-park-data-centre,a6-airqualitymemo-8
marsden-park-data-centre,a5-registerofupdatedonviacomments-8
marsden-park-data-centre,a3-updatedonviaclean-8
marsden-park-data-centre,a3b-updatedonviatc-8
marsden-park-data-centre,a1-acoustic-memo-2
marsden-park-data-centre,patch-cover-letter-acoustic-rfi-response-2
marsden-park-data-centre,rfi-exceedances-pntls-during-operation-3
marsden-park-data-centre,a1-requested-changes-draft-conditions-marsden-park-0
marsden-park-data-centre,cover-letter-response-draft-conditions-0
marsden-park-data-centre,development-consent-draft-v10-2
marsden-park-data-centre,rfi-request-comment-draft-conditions-3498
mod-3-lanceley-place-data-centre-fire-access-and-switchroom,ssd-mod-assessment-report-1165
mod-3-lanceley-place-data-centre-fire-access-and-switchroom,ssd-mod-instrument-1362
mod-3-lanceley-place-data-centre-fire-access-and-switchroom,ssd-mod-stamped-plans-architectural-3
mod-3-lanceley-place-data-centre-fire-access-and-switchroom,ssd-mod-stamped-plans-landscape-3
mod-3-lanceley-place-data-centre-fire-access-and-switchroom,appendix-b-landscape-drawings-142
mod-3-lanceley-place-data-centre-fire-access-and-switchroom,mod3ssd-66777221-eia020626
mod-3-lanceley-place-data-centre-fire-access-and-switchroom,landowner-consent1
mod-3-lanceley-place-data-centre-fire-access-and-switchroom,consolidated-conditions-962
mod-3-lanceley-place-data-centre-fire-access-and-switchroom,ssd-66777221-mod-3-letter-submitters
mod-3-lanceley-place-data-centre-fire-access-and-switchroom,ssd-66777221-mod-3-letter-applicant
mod-3-lanceley-place-data-centre-fire-access-and-switchroom,ssd-66777221-mod-3-letter-submitters-0
mod-3-lanceley-place-data-centre-fire-access-and-switchroom,ssd-66777221-mod-3-notice-determination-not-required
mod-3-lanceley-place-data-centre-fire-access-and-switchroom,modification-application20260602042844
mod-3-lanceley-place-data-centre-fire-access-and-switchroom,appendix-architectural-drawings-1074
mod-3-lanceley-place-data-centre-fire-access-and-switchroom,landowners-consent2
mod-3-lanceley-place-data-centre-fire-access-and-switchroom,landowner-consent1-0
mod-3-lanceley-place-data-centre-fire-access-and-switchroom,landowners-consent2-0
mod-3-lanceley-place-data-centre-fire-access-and-switchroom,mod3ssd-66777221-eia280526
mod-3-lanceley-place-data-centre-fire-access-and-switchroom,appendix-b-landscape-drawings-143
mod-3-lanceley-place-data-centre-fire-access-and-switchroom,appendix-architectural-drawings-1082
mod-3-lanceley-place-data-centre-fire-access-and-switchroom,ssd-66777221-mod-3-receipt-4000007609
mod-3-lanceley-place-data-centre-fire-access-and-switchroom,ssd-66777221-mod-3taxinvoice4000007609
mod-3-lanceley-place-data-centre-fire-access-and-switchroom,fee-breakdown20260604034541
mod-3-lanceley-place-data-centre-fire-access-and-switchroom,approved-fee20260603041432
mod-3-lanceley-place-data-centre-fire-access-and-switchroom,willoughby-council-submission-letter-mod-3
mod-3-lanceley-place-data-centre-fire-access-and-switchroom,letter-out-lanceley-place-dc-artarmon-mod-report
mod-3-lanceley-place-data-centre-fire-access-and-switchroom,rfi-request-comment-draft-conditions-3609
mod-3-lanceley-place-data-centre-fire-access-and-switchroom,draft-mod-3-conditions
modification-1-51-huntingwood-drive-data-centre-reduced-scale,appendix-b1-s455-architectural-plans-47
modification-1-51-huntingwood-drive-data-centre-reduced-scale,ssd-modification-report-27
modification-1-51-huntingwood-drive-data-centre-reduced-scale,appendix-b4-acoustic-review-statement-47
modification-1-51-huntingwood-drive-data-centre-reduced-scale,appendix-b2-architectural-schedule-modifications-47
modification-1-51-huntingwood-drive-data-centre-reduced-scale,final-51-huntingwood-drive-powerpoint-march-2026
modification-1-51-huntingwood-drive-data-centre-reduced-scale,additional-epa-advice-amended-modification
modification-1-51-huntingwood-drive-data-centre-reduced-scale,appendix-b4-acoustic-review-statement-48
modification-1-51-huntingwood-drive-data-centre-reduced-scale,appendix-b5-air-quality-review-statement-47
modification-1-51-huntingwood-drive-data-centre-reduced-scale,appendix-b3-landscape-plans-47
modification-1-51-huntingwood-drive-data-centre-reduced-scale,appendix-b1-s455-architectural-plans-48
modification-1-51-huntingwood-drive-data-centre-reduced-scale,appendix-b6-visual-impact-addendum-report-47
modification-1-51-huntingwood-drive-data-centre-reduced-scale,ssd-modification-report-huntingwood-drive-data-centre-23
modification-1-51-huntingwood-drive-data-centre-reduced-scale,ssd-41589232-mod-1-receipt-4000003145-psims-14
modification-1-51-huntingwood-drive-data-centre-reduced-scale,ssd-41589232-mod-1-invoice-4000003145-psims-20
modification-1-51-huntingwood-drive-data-centre-reduced-scale,fee-breakdown20250312011528-20
modification-1-51-huntingwood-drive-data-centre-reduced-scale,approved-fee20250304010824-21
modification-1-51-huntingwood-drive-data-centre-reduced-scale,responsedpemodificationhuntingwood-drive-data-centre-6
modification-1-51-huntingwood-drive-data-centre-reduced-scale,epa-response-mod-1-51-huntingwood-drive-data-centre-11
modification-1-51-huntingwood-drive-data-centre-reduced-scale,cphr-advice-modification-1-51-huntingwood-7
modification-1-51-huntingwood-drive-data-centre-reduced-scale,tfnsw-response-syd25-00632-01-12
modification-1-51-huntingwood-drive-data-centre-reduced-scale,frnsw-51-huntingwood-mod-report-no-further-comment-13
modification-1-51-huntingwood-drive-data-centre-reduced-scale,appendix-b7-civil-report-12
modification-1-51-huntingwood-drive-data-centre-reduced-scale,appendix-b3-visual-impact-assessment-12
modification-1-51-huntingwood-drive-data-centre-reduced-scale,appendix-b1-architectural-plans-58
modification-1-51-huntingwood-drive-data-centre-reduced-scale,appendix-b2-landscape-plans-12
modification-1-51-huntingwood-drive-data-centre-reduced-scale,appendix-b4-noise-and-vibration-assessment-12
modification-1-51-huntingwood-drive-data-centre-reduced-scale,appendix-b9-infrastructure-and-equipment-report-12
modification-1-51-huntingwood-drive-data-centre-reduced-scale,appendix-b1-design-statement-12
modification-1-51-huntingwood-drive-data-centre-reduced-scale,appendix-b8-hazards-and-risk-report-12
modification-1-51-huntingwood-drive-data-centre-reduced-scale,appendix-b6-traffic-impact-assessment-12
modification-1-51-huntingwood-drive-data-centre-reduced-scale,wtj25-427-mod-report-final-1
modification-1-51-huntingwood-drive-data-centre-reduced-scale,appendix-b10-biodiversity-verification-statement-12
modification-1-51-huntingwood-drive-data-centre-reduced-scale,appendix-b12-bca-report-10
modification-1-51-huntingwood-drive-data-centre-reduced-scale,appendix-b11-bca-report-12
modification-1-51-huntingwood-drive-data-centre-reduced-scale,appendix-b13-fire-safety-report-12
modification-1-51-huntingwood-drive-data-centre-reduced-scale,appendix-b5-air-quality-impact-assessment-12
modification-1-51-huntingwood-drive-data-centre-reduced-scale,request-additional-information-13395
modification-1-51-huntingwood-drive-data-centre-reduced-scale,appendix-b1-design-statement-13
modification-1-51-huntingwood-drive-data-centre-reduced-scale,appendix-b4-noise-and-vibration-assessment-13
modification-1-51-huntingwood-drive-data-centre-reduced-scale,appendix-b5-air-quality-impact-assessment-13
modification-1-51-huntingwood-drive-data-centre-reduced-scale,amended-mod-report-final-10
modification-1-51-huntingwood-drive-data-centre-reduced-scale,appendix-b8-hazards-and-risk-report-13
modification-1-51-huntingwood-drive-data-centre-reduced-scale,appendix-b11-bca-report-13
modification-1-51-huntingwood-drive-data-centre-reduced-scale,appendix-b13-fire-safety-report-13
modification-1-51-huntingwood-drive-data-centre-reduced-scale,appendix-b2-landscape-plans-13
modification-1-51-huntingwood-drive-data-centre-reduced-scale,appendix-b9-infrastructure-and-equipment-report-13
modification-1-51-huntingwood-drive-data-centre-reduced-scale,appendix-b7-civil-report-13
modification-1-51-huntingwood-drive-data-centre-reduced-scale,appendix-b3-visual-impact-assessment-13
modification-1-51-huntingwood-drive-data-centre-reduced-scale,cphr-51-huntingwood-drive-data-centre-ssd41589232-mod-1-0
modification-1-51-huntingwood-drive-data-centre-reduced-scale,appendix-b1-design-statement-14
modification-1-51-huntingwood-drive-data-centre-reduced-scale,appendix-b4-noise-and-vibration-assessment-14
modification-1-51-huntingwood-drive-data-centre-reduced-scale,appendix-b5-air-quality-impact-assessment-14
modification-1-51-huntingwood-drive-data-centre-reduced-scale,amended-mod-report-final-11
modification-1-51-huntingwood-drive-data-centre-reduced-scale,appendix-b8-hazards-and-risk-report-14
modification-1-51-huntingwood-drive-data-centre-reduced-scale,appendix-b6-traffic-impact-assessment-13
modification-1-51-huntingwood-drive-data-centre-reduced-scale,appendix-b10-biodiversity-verification-statement-13
modification-1-51-huntingwood-drive-data-centre-reduced-scale,appendix-b11-bca-report-14
modification-1-51-huntingwood-drive-data-centre-reduced-scale,appendix-b12-bca-report-11
modification-1-51-huntingwood-drive-data-centre-reduced-scale,appendix-b13-fire-safety-report-14
modification-1-51-huntingwood-drive-data-centre-reduced-scale,appendix-b2-landscape-plans-14
modification-1-51-huntingwood-drive-data-centre-reduced-scale,appendix-b9-infrastructure-and-equipment-report-14
modification-1-51-huntingwood-drive-data-centre-reduced-scale,appendix-b7-civil-report-14
modification-1-51-huntingwood-drive-data-centre-reduced-scale,epa-response-huntingwood-data-centre-0
modification-1-51-huntingwood-drive-data-centre-reduced-scale,appendix-b1-design-statement-15
modification-1-51-huntingwood-drive-data-centre-reduced-scale,appendix-b4-noise-and-vibration-assessment-15
modification-1-51-huntingwood-drive-data-centre-reduced-scale,amended-mod-report-final-12
modification-1-51-huntingwood-drive-data-centre-reduced-scale,appendix-b8-hazards-and-risk-report-15
modification-1-51-huntingwood-drive-data-centre-reduced-scale,appendix-b10-biodiversity-verification-statement-14
modification-1-51-huntingwood-drive-data-centre-reduced-scale,appendix-b11-bca-report-15
modification-1-51-huntingwood-drive-data-centre-reduced-scale,appendix-b12-bca-report-12
modification-1-51-huntingwood-drive-data-centre-reduced-scale,appendix-b2-landscape-plans-15
modification-1-51-huntingwood-drive-data-centre-reduced-scale,appendix-b9-infrastructure-and-equipment-report-15
modification-1-51-huntingwood-drive-data-centre-reduced-scale,appendix-b7-civil-report-15
modification-1-51-huntingwood-drive-data-centre-reduced-scale,appendix-b1-architectural-plans-59
modification-1-51-huntingwood-drive-data-centre-reduced-scale,appendix-b3-visual-impact-assessment-14
modification-1-51-huntingwood-drive-data-centre-reduced-scale,letter-out-rts-huntingwood-data-centre-0
modification-1-51-huntingwood-drive-data-centre-reduced-scale,appendix-b1-design-statement-16
modification-1-51-huntingwood-drive-data-centre-reduced-scale,appendix-b4-noise-and-vibration-assessment-16
modification-1-51-huntingwood-drive-data-centre-reduced-scale,appendix-b5-air-quality-impact-assessment-15
modification-1-51-huntingwood-drive-data-centre-reduced-scale,amended-mod-report-final-13
modification-1-51-huntingwood-drive-data-centre-reduced-scale,appendix-b8-hazards-and-risk-report-16
modification-1-51-huntingwood-drive-data-centre-reduced-scale,appendix-b6-traffic-impact-assessment-14
modification-1-51-huntingwood-drive-data-centre-reduced-scale,appendix-b10-biodiversity-verification-statement-15
modification-1-51-huntingwood-drive-data-centre-reduced-scale,appendix-b11-bca-report-16
modification-1-51-huntingwood-drive-data-centre-reduced-scale,appendix-b12-bca-report-13
modification-1-51-huntingwood-drive-data-centre-reduced-scale,appendix-b13-fire-safety-report-15
modification-1-51-huntingwood-drive-data-centre-reduced-scale,appendix-b2-landscape-plans-16
modification-1-51-huntingwood-drive-data-centre-reduced-scale,appendix-b9-infrastructure-and-equipment-report-16
modification-1-51-huntingwood-drive-data-centre-reduced-scale,appendix-b7-civil-report-16
modification-1-51-huntingwood-drive-data-centre-reduced-scale,appendix-b1-architectural-plans-60
modification-1-51-huntingwood-drive-data-centre-reduced-scale,appendix-b3-visual-impact-assessment-15
modification-1-51-huntingwood-drive-data-centre-reduced-scale,tfnsw-response-syd25-00632-02-0
modification-1-51-huntingwood-drive-data-centre-reduced-scale,appendix-b1-design-statement-17
modification-1-51-huntingwood-drive-data-centre-reduced-scale,appendix-b4-noise-and-vibration-assessment-17
modification-1-51-huntingwood-drive-data-centre-reduced-scale,amended-mod-report-final-14
modification-1-51-huntingwood-drive-data-centre-reduced-scale,appendix-b8-hazards-and-risk-report-17
modification-1-51-huntingwood-drive-data-centre-reduced-scale,appendix-b6-traffic-impact-assessment-15
modification-1-51-huntingwood-drive-data-centre-reduced-scale,appendix-b10-biodiversity-verification-statement-16
modification-1-51-huntingwood-drive-data-centre-reduced-scale,appendix-b11-bca-report-17
modification-1-51-huntingwood-drive-data-centre-reduced-scale,appendix-b9-infrastructure-and-equipment-report-17
modification-1-51-huntingwood-drive-data-centre-reduced-scale,appendix-b7-civil-report-17
modification-1-51-huntingwood-drive-data-centre-reduced-scale,appendix-b1-architectural-plans-61
modification-1-51-huntingwood-drive-data-centre-reduced-scale,appendix-b3-visual-impact-assessment-16
modification-1-51-huntingwood-drive-data-centre-reduced-scale,appendix-no-2-arborist-report
modification-1-51-huntingwood-drive-data-centre-reduced-scale,appendix-no-1-response-epa-comments
modification-1-51-huntingwood-drive-data-centre-reduced-scale,response-letter-2-51-huntingwood-drive
modification-1-51-huntingwood-drive-data-centre-reduced-scale,appendix-no-2-biodiversity-response-letter
modification-1-51-huntingwood-drive-data-centre-reduced-scale,appendix-no-1-air-quality-response-letter
modification-1-51-huntingwood-drive-data-centre-reduced-scale,rfi-response-letter-1-51-huntingwood-drive-dphi
modification-1-51-huntingwood-drive-data-centre-reduced-scale,appendix-2-biodiversity-response-letter
modification-1-51-huntingwood-drive-data-centre-reduced-scale,request-additional-information-13435
modification-1-51-huntingwood-drive-data-centre-reduced-scale,council-response-20260203
modification-1-51-huntingwood-drive-data-centre-reduced-scale,rfiresponseletter1-51huntingwooddrive-dphi
modification-1-51-huntingwood-drive-data-centre-reduced-scale,rfi-response-letter-2-51-huntingwood-drive
modification-1-51-huntingwood-drive-data-centre-reduced-scale,appendixno1-airqualityresponseletter
modification-1-51-huntingwood-drive-data-centre-reduced-scale,appendixno2-biodiversityresponseletter
modification-1-51-huntingwood-drive-data-centre-reduced-scale,appendix-1-response-epa-comments
modification-1-51-huntingwood-drive-data-centre-reduced-scale,appendix-2-arborist-report-60
modification-1-51-huntingwood-drive-data-centre-reduced-scale,epa-response-mod-1-huntingwood-dr-030226
modification-1-51-huntingwood-drive-data-centre-reduced-scale,rfiresponseletter1-51huntingwooddrive-dphi-0
modification-1-51-huntingwood-drive-data-centre-reduced-scale,rfi-response-letter-2-51-huntingwood-drive-0
modification-1-51-huntingwood-drive-data-centre-reduced-scale,appendixno1-airqualityresponseletter-0
modification-1-51-huntingwood-drive-data-centre-reduced-scale,appendixno2-biodiversityresponseletter-0
modification-1-51-huntingwood-drive-data-centre-reduced-scale,appendix-1-response-epa-comments-0
modification-1-51-huntingwood-drive-data-centre-reduced-scale,appendix-2-arborist-report-61
modification-1-51-huntingwood-drive-data-centre-reduced-scale,cphr-51-huntingwood-dr-data-centre-ssd41589232mod1
modification-1-51-huntingwood-drive-data-centre-reduced-scale,rfiresponseletter1-51huntingwooddrive-dphi-1
modification-1-51-huntingwood-drive-data-centre-reduced-scale,rfi-response-letter-2-51-huntingwood-drive-1
modification-1-51-huntingwood-drive-data-centre-reduced-scale,appendixno1-airqualityresponseletter-1
modification-1-51-huntingwood-drive-data-centre-reduced-scale,appendixno2-biodiversityresponseletter-1
modification-1-51-huntingwood-drive-data-centre-reduced-scale,appendix-1-response-epa-comments-1
modification-1-51-huntingwood-drive-data-centre-reduced-scale,appendix-2-arborist-report-62
modification-1-51-huntingwood-drive-data-centre-reduced-scale,rfi-response-southern-tank-yard-rl-comparison
modification-1-51-huntingwood-drive-data-centre-reduced-scale,rfi-response-site-section
modification-1-51-huntingwood-drive-data-centre-reduced-scale,rfi-response-site-section-2
modification-1-51-huntingwood-drive-data-centre-reduced-scale,rfi-response-site-elevation
modification-1-51-huntingwood-drive-data-centre-reduced-scale,rfi-response-site-axonometric-view
modification-1-51-huntingwood-drive-data-centre-reduced-scale,rfi-response-cover-sheet
modification-1-51-huntingwood-drive-data-centre-reduced-scale,rfi-response-letter-3-51-huntingwood-drive
modification-1-51-huntingwood-drive-data-centre-reduced-scale,eparesponse-mod1huntingwooddr-030226
modification-1-51-huntingwood-drive-data-centre-reduced-scale,request-additional-information-13444
modification-1-51-huntingwood-drive-data-centre-reduced-scale,bccconditionsmodificaiton51-huntingwood-drive
modification-1-51-huntingwood-drive-data-centre-reduced-scale,rfi-response-letter-3-51-huntingwood-drive-0
modification-1-51-huntingwood-drive-data-centre-reduced-scale,rfi-response-cover-sheet-0
modification-1-51-huntingwood-drive-data-centre-reduced-scale,rfi-response-site-axonometric-view-0
modification-1-51-huntingwood-drive-data-centre-reduced-scale,rfi-response-site-elevation-0
modification-1-51-huntingwood-drive-data-centre-reduced-scale,rfi-response-site-section-2-0
modification-1-51-huntingwood-drive-data-centre-reduced-scale,rfi-response-site-section-0
modification-1-51-huntingwood-drive-data-centre-reduced-scale,rfi-response-southern-tank-yard-rl-comparison-0
modification-2-lanceley-place-data-centre,appendix-o-air-quality-impact-assessment-mod-2
modification-2-lanceley-place-data-centre,appendix-n-dangerous-goods-assessment-mod-2
modification-2-lanceley-place-data-centre,appendix-m-fire-safety-concept-study-mod-2
modification-2-lanceley-place-data-centre,appendix-l-infrastructure-and-staging-mod-2
modification-2-lanceley-place-data-centre,appendix-k-net-zero-commitment-mod-2
modification-2-lanceley-place-data-centre,appendix-j-esd-report-mod-2
modification-2-lanceley-place-data-centre,appendix-i-risk-and-hazards-assessment-mod-2
modification-2-lanceley-place-data-centre,appendix-h-visual-impact-assessment-mod-2
modification-2-lanceley-place-data-centre,appendix-g-noise-and-vibration-assessment-mod-2
modification-2-lanceley-place-data-centre,appendix-f-landscape-design-report-mod-2
modification-2-lanceley-place-data-centre,appendix-e-landscape-plans-mod-2
modification-2-lanceley-place-data-centre,appendix-d-bca-assessment-mod-2
modification-2-lanceley-place-data-centre,appendix-c-statutory-compliance-table-mod-2
modification-2-lanceley-place-data-centre,appendix-b-architectural-design-report-mod-2
modification-2-lanceley-place-data-centre,appendix-architectural-plans-mod-2-2
modification-2-lanceley-place-data-centre,s4551a-modification-report-lanceley-place-dc
modification-2-lanceley-place-data-centre,appendix-architectural-plans-2493
modification-2-lanceley-place-data-centre,blankpdf-0
modification-2-lanceley-place-data-centre,appendix-b-architectural-design-report-550
modification-2-lanceley-place-data-centre,ssd-mod-assessment-report-1137
modification-2-lanceley-place-data-centre,appendix-e-landscape-plans-243
modification-2-lanceley-place-data-centre,ssd-mod-instrument-1332
modification-2-lanceley-place-data-centre,appendix-h-visual-impact-assessment-543
modification-2-lanceley-place-data-centre,appendix-g-noise-and-vibration-assessment-159
modification-2-lanceley-place-data-centre,appendix-j-esd-report-94
modification-2-lanceley-place-data-centre,appendix-i-risk-and-hazards-assessment-0
modification-2-lanceley-place-data-centre,appendix-n-dangerous-goods-assessment-0
modification-2-lanceley-place-data-centre,appendix-f-landscape-design-report-97
modification-2-lanceley-place-data-centre,appendix-d-bca-assessment-0
modification-2-lanceley-place-data-centre,appendix-l-infrastructure-plan-0
modification-2-lanceley-place-data-centre,appendix-m-fire-safety-concept-study-0
modification-2-lanceley-place-data-centre,s4552-modification-report-lanceley-place-data-centre-0
modification-2-lanceley-place-data-centre,appendix-o-air-quality-impact-assessment-701
modification-2-lanceley-place-data-centre,appendix-c-statutory-compliance-table-7580
modification-2-lanceley-place-data-centre,appendix-k-net-zero-commitment-0
modification-2-lanceley-place-data-centre,ssd-mod-notice-determination-letter-submitter-na
modification-2-lanceley-place-data-centre,ssd-mod-notice-determination-letter-applicant-223
modification-2-lanceley-place-data-centre,15-ssd-xxxxxxxx-notice-determination-not-required-8
modification-2-lanceley-place-data-centre,consolidated-consent-2501
modification-2-lanceley-place-data-centre,stamped-landscape-plans-53
modification-2-lanceley-place-data-centre,stamped-architectural-plans-89
modification-2-lanceley-place-data-centre,appendix-c-updated-landscape-drawings-85
modification-2-lanceley-place-data-centre,modification-application20251202051029-0
modification-2-lanceley-place-data-centre,ssd-66777221-mod-2-receipt-4000006204
modification-2-lanceley-place-data-centre,ssd-66777221-mod-2taxinvoice4000006204
modification-2-lanceley-place-data-centre,fee-breakdown20260119233009
modification-2-lanceley-place-data-centre,approved-fee20260119051946
modification-2-lanceley-place-data-centre,council-response-mod-report-4
modification-2-lanceley-place-data-centre,frnsw-response-mod-report
modification-2-lanceley-place-data-centre,ausgrid-response-mod-report
modification-2-lanceley-place-data-centre,appendix-b-architectural-drawings-2793
modification-2-lanceley-place-data-centre,appendix-c-landscape-drawings-266
modification-2-lanceley-place-data-centre,appendix-acoustic-technical-memorandum
modification-2-lanceley-place-data-centre,syd01-mod-2-rts-register
modification-2-lanceley-place-data-centre,frnsw-response-mod-report-0
modification-2-lanceley-place-data-centre,council-response-mod-report-5
modification-2-lanceley-place-data-centre,ausgrid-response-mod-report-0
modification-2-lanceley-place-data-centre,request-additional-information-170226
mowbray-road-data-centre,environmental-impact-statementfinaldpe-lodgement-50
mowbray-road-data-centre,issued-sears-cover-letter18022021014131-130
mowbray-road-data-centre,appendix-1-dcp-compliance-table-125
mowbray-road-data-centre,issued-sears18022021014124-130
mowbray-road-data-centre,appendix-2-qs-report-340
mowbray-road-data-centre,attachment-2-public-authority-responses-final-130
mowbray-road-data-centre,appendix-3-sears-report-122
mowbray-road-data-centre,appendix-4-survey-plan-174
mowbray-road-data-centre,appendix-5-architectural-plans-98
mowbray-road-data-centre,appendix-6-design-report-and-options-analysis-50
mowbray-road-data-centre,sears-request-scoping-report-472
mowbray-road-data-centre,appendix-7-landscape-plans-211
mowbray-road-data-centre,appendix-1-preliminary-architectural-plans-584
mowbray-road-data-centre,appendix-8-landscape-and-visual-impact-assessment-report-50
mowbray-road-data-centre,appendix-2-preliminary-cost-report-184
mowbray-road-data-centre,appendix-9-civil-flooding-report-and-plans-50
mowbray-road-data-centre,appendix-10-geotechnical-report-109
mowbray-road-data-centre,appendix-11-traffic-and-parking-impact-assessment-50
mowbray-road-data-centre,appendix-12-arborist-report-tree-impact-assessment-50
mowbray-road-data-centre,appendix-13-bdar-waiver-request-50
mowbray-road-data-centre,appendix-14-biodiversity-technical-report-50
mowbray-road-data-centre,appendix-15-air-quality-impact-assessment-97
mowbray-road-data-centre,appendix-16-noise-and-vibration-impact-assessment-52
mowbray-road-data-centre,appendix-17-heritage-impact-assessment-50
mowbray-road-data-centre,appendix-18-achar-redacted-50
mowbray-road-data-centre,appendix-19-ecologically-sustainable-development-report-50
mowbray-road-data-centre,appendix-20-ghg-assessment-and-energy-efficiency-report-50
mowbray-road-data-centre,appendix-21-waste-management-report-223
mowbray-road-data-centre,appendix-22-bushfire-impact-assessment-50
mowbray-road-data-centre,appendix-23-hazards-and-risks-report-50
mowbray-road-data-centre,appendix-24-services-infrastructure-assessment-50
mowbray-road-data-centre,appendix-25-bca-report-50
mowbray-road-data-centre,appendix-26-community-engagement-and-outcomes-report-50
mowbray-road-data-centre,appendix-27-clause-46-variation-request-50
mowbray-road-data-centre,appendix-28-remedial-action-plan-50
mowbray-road-data-centre,letter-dpe-withdrawal-signed-1
mowbray-road-data-centre,nsw-rfs-advice-exhibition-8
mowbray-road-data-centre,public-submission-petition-8
mowbray-road-data-centre,possums-corner-childcare-submission-9
mowbray-road-data-centre,706-mowbray-road-lane-cove-council-submission-11
mowbray-road-data-centre,application20221006035029-50
mowbray-road-data-centre,sears-wcc-response-130
mowbray-road-data-centre,sears-lcc-response-130
mowbray-road-data-centre,scoping-meeting-request20201127031142-130
mowbray-road-data-centre,scoping-details-pdf-18175
mowbray-road-data-centre,request-sears20210122030454-130
mowbray-road-data-centre,sears-tfnsw-response-262
mowbray-road-data-centre,sears-epa-response-200
mowbray-road-data-centre,tfnsw-response-duplicate-130
mowbray-road-data-centre,sears-eesg-response-161
mowbray-road-data-centre,ssd-13475973-receipt-22056211-psims-34
mowbray-road-data-centre,ssd-13475973-invoice-22056211-psims-43
mowbray-road-data-centre,fee-breakdown20221011212136-44
mowbray-road-data-centre,approved-fee20221011013826-44
mowbray-road-data-centre,letter-dpe-withdrawal-submission-1
mowbray-road-data-centre,request-rts-letter-3336
mowbray-road-data-centre,ss-exhibition-or-reexhibition-advertisement0311202212001-27
mowbray-road-data-centre,b00083-quotation-29
mowbray-road-data-centre,b00083-ad-proof-north-shore-times-egn-signed-29
mowbray-road-data-centre,ssd-13475793-letter-landowner-psims-31
mowbray-road-data-centre,reminder-due-date-response-planner-3
mowbray-road-data-centre,waternsw-response-mowbray-rd-data-centre-ssd-13475973-24
mowbray-road-data-centre,epa-mowbray-road-data-centre-706-mowbray-road-west-eiis-9
mowbray-road-data-centre,ehg-response-mowbray-road-data-centre-eis-25-nov-2022-15
mowbray-road-data-centre,hnsw-ach-eis-ssd-13475973-18
mowbray-road-data-centre,advice-eis-mowbray-road-data-centre-ssd-13475973-21
mowbray-road-data-centre,mowbray-road-data-centre-ssd-13475973-28
mowbray-road-data-centre,tfnsw-submission-1081
nextdc-s4-data-centre-horsley-park,ssd-notice-decision-8
nextdc-s4-data-centre-horsley-park,amended-application20250903042540-16
nextdc-s4-data-centre-horsley-park,ssd-63741210-exhibition-notice-47
nextdc-s4-data-centre-horsley-park,environmental-impact-assessment-nextdc-s4-data-centre-60
nextdc-s4-data-centre-horsley-park,signed-ssd-ssi-assessment-report-19
nextdc-s4-data-centre-horsley-park,ssd-63741210-exhibition-notice-amended-application-12
nextdc-s4-data-centre-horsley-park,nextdc-rts-and-amendment-report-58
nextdc-s4-data-centre-horsley-park,appendix-sears-compliance-table-7383
nextdc-s4-data-centre-horsley-park,signed-ssd-instrument-consent-0
nextdc-s4-data-centre-horsley-park,revised-civil-plans-54
nextdc-s4-data-centre-horsley-park,appendix-b-statutory-compliance-table-6061
nextdc-s4-data-centre-horsley-park,stamped-plans-architectural-8
nextdc-s4-data-centre-horsley-park,flood-emergency-response-plan-244
nextdc-s4-data-centre-horsley-park,appendix-c-mitigation-measures-table-586
nextdc-s4-data-centre-horsley-park,stamped-plans-civil-19
nextdc-s4-data-centre-horsley-park,revised-geotechnical-assessment-33
nextdc-s4-data-centre-horsley-park,appendix-d-engagement-summary-table-288
nextdc-s4-data-centre-horsley-park,stamped-plans-landscape-9
nextdc-s4-data-centre-horsley-park,revised-civil-engineering-report-34
nextdc-s4-data-centre-horsley-park,appendix-e-architectural-plans-1110
nextdc-s4-data-centre-horsley-park,request-sears20231022225252-112
nextdc-s4-data-centre-horsley-park,stamped-plans-external-hv
nextdc-s4-data-centre-horsley-park,revised-architectural-design-report-33
nextdc-s4-data-centre-horsley-park,appendix-f-architectural-design-report-1260
nextdc-s4-data-centre-horsley-park,revised-contamination-remediation-status-letter-33
nextdc-s4-data-centre-horsley-park,appendix-h-survey-plan-847
nextdc-s4-data-centre-horsley-park,revised-noise-and-vibration-impact-assessment-33
nextdc-s4-data-centre-horsley-park,appendix-i-bca-compliance-report-297
nextdc-s4-data-centre-horsley-park,revised-infrastructure-requirements-report-33
nextdc-s4-data-centre-horsley-park,appendix-j-landscape-plans-735
nextdc-s4-data-centre-horsley-park,surface-water-and-groundwater-assessment-33
nextdc-s4-data-centre-horsley-park,appendix-k-landscape-design-report-429
nextdc-s4-data-centre-horsley-park,revised-salinity-and-acid-sulfate-assessment-33
nextdc-s4-data-centre-horsley-park,appendix-l-visual-impact-assessment-1341
nextdc-s4-data-centre-horsley-park,revised-visual-impact-assessment-1
nextdc-s4-data-centre-horsley-park,appendix-m-traffic-impact-asssessment-60
nextdc-s4-data-centre-horsley-park,revised-traffic-impact-assessment-38
nextdc-s4-data-centre-horsley-park,appendix-n-esd-report-223
nextdc-s4-data-centre-horsley-park,revised-flood-risk-assessment-46
nextdc-s4-data-centre-horsley-park,appendix-o-air-quality-impact-assessment-700
nextdc-s4-data-centre-horsley-park,revised-landscape-design-report-33
nextdc-s4-data-centre-horsley-park,appendix-o-concept-air-quality-report-60
nextdc-s4-data-centre-horsley-park,revised-landscape-plans-106
nextdc-s4-data-centre-horsley-park,appendix-p-noise-and-vibration-assessment-107
nextdc-s4-data-centre-horsley-park,revised-waste-management-plan-38
nextdc-s4-data-centre-horsley-park,appendix-q-flood-risk-assessment-report-60
nextdc-s4-data-centre-horsley-park,revised-heritage-impact-statement-34
nextdc-s4-data-centre-horsley-park,appendix-r-civil-engineering-report-530
nextdc-s4-data-centre-horsley-park,revised-wayfinding-and-signage-plans-33
nextdc-s4-data-centre-horsley-park,appendix-s-civil-plans-91
nextdc-s4-data-centre-horsley-park,revised-architectural-plans-294
nextdc-s4-data-centre-horsley-park,appendix-t-contamination-status-letter-60
nextdc-s4-data-centre-horsley-park,loading-dock-management-plan-42
nextdc-s4-data-centre-horsley-park,appendix-u-achar-60
nextdc-s4-data-centre-horsley-park,revised-air-quality-impact-assessment-95
nextdc-s4-data-centre-horsley-park,appendix-v-heritage-impact-statement-195
nextdc-s4-data-centre-horsley-park,revised-social-impact-assessment-33
nextdc-s4-data-centre-horsley-park,appendix-w-social-impact-assessment-500
nextdc-s4-data-centre-horsley-park,revised-bdar-waiver-request-33
nextdc-s4-data-centre-horsley-park,appendix-x-backup-power-report-60
nextdc-s4-data-centre-horsley-park,external-hv-plans-33
nextdc-s4-data-centre-horsley-park,appendix-y-geotechnical-assessment-161
nextdc-s4-data-centre-horsley-park,revised-green-travel-plan-34
nextdc-s4-data-centre-horsley-park,appendix-z-waste-management-plan-507
nextdc-s4-data-centre-horsley-park,revised-preliminary-hazards-analysis-33
nextdc-s4-data-centre-horsley-park,appendix-aa-bushfire-protection-assessment-60
nextdc-s4-data-centre-horsley-park,revised-arboricultural-impact-assessment-33
nextdc-s4-data-centre-horsley-park,appendix-bb-access-review-report-60
nextdc-s4-data-centre-horsley-park,revised-bushfire-protection-assessment-33
nextdc-s4-data-centre-horsley-park,appendix-cc-green-travel-plan-60
nextdc-s4-data-centre-horsley-park,revised-preliminary-ctmp-33
nextdc-s4-data-centre-horsley-park,appendix-dd-construction-traffic-management-plan-61
nextdc-s4-data-centre-horsley-park,noise-assessment-external-hv-works-33
nextdc-s4-data-centre-horsley-park,appendix-ff-bdar-waiver-457
nextdc-s4-data-centre-horsley-park,revised-engagement-outcomes-report-33
nextdc-s4-data-centre-horsley-park,appendix-gg-bdar-waiver-request-60
nextdc-s4-data-centre-horsley-park,revised-esd-report-37
nextdc-s4-data-centre-horsley-park,appendix-hh-preliminary-hazards-analysis-60
nextdc-s4-data-centre-horsley-park,revised-statutory-compliance-table-33
nextdc-s4-data-centre-horsley-park,appendix-ii-infrastructure-requirements-report-60
nextdc-s4-data-centre-horsley-park,revised-mitigation-measures-table-64
nextdc-s4-data-centre-horsley-park,appendix-jj-wayfinding-and-signage-plans-60
nextdc-s4-data-centre-horsley-park,revised-edc-cover-letter-33
nextdc-s4-data-centre-horsley-park,appendix-kk-surface-and-groudwater-assessment-60
nextdc-s4-data-centre-horsley-park,greenhouse-gas-emissions-assessment-33
nextdc-s4-data-centre-horsley-park,appendix-ll-engagement-outcomes-report-143
nextdc-s4-data-centre-horsley-park,revised-engagement-summary-table-33
nextdc-s4-data-centre-horsley-park,appendix-mm-arboricultural-impact-assessment-60
nextdc-s4-data-centre-horsley-park,revised-embodied-emissions-materials-form-33
nextdc-s4-data-centre-horsley-park,appendix-nn-salinity-and-ass-assessment-60
nextdc-s4-data-centre-horsley-park,revised-bca-report-33
nextdc-s4-data-centre-horsley-park,revised-backup-power-report-33
nextdc-s4-data-centre-horsley-park,infrastructure-report-external-hv-works-33
nextdc-s4-data-centre-horsley-park,preliminary-ctmp-external-hv-works-33
nextdc-s4-data-centre-horsley-park,response-submissions-table-119
nextdc-s4-data-centre-horsley-park,revised-access-report-35
nextdc-s4-data-centre-horsley-park,arboricultural-external-hv-works-33
nextdc-s4-data-centre-horsley-park,climate-change-risk-assessment-33
nextdc-s4-data-centre-horsley-park,air-quality-assessment-external-hv-works-33
nextdc-s4-data-centre-horsley-park,achar-addendum-letter-33
nextdc-s4-data-centre-horsley-park,amendment-acceptance-letter-2557
nextdc-s4-data-centre-horsley-park,appendix-g-edc-calculation-60
nextdc-s4-data-centre-horsley-park,amended-application20250522003755-24
nextdc-s4-data-centre-horsley-park,appendix-ee-embodied-emissions-materials-form-60
nextdc-s4-data-centre-horsley-park,ssd-63741210-notice-determination-not-required
nextdc-s4-data-centre-horsley-park,ssd-63741210-letter-applicant
nextdc-s4-data-centre-horsley-park,ssd-63741210-letter-submitter
nextdc-s4-data-centre-horsley-park,amendment-epa-air-advice-2
nextdc-s4-data-centre-horsley-park,amendment-sydney-water-advice-3
nextdc-s4-data-centre-horsley-park,owners-consentfairfield-council-16
nextdc-s4-data-centre-horsley-park,owners-consentblacktown-council-16
nextdc-s4-data-centre-horsley-park,owners-consent-transgrid-16
nextdc-s4-data-centre-horsley-park,amend-da-more-information-required-907
nextdc-s4-data-centre-horsley-park,appendix-b-revised-statutory-compliance-table-56
nextdc-s4-data-centre-horsley-park,appendix-c-revised-mitigation-measures-table-28
nextdc-s4-data-centre-horsley-park,appendix-k-revised-visual-impact-assessment-24
nextdc-s4-data-centre-horsley-park,appendix-hh-revised-groundwater-assessment-24
nextdc-s4-data-centre-horsley-park,appendix-kk-revised-dryland-salinity-assessment-24
nextdc-s4-data-centre-horsley-park,appendix-l-revised-traffic-impact-assessment-24
nextdc-s4-data-centre-horsley-park,appendix-j-revised-landscape-design-report-24
nextdc-s4-data-centre-horsley-park,appendix-i-revised-landscape-plans-24
nextdc-s4-data-centre-horsley-park,appendix-jj-revised-arboricultural-impact-assessment-24
nextdc-s4-data-centre-horsley-park,appendix-ff-revised-infrastructure-requirements-report-24
nextdc-s4-data-centre-horsley-park,appendix-e-revised-architectural-plans-55
nextdc-s4-data-centre-horsley-park,appendix-ll-climate-change-risk-and-adaptation-plan-24
nextdc-s4-data-centre-horsley-park,appendix-p-revised-flood-risk-assessment-24
nextdc-s4-data-centre-horsley-park,appendix-tt-sup-infrastructure-requirements-report-24
nextdc-s4-data-centre-horsley-park,appendix-oo-loading-dock-management-plan-24
nextdc-s4-data-centre-horsley-park,appendix-h-revised-bca-report-24
nextdc-s4-data-centre-horsley-park,appendix-ii-revised-engagement-outcomes-report-24
nextdc-s4-data-centre-horsley-park,appendix-gg-revised-wayfinding-and-signage-strategy-24
nextdc-s4-data-centre-horsley-park,appendix-m-revised-esd-report-24
nextdc-s4-data-centre-horsley-park,appendix-n-revised-air-quality-impact-assessment-24
nextdc-s4-data-centre-horsley-park,appendix-g-edc-letter-24
nextdc-s4-data-centre-horsley-park,appendix-nn-greenhouse-gas-emissions-assessment-24
nextdc-s4-data-centre-horsley-park,nextdc-rts-and-amendment-report-59
nextdc-s4-data-centre-horsley-park,appendix-dd-revised-bdar-waiver-request-24
nextdc-s4-data-centre-horsley-park,appendix-z-revised-bushfire-protection-assessment-24
nextdc-s4-data-centre-horsley-park,appendix-y-revised-waste-management-plan-24
nextdc-s4-data-centre-horsley-park,appendix-bb-revised-green-travel-plan-24
nextdc-s4-data-centre-horsley-park,appendix-ee-revised-preliminary-hazards-analysis-24
nextdc-s4-data-centre-horsley-park,appendix-cc-revised-pctmp-24
nextdc-s4-data-centre-horsley-park,appendix-response-submissions-table-299
nextdc-s4-data-centre-horsley-park,appendix-aa-revised-access-review-report-24
nextdc-s4-data-centre-horsley-park,appendix-v-revised-social-impact-assessment-24
nextdc-s4-data-centre-horsley-park,appendix-uu-sup-noise-and-vibration-assessment-24
nextdc-s4-data-centre-horsley-park,appendix-t-acha-addendum-24
nextdc-s4-data-centre-horsley-park,appendix-w-revised-backup-power-report-24
nextdc-s4-data-centre-horsley-park,appendix-u-revised-heritage-impact-statement-24
nextdc-s4-data-centre-horsley-park,appendix-ss-sup-pctmp-24
nextdc-s4-data-centre-horsley-park,appendix-rr-sup-arboricultural-impact-assessment-24
nextdc-s4-data-centre-horsley-park,appendix-qq-sup-air-quality-assessment-24
nextdc-s4-data-centre-horsley-park,appendix-pp-hv-route-plans-24
nextdc-s4-data-centre-horsley-park,nswrfs-advice-nextdc-s4-horsley-park-41
nextdc-s4-data-centre-horsley-park,application20240620075447-60
nextdc-s4-data-centre-horsley-park,p0033048subjectsitessda0624-60
nextdc-s4-data-centre-horsley-park,appendix-u-achar-unredacted-version-52
nextdc-s4-data-centre-horsley-park,industry-specific-sears-data-storage-centres3841904-1-110
nextdc-s4-data-centre-horsley-park,ssd-sears-industry-specific-cover-letter-6487
nextdc-s4-data-centre-horsley-park,deposited-plan-148
nextdc-s4-data-centre-horsley-park,draft-subdivision-plan-120
nextdc-s4-data-centre-horsley-park,request-industry-specific-sears-358
nextdc-s4-data-centre-horsley-park,concept-design-report-and-plans-112
nextdc-s4-data-centre-horsley-park,ssd-63741210-receipt-4000001071-psims-54
nextdc-s4-data-centre-horsley-park,ssd-63741210-invoice-4000001071-psims-54
nextdc-s4-data-centre-horsley-park,fee-breakdown20240710030434-56
nextdc-s4-data-centre-horsley-park,approved-fee20240703070628-58
nextdc-s4-data-centre-horsley-park,flood-emergency-response-plan-248
nextdc-s4-data-centre-horsley-park,revised-geotechnical-assessment-34
nextdc-s4-data-centre-horsley-park,revised-civil-plans-55
nextdc-s4-data-centre-horsley-park,revised-civil-engineering-report-35
nextdc-s4-data-centre-horsley-park,revised-architectural-design-report-34
nextdc-s4-data-centre-horsley-park,revised-contamination-remediation-status-letter-34
nextdc-s4-data-centre-horsley-park,revised-noise-and-vibration-impact-assessment-34
nextdc-s4-data-centre-horsley-park,revised-architectural-plans-295
nextdc-s4-data-centre-horsley-park,revised-infrastructure-requirements-report-34
nextdc-s4-data-centre-horsley-park,surface-water-and-groundwater-assessment-34
nextdc-s4-data-centre-horsley-park,revised-salinity-and-acid-sulfate-assessment-34
nextdc-s4-data-centre-horsley-park,revised-visual-impact-assessment-38
nextdc-s4-data-centre-horsley-park,revised-traffic-impact-assessment-39
nextdc-s4-data-centre-horsley-park,external-hv-plans-34
nextdc-s4-data-centre-horsley-park,revised-flood-risk-assessment-47
nextdc-s4-data-centre-horsley-park,revised-landscape-design-report-34
nextdc-s4-data-centre-horsley-park,loading-dock-management-plan-43
nextdc-s4-data-centre-horsley-park,revised-air-quality-impact-assessment-96
nextdc-s4-data-centre-horsley-park,arboricultural-external-hv-works-34
nextdc-s4-data-centre-horsley-park,nextdc-rts-and-amendment-report-60
nextdc-s4-data-centre-horsley-park,revised-landscape-plans-111
nextdc-s4-data-centre-horsley-park,revised-bdar-waiver-request-34
nextdc-s4-data-centre-horsley-park,revised-arboricultural-impact-assessment-34
nextdc-s4-data-centre-horsley-park,noise-assessment-external-hv-works-34
nextdc-s4-data-centre-horsley-park,air-quality-assessment-external-hv-works-34
nextdc-s4-data-centre-horsley-park,revised-bushfire-protection-assessment-34
nextdc-s4-data-centre-horsley-park,revised-waste-management-plan-39
nextdc-s4-data-centre-horsley-park,revised-social-impact-assessment-34
nextdc-s4-data-centre-horsley-park,achar-addendum-letter-34
nextdc-s4-data-centre-horsley-park,climate-change-risk-assessment-34
nextdc-s4-data-centre-horsley-park,greenhouse-gas-emissions-assessment-34
nextdc-s4-data-centre-horsley-park,revised-green-travel-plan-35
nextdc-s4-data-centre-horsley-park,infrastructure-report-external-hv-works-34
nextdc-s4-data-centre-horsley-park,revised-bca-report-34
nextdc-s4-data-centre-horsley-park,revised-heritage-impact-statement-35
nextdc-s4-data-centre-horsley-park,revised-preliminary-hazards-analysis-34
nextdc-s4-data-centre-horsley-park,revised-engagement-outcomes-report-34
nextdc-s4-data-centre-horsley-park,revised-esd-report-38
nextdc-s4-data-centre-horsley-park,revised-backup-power-report-34
nextdc-s4-data-centre-horsley-park,revised-wayfinding-and-signage-plans-34
nextdc-s4-data-centre-horsley-park,revised-preliminary-ctmp-34
nextdc-s4-data-centre-horsley-park,preliminary-ctmp-external-hv-works-34
nextdc-s4-data-centre-horsley-park,response-submissions-table-120
nextdc-s4-data-centre-horsley-park,revised-access-report-36
nextdc-s4-data-centre-horsley-park,revised-statutory-compliance-table-34
nextdc-s4-data-centre-horsley-park,revised-mitigation-measures-table-65
nextdc-s4-data-centre-horsley-park,revised-edc-cover-letter-34
nextdc-s4-data-centre-horsley-park,revised-engagement-summary-table-34
nextdc-s4-data-centre-horsley-park,revised-embodied-emissions-materials-form-34
nextdc-s4-data-centre-horsley-park,request-rts-letter-13579
nextdc-s4-data-centre-horsley-park,ssd-ssi-notice-exhibition-letter-neighbouring-landow-15821
nextdc-s4-data-centre-horsley-park,ssd-ssi-exhibition-and-reexhibition-advertisement26072024-100
nextdc-s4-data-centre-horsley-park,eis-letter-28082024-41
nextdc-s4-data-centre-horsley-park,dcceew-waternextdc-s4-data-centre-horsley-park-eis-1-42
nextdc-s4-data-centre-horsley-park,dphi-response-epa-re-noise-37
nextdc-s4-data-centre-horsley-park,epa-advice-nextdc-s4-data-centre-38
nextdc-s4-data-centre-horsley-park,bcs-eis-ssd-63741210-40
nextdc-s4-data-centre-horsley-park,hnsw-ach-eis-nextdc-s4-data-centre-horsley-park-42
nextdc-s4-data-centre-horsley-park,ssd-63741210-no-comment-hms-6813-45
nextdc-s4-data-centre-horsley-park,letter-out-nextdc-s4-dc-horsley-park-dphi-eis-43
nextdc-s4-data-centre-horsley-park,tfnsw-response-syd24-00262-02-42
nextdc-s4-data-centre-horsley-park,nextdc-s4-data-centre-rfs-eis-response-44
nextdc-s4-data-centre-horsley-park,request-gansw-advice-templatenextcdhorselypark-36
nextdc-s4-data-centre-horsley-park,request-gansw-advice-templatev2-92
nextdc-s4-data-centre-horsley-park,wnsw-response-nextdc-s4-data-centre-eis-ssd-63741210-42
nextdc-s4-data-centre-horsley-park,request-gansw-advice-templatev2-93
nextdc-s4-data-centre-horsley-park,attachment-b-3335
nextdc-s4-data-centre-horsley-park,attachment-3635
nextdc-s4-data-centre-horsley-park,attachment-c-2373
nextdc-s4-data-centre-horsley-park,response-additional-rfissda63741210-0
nextdc-s4-data-centre-horsley-park,request-submissions-report-amended-da-exhibition-4
nextdc-s4-data-centre-horsley-park,ssd-ssi-exhibition-and-reexhibition-advertisement18092025-12
nextdc-s4-data-centre-horsley-park,fcc-rts-letter-1
nextdc-s4-data-centre-horsley-park,amendment-waternsw-advice-4
nextdc-s4-data-centre-horsley-park,amendment-dcceew-water-advice-4
nextdc-s4-data-centre-horsley-park,amendment-frnsw-advice-4
nextdc-s4-data-centre-horsley-park,amendment-rfs-advice-0
nextdc-s4-data-centre-horsley-park,amendment-hnsw-ach-advice-4
nextdc-s4-data-centre-horsley-park,amendment-heritage-nsw-advice-4
nextdc-s4-data-centre-horsley-park,amendment-cphr-advice-4
nextdc-s4-data-centre-horsley-park,amendment-epa-initial-advice-4
nextdc-s4-data-centre-horsley-park,amendment-tfnsw-advice-4
nextdc-s4-data-centre-horsley-park,amendment-ausgrid-advice-4
nextdc-s4-data-centre-horsley-park,ssd-63741210-receipt-4000004820-11
nextdc-s4-data-centre-horsley-park,ssd-63741210taxinvoice4000004820-13
nextdc-s4-data-centre-horsley-park,fee-breakdown20250912020132-13
nextdc-s4-data-centre-horsley-park,approved-fee20250911082022-13
nextdc-s4-data-centre-horsley-park,data-centre-horsley-park-0
nextdc-s4-data-centre-horsley-park,20251209-rts-follow-letter-dphi
nextdc-s4-data-centre-horsley-park,scanmiddla2025-11-27-12-27-24
nextdc-s4-data-centre-horsley-park,response-draft-conditions-182
nextdc-s4-data-centre-horsley-park,draft-v1-determination-instrument-nextdc-s4
nextdc-s4-data-centre-horsley-park,rfi-request-comment-draft-conditions-3533
nextdc-s4-data-centre-phase-2-horsley-park,scoping-report-s4-phase-2final
nextdc-s4-data-centre-phase-2-horsley-park,request-sears20260312011615
nextdc-s4-data-centre-phase-2-horsley-park,application20260903235408
nextdc-s4-data-centre-phase-2-horsley-park,appendix-v-infrastructure-requirements-report
nextdc-s4-data-centre-phase-2-horsley-park,environmental-impact-statement-15034
nextdc-s4-data-centre-phase-2-horsley-park,appendix-w-plant-and-equipment-systems-report
nextdc-s4-data-centre-phase-2-horsley-park,appendix-aa-greenhouse-gas-assessment
nextdc-s4-data-centre-phase-2-horsley-park,appendix-x-esd-report-239
nextdc-s4-data-centre-phase-2-horsley-park,appendix-c-mitigation-measures-table-609
nextdc-s4-data-centre-phase-2-horsley-park,landowners-consent-4200
nextdc-s4-data-centre-phase-2-horsley-park,issued-reject-eis-3993
nextdc-s4-data-centre-phase-2-horsley-park,application20260824071449
nextdc-s4-data-centre-phase-2-horsley-park,gis-data-lodgement
nextdc-s4-data-centre-phase-2-horsley-park,invoicee-details-form-nextdc-s4-phase-2
nextdc-s4-data-centre-phase-2-horsley-park,appendix-r-waste-management-plan-140
nextdc-s4-data-centre-phase-2-horsley-park,appendix-q-preliminary-site-investigation-1
nextdc-s4-data-centre-phase-2-horsley-park,appendix-n-civil-design-report-1
nextdc-s4-data-centre-phase-2-horsley-park,appendix-z-achar-public-exhibition
nextdc-s4-data-centre-phase-2-horsley-park,appendix-l-geotechnical-investigation-36
nextdc-s4-data-centre-phase-2-horsley-park,appendix-z-achar-confidential-78
nextdc-s4-data-centre-phase-2-horsley-park,appendix-o-civil-plans-106
nextdc-s4-data-centre-phase-2-horsley-park,appendix-t-noise-and-vibration-impact-assessment-729
nextdc-s4-data-centre-phase-2-horsley-park,appendix-p-landscape-design-report-0
nextdc-s4-data-centre-phase-2-horsley-park,appendix-e-architectural-plans-1149
nextdc-s4-data-centre-phase-2-horsley-park,appendix-h-traffic-impact-assessment-725
nextdc-s4-data-centre-phase-2-horsley-park,appendix-g-architectural-design-report-762
nextdc-s4-data-centre-phase-2-horsley-park,appendix-k-loading-dock-management-plan
nextdc-s4-data-centre-phase-2-horsley-park,appendix-ff-surface-and-groundwater-impact-assessment-0
nextdc-s4-data-centre-phase-2-horsley-park,appendix-gg-consultation-outcomes-report-45
nextdc-s4-data-centre-phase-2-horsley-park,appendix-y-hazards-and-risk-assessment-28
nextdc-s4-data-centre-phase-2-horsley-park,appendix-ii-edc-report-commercial-confidence
nextdc-s4-data-centre-phase-2-horsley-park,appendix-j-green-travel-plan-5
nextdc-s4-data-centre-phase-2-horsley-park,appendix-i-preliminary-construction-management-plan
nextdc-s4-data-centre-phase-2-horsley-park,appendix-ee-bushfire-protection-assessment
nextdc-s4-data-centre-phase-2-horsley-park,appendix-hh-social-impact-assessment-165
nextdc-s4-data-centre-phase-2-horsley-park,appendix-f-landscape-plans-748
nextdc-s4-data-centre-phase-2-horsley-park,appendix-s-bca-report-326
nextdc-s4-data-centre-phase-2-horsley-park,appendix-m-access-design-review
nextdc-s4-data-centre-phase-2-horsley-park,appendix-u-embodied-emissions-materials-form
nextdc-s4-data-centre-phase-2-horsley-park,appendix-ii-edc-report-exhibition
nextdc-s4-data-centre-phase-2-horsley-park,appendix-cc-air-quality-impact-assessment-0
nextdc-s4-data-centre-phase-2-horsley-park,appendix-bb-visual-impact-assessment-177
nextdc-s4-data-centre-phase-2-horsley-park,appendix-dd-bdar-waiver-68
nextdc-s4-data-centre-phase-2-horsley-park,appendix-b-statutory-compliance-table-6179
nextdc-s4-data-centre-phase-2-horsley-park,appendix-sears-compliance-table-7682
nextdc-s4-data-centre-phase-2-horsley-park,appendix-d-engagement-summary-255
nextdc-s4-data-centre-phase-2-horsley-park,ssd-ssi-issued-sears-3176
nextdc-s4-data-centre-phase-2-horsley-park,ssd-ssi-issued-sears-cover-letter-2400
nextdc-s4-data-centre-phase-2-horsley-park,site-context-map-nextdc-s4-phase-2
nextdc-s4-data-centre-phase-2-horsley-park,appendix-d-recycled-water-memo
nextdc-s4-data-centre-phase-2-horsley-park,appendix-f-near-neighbour-letter
nextdc-s4-data-centre-phase-2-horsley-park,appendix-b-preliminary-viewpoint-locations
nextdc-s4-data-centre-phase-2-horsley-park,appendix-g-achar-methodology-and-background-information
nextdc-s4-data-centre-phase-2-horsley-park,appendix-e-water-technical-memorandum
nextdc-s4-data-centre-phase-2-horsley-park,appendix-c-infrastructure-servicing-strategy
nextdc-s4-data-centre-phase-2-horsley-park,appendix-concept-architectural-design-report
nextdc-s4-data-centre-phase-2-horsley-park,appendix-h-bdar-waiver-request-46
nextdc-s4-data-centre-phase-2-horsley-park,council-submission-sears
nextdc-s4-data-centre-phase-2-horsley-park,appendixd-recycledwatermemo
nextdc-s4-data-centre-phase-2-horsley-park,appendixc-infrastructureservicingstrategy
nextdc-s4-data-centre-phase-2-horsley-park,appendixb-preliminaryviewpointlocations
nextdc-s4-data-centre-phase-2-horsley-park,appendixf-nearneighbourletter
nextdc-s4-data-centre-phase-2-horsley-park,appendixe-watertechnicalmemorandum
nextdc-s4-data-centre-phase-2-horsley-park,appendixg-acharmethodologyandbackgroundinformation
nextdc-s4-data-centre-phase-2-horsley-park,appendixh-bdarwaiverrequest
nextdc-s4-data-centre-phase-2-horsley-park,appendixa-conceptarchitecturaldesignreport
nextdc-s4-data-centre-phase-2-horsley-park,epa-responsesears-nextdc-data-centre-horsley-park
nextdc-s4-data-centre-phase-2-horsley-park,appendixd-recycledwatermemo-0
nextdc-s4-data-centre-phase-2-horsley-park,appendixc-infrastructureservicingstrategy-0
nextdc-s4-data-centre-phase-2-horsley-park,appendixb-preliminaryviewpointlocations-0
nextdc-s4-data-centre-phase-2-horsley-park,appendixf-nearneighbourletter-0
nextdc-s4-data-centre-phase-2-horsley-park,appendixe-watertechnicalmemorandum-0
nextdc-s4-data-centre-phase-2-horsley-park,appendixg-acharmethodologyandbackgroundinformation-0
nextdc-s4-data-centre-phase-2-horsley-park,appendixh-bdarwaiverrequest-0
nextdc-s4-data-centre-phase-2-horsley-park,appendixa-conceptarchitecturaldesignreport-0
nextdc-s4-data-centre-phase-2-horsley-park,appendixd-recycledwatermemo-1
nextdc-s4-data-centre-phase-2-horsley-park,appendixc-infrastructureservicingstrategy-1
nextdc-s4-data-centre-phase-2-horsley-park,appendixb-preliminaryviewpointlocations-1
nextdc-s4-data-centre-phase-2-horsley-park,appendixf-nearneighbourletter-1
nextdc-s4-data-centre-phase-2-horsley-park,appendixe-watertechnicalmemorandum-1
nextdc-s4-data-centre-phase-2-horsley-park,appendixg-acharmethodologyandbackgroundinformation-1
nextdc-s4-data-centre-phase-2-horsley-park,appendixh-bdarwaiverrequest-1
nextdc-s4-data-centre-phase-2-horsley-park,appendixa-conceptarchitecturaldesignreport-1
nextdc-s4-data-centre-phase-2-horsley-park,letter-out-nextdc-data-centre-phase-2-ssd-108864209
nextdc-s4-data-centre-phase-2-horsley-park,appendixd-recycledwatermemo-2
nextdc-s4-data-centre-phase-2-horsley-park,appendixc-infrastructureservicingstrategy-2
nextdc-s4-data-centre-phase-2-horsley-park,appendixb-preliminaryviewpointlocations-2
nextdc-s4-data-centre-phase-2-horsley-park,appendixf-nearneighbourletter-2
nextdc-s4-data-centre-phase-2-horsley-park,appendixe-watertechnicalmemorandum-2
nextdc-s4-data-centre-phase-2-horsley-park,appendixg-acharmethodologyandbackgroundinformation-2
nextdc-s4-data-centre-phase-2-horsley-park,appendixh-bdarwaiverrequest-2
nextdc-s4-data-centre-phase-2-horsley-park,appendixa-conceptarchitecturaldesignreport-2
nextdc-s4-data-centre-phase-2-horsley-park,hnsw-ach-ssd-108864209-searsappid14006
nextdc-s4-data-centre-phase-2-horsley-park,appendixd-recycledwatermemo-3
nextdc-s4-data-centre-phase-2-horsley-park,appendixc-infrastructureservicingstrategy-3
nextdc-s4-data-centre-phase-2-horsley-park,appendixb-preliminaryviewpointlocations-3
nextdc-s4-data-centre-phase-2-horsley-park,appendixf-nearneighbourletter-3
nextdc-s4-data-centre-phase-2-horsley-park,appendixe-watertechnicalmemorandum-3
nextdc-s4-data-centre-phase-2-horsley-park,appendixg-acharmethodologyandbackgroundinformation-3
nextdc-s4-data-centre-phase-2-horsley-park,appendixh-bdarwaiverrequest-3
nextdc-s4-data-centre-phase-2-horsley-park,appendixa-conceptarchitecturaldesignreport-3
nextdc-s4-data-centre-phase-2-horsley-park,tfnsw-response-syd26-00269-01
nextdc-s4-data-centre-phase-2-horsley-park,appendixd-recycledwatermemo-4
nextdc-s4-data-centre-phase-2-horsley-park,appendixc-infrastructureservicingstrategy-4
nextdc-s4-data-centre-phase-2-horsley-park,appendixb-preliminaryviewpointlocations-4
nextdc-s4-data-centre-phase-2-horsley-park,appendixf-nearneighbourletter-4
nextdc-s4-data-centre-phase-2-horsley-park,appendixe-watertechnicalmemorandum-4
nextdc-s4-data-centre-phase-2-horsley-park,appendixg-acharmethodologyandbackgroundinformation-4
nextdc-s4-data-centre-phase-2-horsley-park,appendixh-bdarwaiverrequest-4
nextdc-s4-data-centre-phase-2-horsley-park,appendixa-conceptarchitecturaldesignreport-4
nextdc-s4-data-centre-phase-2-horsley-park,dcceew-water-nextdc-s4-data-centre-ph-2-sears-input-query
nextdc-s4-data-centre-phase-2-horsley-park,nextdc-s4-data-centre-phase-2-horsley-park-ssd-108864209
nextdc-s4-data-centre-phase-2-horsley-park,appendixd-recycledwatermemo-5
nextdc-s4-data-centre-phase-2-horsley-park,appendix-f-near-neighbour-letter-0
nextdc-s4-data-centre-phase-2-horsley-park,appendix-g-achar-methodology
nextdc-s4-data-centre-phase-2-horsley-park,appendixb-preliminaryviewpointlocations-5
nextdc-s4-data-centre-phase-2-horsley-park,appendixe-watertechnicalmemorandum-5
nextdc-s4-data-centre-phase-2-horsley-park,appendixc-infrastructureservicingstrategy-5
nextdc-s4-data-centre-phase-2-horsley-park,appendixh-bdarwaiverrequest-5
nextdc-s4-data-centre-phase-2-horsley-park,appendixa-conceptarchitecturaldesignreport-5
nextdc-s5-data-centre-and-innovation-hub,eis-nextdc-s5-data-centre-and-innovation-hub-36
nextdc-s5-data-centre-and-innovation-hub,appendix-sears-compliance-table-7662
nextdc-s5-data-centre-and-innovation-hub,appendix-b-statutory-compliance-table-6169
nextdc-s5-data-centre-and-innovation-hub,appendix-c-mitigation-measures-table-599
nextdc-s5-data-centre-and-innovation-hub,appendix-d-community-engagement-summary-table-249
nextdc-s5-data-centre-and-innovation-hub,appendix-e-architectural-plans-1144
nextdc-s5-data-centre-and-innovation-hub,nextdc-s5-scoping-report-88
nextdc-s5-data-centre-and-innovation-hub,appendix-f-architectural-design-report-1267
nextdc-s5-data-centre-and-innovation-hub,request-sears20231008231735-88
nextdc-s5-data-centre-and-innovation-hub,appendix-g-edc-calculation-letter-36
nextdc-s5-data-centre-and-innovation-hub,appendix-h-survey-plan-864
nextdc-s5-data-centre-and-innovation-hub,appendix-i-bca-compliance-report-309
nextdc-s5-data-centre-and-innovation-hub,appendix-j-landscape-plans-743
nextdc-s5-data-centre-and-innovation-hub,appendix-k-landscape-design-report-441
nextdc-s5-data-centre-and-innovation-hub,appendix-l-visual-impact-assessment-1343
nextdc-s5-data-centre-and-innovation-hub,appendix-m-transport-impact-assessment-656
nextdc-s5-data-centre-and-innovation-hub,appendix-n-esd-report-231
nextdc-s5-data-centre-and-innovation-hub,appendix-o-air-quality-report-146
nextdc-s5-data-centre-and-innovation-hub,appendix-p-noise-and-vibration-impact-assessment-540
nextdc-s5-data-centre-and-innovation-hub,appendix-q-flood-assessment-report-140
nextdc-s5-data-centre-and-innovation-hub,appendix-r-civil-engineering-report-534
nextdc-s5-data-centre-and-innovation-hub,appendix-s-hazards-and-risk-report-140
nextdc-s5-data-centre-and-innovation-hub,appendix-t-infrastructure-requirements-report-139
nextdc-s5-data-centre-and-innovation-hub,appendix-u-civil-plans-193
nextdc-s5-data-centre-and-innovation-hub,appendix-v-preliminary-site-investigation-222
nextdc-s5-data-centre-and-innovation-hub,appendix-w-achar-redacted-36
nextdc-s5-data-centre-and-innovation-hub,appendix-x-heritage-impact-statement-399
nextdc-s5-data-centre-and-innovation-hub,appendix-y-social-impact-assessment-241
nextdc-s5-data-centre-and-innovation-hub,appendix-z-backup-power-report-140
nextdc-s5-data-centre-and-innovation-hub,appendix-aa-geotechnical-investigation-211
nextdc-s5-data-centre-and-innovation-hub,appendix-bb-waste-management-plan-410
nextdc-s5-data-centre-and-innovation-hub,appendix-cc-arboricultural-impact-assessment-288
nextdc-s5-data-centre-and-innovation-hub,appendix-dd-access-review-report-140
nextdc-s5-data-centre-and-innovation-hub,appendix-ee-green-travel-plan-272
nextdc-s5-data-centre-and-innovation-hub,appendix-ff-construction-traffic-management-plan-140
nextdc-s5-data-centre-and-innovation-hub,appendix-hh-engagement-outcomes-report-293
nextdc-s5-data-centre-and-innovation-hub,appendix-ii-biodiversity-development-assessment-report-154
nextdc-s5-data-centre-and-innovation-hub,appendix-jj-shapefilessitegcsgda1994-89
nextdc-s5-data-centre-and-innovation-hub,appendix-kk-greenhouse-gas-emissions-report-36
nextdc-s5-data-centre-and-innovation-hub,appendix-g-edc-report-confidential-39
nextdc-s5-data-centre-and-innovation-hub,appendix-g-estimated-development-cost-calculation-letter-52
nextdc-s5-data-centre-and-innovation-hub,amended-application20251121024709-4
nextdc-s5-data-centre-and-innovation-hub,appendix-v-psi-4
nextdc-s5-data-centre-and-innovation-hub,appendix-d-engagement-summary-table-292
nextdc-s5-data-centre-and-innovation-hub,nextdc-rtsamendment-report-5
nextdc-s5-data-centre-and-innovation-hub,appendix-n-revised-esd-report-4
nextdc-s5-data-centre-and-innovation-hub,appendix-z-revised-backup-power-system-report-4
nextdc-s5-data-centre-and-innovation-hub,appendix-l-revised-visual-impact-assessment-4
nextdc-s5-data-centre-and-innovation-hub,appendix-pp-sydney-metro-analysis-4
nextdc-s5-data-centre-and-innovation-hub,appendix-rr-structural-plans-4
nextdc-s5-data-centre-and-innovation-hub,appendix-m-revised-traffic-impact-assessment-4
nextdc-s5-data-centre-and-innovation-hub,appendix-h-site-survey-155
nextdc-s5-data-centre-and-innovation-hub,appendix-cc-revised-arboricultural-impact-assessment-4
nextdc-s5-data-centre-and-innovation-hub,appendix-y-revised-social-impact-assessment-4
nextdc-s5-data-centre-and-innovation-hub,appendix-r-revised-civil-engineering-report-4
nextdc-s5-data-centre-and-innovation-hub,appendix-ii-revised-bdar-4
nextdc-s5-data-centre-and-innovation-hub,appendix-bb-revised-waste-management-plan-4
nextdc-s5-data-centre-and-innovation-hub,appendix-ee-revised-green-travel-plan-4
nextdc-s5-data-centre-and-innovation-hub,appendix-ff-revised-construction-traffic-management-plan-4
nextdc-s5-data-centre-and-innovation-hub,appendix-q-revised-flood-risk-assessment-report-4
nextdc-s5-data-centre-and-innovation-hub,appendix-ll-qualitative-wind-assessment-report-4
nextdc-s5-data-centre-and-innovation-hub,appendix-x-revised-heritage-impact-statement-4
nextdc-s5-data-centre-and-innovation-hub,appendix-s-revised-hazards-and-risk-report-4
nextdc-s5-data-centre-and-innovation-hub,appendix-nn-climate-change-adaptation-plan-4
nextdc-s5-data-centre-and-innovation-hub,appendix-hh-revised-engagement-outcomes-report-4
nextdc-s5-data-centre-and-innovation-hub,appendix-kk-revised-greenhouse-gas-assessment-4
nextdc-s5-data-centre-and-innovation-hub,appendix-i-revised-bca-compliance-report-6
nextdc-s5-data-centre-and-innovation-hub,appendix-mm-greenhouse-gas-mitigation-plan-4
nextdc-s5-data-centre-and-innovation-hub,appendix-b-revised-statutory-compliance-table-55
nextdc-s5-data-centre-and-innovation-hub,appendix-response-submissions-8
nextdc-s5-data-centre-and-innovation-hub,appendix-g-revised-edc-letter-4
nextdc-s5-data-centre-and-innovation-hub,appendix-gg-revised-embodied-emissions-materials-form-4
nextdc-s5-data-centre-and-innovation-hub,appendix-c-revised-mitigation-measures-table-32
nextdc-s5-data-centre-and-innovation-hub,appendix-t-revised-infrastructure-requirements-report-4
nextdc-s5-data-centre-and-innovation-hub,appendix-j-revised-landscape-plans-80
nextdc-s5-data-centre-and-innovation-hub,appendix-o-revised-air-quality-report-4
nextdc-s5-data-centre-and-innovation-hub,appendix-aa-revised-geotechnical-investigation-4
nextdc-s5-data-centre-and-innovation-hub,appendix-u-revised-civil-plans-4
nextdc-s5-data-centre-and-innovation-hub,appendix-w-revised-achar-4
nextdc-s5-data-centre-and-innovation-hub,appendix-p-revised-noise-and-vibration-impact-assessment-4
nextdc-s5-data-centre-and-innovation-hub,appendix-oo-remediation-action-plan-5
nextdc-s5-data-centre-and-innovation-hub,appendix-qq-additional-contamination-investigation-4
nextdc-s5-data-centre-and-innovation-hub,appendix-dd-revised-access-review-report-4
nextdc-s5-data-centre-and-innovation-hub,appendix-f-revised-architectural-design-report-6
nextdc-s5-data-centre-and-innovation-hub,appendix-k-revised-landscape-design-report-6
nextdc-s5-data-centre-and-innovation-hub,appendix-e-revised-architectural-drawings-272
nextdc-s5-data-centre-and-innovation-hub,appendix-gg-embodied-emissions-materials-form-68
nextdc-s5-data-centre-and-innovation-hub,amendment-acceptance-letter-ssd-63168959-4
nextdc-s5-data-centre-and-innovation-hub,council-eis-submission-att-3-14
nextdc-s5-data-centre-and-innovation-hub,council-eis-submission-att-2-15
nextdc-s5-data-centre-and-innovation-hub,council-eis-submission-att-1-15
nextdc-s5-data-centre-and-innovation-hub,advice-eis-council-final-15
nextdc-s5-data-centre-and-innovation-hub,epa-response-eis-367
nextdc-s5-data-centre-and-innovation-hub,sydney-water-eis-response-73
nextdc-s5-data-centre-and-innovation-hub,department-request-rts-attachment-1-170924-19
nextdc-s5-data-centre-and-innovation-hub,sydney-water-attach-1-info-steet-20
nextdc-s5-data-centre-and-innovation-hub,sydney-water-eis-response-74
nextdc-s5-data-centre-and-innovation-hub,ssd-63168959-exhibition-notice-30
nextdc-s5-data-centre-and-innovation-hub,ownersconsentletter-37
nextdc-s5-data-centre-and-innovation-hub,application20240604052925-42
nextdc-s5-data-centre-and-innovation-hub,issued-reject-eis-3980
nextdc-s5-data-centre-and-innovation-hub,issued-reject-eis-3981
nextdc-s5-data-centre-and-innovation-hub,application20240524005926-47
nextdc-s5-data-centre-and-innovation-hub,appendix-t-infrastructure-requirements-report-140
nextdc-s5-data-centre-and-innovation-hub,appendix-v-preliminary-site-investigation-223
nextdc-s5-data-centre-and-innovation-hub,appendix-k-landscape-design-report-442
nextdc-s5-data-centre-and-innovation-hub,appendix-p-noise-and-vibration-impact-assessment-541
nextdc-s5-data-centre-and-innovation-hub,appendix-o-air-quality-report-147
nextdc-s5-data-centre-and-innovation-hub,appendix-l-visual-impact-assessment-1344
nextdc-s5-data-centre-and-innovation-hub,appendix-w-aboriginal-cultural-heritage-assesment-report-132
nextdc-s5-data-centre-and-innovation-hub,appendix-e-architectural-plans-1145
nextdc-s5-data-centre-and-innovation-hub,appendix-r-civil-engineering-report-535
nextdc-s5-data-centre-and-innovation-hub,appendix-f-architectural-design-report-1268
nextdc-s5-data-centre-and-innovation-hub,appendix-m-transport-impact-assessment-657
nextdc-s5-data-centre-and-innovation-hub,appendix-u-civil-plans-194
nextdc-s5-data-centre-and-innovation-hub,appendix-j-landscape-plans-744
nextdc-s5-data-centre-and-innovation-hub,appendix-n-esd-report-232
nextdc-s5-data-centre-and-innovation-hub,appendix-cc-arboricultural-impact-assessment-289
nextdc-s5-data-centre-and-innovation-hub,appendix-h-survey-plan-865
nextdc-s5-data-centre-and-innovation-hub,appendix-aa-geotechnical-investigation-212
nextdc-s5-data-centre-and-innovation-hub,appendix-y-social-impact-assessment-242
nextdc-s5-data-centre-and-innovation-hub,appendix-s-hazards-and-risk-report-141
nextdc-s5-data-centre-and-innovation-hub,appendix-ii-biodiversity-development-assessment-report-155
nextdc-s5-data-centre-and-innovation-hub,appendix-x-heritage-impact-statement-400
nextdc-s5-data-centre-and-innovation-hub,appendix-q-flood-assessment-report-141
nextdc-s5-data-centre-and-innovation-hub,appendix-bb-waste-management-plan-411
nextdc-s5-data-centre-and-innovation-hub,community-engagmement-newsletter-information-103
nextdc-s5-data-centre-and-innovation-hub,appendix-ee-green-travel-plan-273
nextdc-s5-data-centre-and-innovation-hub,appendix-z-backup-power-report-141
nextdc-s5-data-centre-and-innovation-hub,appendix-ff-construction-traffic-management-plan-141
nextdc-s5-data-centre-and-innovation-hub,appendix-hh-community-engagement-outcomes-report-103
nextdc-s5-data-centre-and-innovation-hub,appendix-i-bca-compliance-report-310
nextdc-s5-data-centre-and-innovation-hub,appendix-dd-access-review-report-141
nextdc-s5-data-centre-and-innovation-hub,appendix-b-statutory-compliance-table-6170
nextdc-s5-data-centre-and-innovation-hub,appendix-d-community-engagement-summary-table-250
nextdc-s5-data-centre-and-innovation-hub,appendix-c-mitigation-measures-table-600
nextdc-s5-data-centre-and-innovation-hub,appendix-sears-compliance-table-7663
nextdc-s5-data-centre-and-innovation-hub,appendix-jj-shapefilessitegcsgda1994-90
nextdc-s5-data-centre-and-innovation-hub,appendix-hh-community-engagement-outcomes-report-104
nextdc-s5-data-centre-and-innovation-hub,appendix-w-aboriginal-cultural-heritage-assesment-report-133
nextdc-s5-data-centre-and-innovation-hub,appendix-v-preliminary-site-investigation-224
nextdc-s5-data-centre-and-innovation-hub,appendix-k-landscape-design-report-443
nextdc-s5-data-centre-and-innovation-hub,appendix-p-noise-and-vibration-impact-assessment-542
nextdc-s5-data-centre-and-innovation-hub,appendix-o-air-quality-report-148
nextdc-s5-data-centre-and-innovation-hub,appendix-l-visual-impact-assessment-1345
nextdc-s5-data-centre-and-innovation-hub,appendix-r-civil-engineering-report-536
nextdc-s5-data-centre-and-innovation-hub,appendix-t-infrastructure-requirements-report-141
nextdc-s5-data-centre-and-innovation-hub,appendix-m-transport-impact-assessment-658
nextdc-s5-data-centre-and-innovation-hub,appendix-e-architectural-plans-1146
nextdc-s5-data-centre-and-innovation-hub,appendix-u-civil-plans-195
nextdc-s5-data-centre-and-innovation-hub,appendix-ii-biodiversity-development-assessment-report-156
nextdc-s5-data-centre-and-innovation-hub,appendix-j-landscape-plans-745
nextdc-s5-data-centre-and-innovation-hub,appendix-n-esd-report-233
nextdc-s5-data-centre-and-innovation-hub,appendix-f-architectural-design-report-1269
nextdc-s5-data-centre-and-innovation-hub,appendix-y-social-impact-assessment-243
nextdc-s5-data-centre-and-innovation-hub,appendix-x-heritage-impact-statement-401
nextdc-s5-data-centre-and-innovation-hub,appendix-cc-arboricultural-impact-assessment-290
nextdc-s5-data-centre-and-innovation-hub,community-engagmement-newsletter-information-104
nextdc-s5-data-centre-and-innovation-hub,appendix-aa-geotechnical-investigation-213
nextdc-s5-data-centre-and-innovation-hub,appendix-h-survey-plan-866
nextdc-s5-data-centre-and-innovation-hub,appendix-z-backup-power-report-142
nextdc-s5-data-centre-and-innovation-hub,appendix-bb-waste-management-plan-412
nextdc-s5-data-centre-and-innovation-hub,appendix-s-hazards-and-risk-report-142
nextdc-s5-data-centre-and-innovation-hub,appendix-ee-green-travel-plan-274
nextdc-s5-data-centre-and-innovation-hub,appendix-q-flood-assessment-report-142
nextdc-s5-data-centre-and-innovation-hub,appendix-ff-construction-traffic-management-plan-142
nextdc-s5-data-centre-and-innovation-hub,appendix-i-bca-compliance-report-311
nextdc-s5-data-centre-and-innovation-hub,appendix-b-statutory-compliance-table-6171
nextdc-s5-data-centre-and-innovation-hub,appendix-dd-access-review-report-142
nextdc-s5-data-centre-and-innovation-hub,appendix-c-mitigation-measures-table-601
nextdc-s5-data-centre-and-innovation-hub,appendix-d-community-engagement-summary-table-251
nextdc-s5-data-centre-and-innovation-hub,appendix-sears-compliance-table-7664
nextdc-s5-data-centre-and-innovation-hub,attachment-2-ssd-63168959-76
nextdc-s5-data-centre-and-innovation-hub,sears-cover-letter-ssd-63168959-77
nextdc-s5-data-centre-and-innovation-hub,issued-sears-ssd-63168959-77
nextdc-s5-data-centre-and-innovation-hub,attachment-2-agency-advice-ssd-63168959-80
nextdc-s5-data-centre-and-innovation-hub,request-bdar-waiver-454
nextdc-s5-data-centre-and-innovation-hub,nextdc-s5-scoping-summary-table-88
nextdc-s5-data-centre-and-innovation-hub,concept-architectural-plans-scoping-report-88
nextdc-s5-data-centre-and-innovation-hub,epa-recommended-conditions-273
nextdc-s5-data-centre-and-innovation-hub,nextdc-s5-data-centre-ssd-63168959-85
nextdc-s5-data-centre-and-innovation-hub,20231020tfnsw-response-syd2301128sears-84
nextdc-s5-data-centre-and-innovation-hub,ehg-response-sears-request-129
nextdc-s5-data-centre-and-innovation-hub,hnsw-ach-sears-ssd-63168959-85
nextdc-s5-data-centre-and-innovation-hub,ssd-and-ssi-4753-86
nextdc-s5-data-centre-and-innovation-hub,269-lane-cove-road-macquarie-park-sears-letter-83
nextdc-s5-data-centre-and-innovation-hub,ssd-63168959-receipt-4000007723-psims-40
nextdc-s5-data-centre-and-innovation-hub,ssd-63168959-invoice-4000007723-psims-41
nextdc-s5-data-centre-and-innovation-hub,fee-breakdown20240606051645-41
nextdc-s5-data-centre-and-innovation-hub,approved-fee20240531040053-44
nextdc-s5-data-centre-and-innovation-hub,nextdc-rtsamendment-report-6
nextdc-s5-data-centre-and-innovation-hub,request-rts-letter-ssd-63168959-22
nextdc-s5-data-centre-and-innovation-hub,ssd-ssi-notice-exhibition-letter-neighbouring-landow-16884
nextdc-s5-data-centre-and-innovation-hub,ssd-ssi-exhibition-and-reexhibition-advertisement01082024-33
nextdc-s5-data-centre-and-innovation-hub,advice-eis-bcs-1089
nextdc-s5-data-centre-and-innovation-hub,ga-advice-form-14
nextdc-s5-data-centre-and-innovation-hub,advice-eis-water-nsw-575
nextdc-s5-data-centre-and-innovation-hub,epa-letter-dpie-17
nextdc-s5-data-centre-and-innovation-hub,bcs-eis-ssd-63168959-20
nextdc-s5-data-centre-and-innovation-hub,advice-eis-heritage-nsw-acha-23
nextdc-s5-data-centre-and-innovation-hub,advice-eis-heritage-nsw-1059
nextdc-s5-data-centre-and-innovation-hub,advice-eis-frnsw-1052
nextdc-s5-data-centre-and-innovation-hub,advice-eis-tfnsw-2542
nextdc-s5-data-centre-and-innovation-hub,advice-eis-sydney-metro-40
nextdc-s5-data-centre-and-innovation-hub,appendix-w-aboriginal-cultural-heritage-assesment-report-134
nextdc-s5-data-centre-and-innovation-hub,advice-amended-da-tfnsw-76
nextdc-s5-data-centre-and-innovation-hub,advice-amended-da-sydney-metro-4
nextdc-s5-data-centre-and-innovation-hub,cor-submission-attachment-1-amended-da-0
nextdc-s5-data-centre-and-innovation-hub,cor-submission-cover-letter-amended-da-0
nextdc-s5-data-centre-and-innovation-hub,advice-amended-da-cphr-15
nextdc-s5-data-centre-and-innovation-hub,advice-amended-da-epa-63
nextdc-s5-data-centre-and-innovation-hub,advice-amended-da-frnsw-40
nextdc-s5-data-centre-and-innovation-hub,advice-amended-da-hnsw-ach-22
nextdc-s5-data-centre-and-innovation-hub,advice-amended-da-ausgrid-54
nextdc-s5-data-centre-and-innovation-hub,air-quality-technical-note
nextdc-s5-data-centre-and-innovation-hub,updated-architectural-plans-277
nextdc-s5-data-centre-and-innovation-hub,updated-landscape-design-report-3
nextdc-s5-data-centre-and-innovation-hub,updated-landscape-plans-133
nextdc-s5-data-centre-and-innovation-hub,updated-infrastructure-requirements-report-0
nextdc-s5-data-centre-and-innovation-hub,updated-arboricultural-impact-assessment-1
nextdc-s5-data-centre-and-innovation-hub,updated-bdar-133
nextdc-s5-data-centre-and-innovation-hub,tree-protection-plan-specification-0
nextdc-s5-data-centre-and-innovation-hub,updated-greenhouse-gas-assessment-1
nextdc-s5-data-centre-and-innovation-hub,concept-bridge-design-0
nextdc-s5-data-centre-and-innovation-hub,response-supplementary-submissionsnextdc-s5-0
nextdc-s5-data-centre-and-innovation-hub,7003landcoverdbdarshapefiles20260312-0
nextdc-s5-data-centre-and-innovation-hub,request-additional-information-110226-0
nextdc-s5-data-centre-and-innovation-hub,s5-ac-00-000-rep-0000-m-dva-app-eis-report-20260521
nextdc-s5-data-centre-and-innovation-hub,s5-en-00-000-rep-k-dva-app-en-report-20260521
nextdc-s5-data-centre-and-innovation-hub,260515-air-quality-technical-note-rev3
nextdc-s5-data-centre-and-innovation-hub,request-additional-information-20032025-0
nextdc-s5-data-centre-and-innovation-hub,updated-landscape-design-report-4
nextdc-s5-data-centre-and-innovation-hub,updated-architectural-plans-278
nextdc-s5-data-centre-and-innovation-hub,updated-landscape-plans-134
nextdc-s5-data-centre-and-innovation-hub,updated-infrastructure-requirements-report-1
nextdc-s5-data-centre-and-innovation-hub,updated-arboricultural-impact-assessment-2
nextdc-s5-data-centre-and-innovation-hub,updated-bdar-134
nextdc-s5-data-centre-and-innovation-hub,tree-protection-plan-specification-1
nextdc-s5-data-centre-and-innovation-hub,updated-greenhouse-gas-assessment-2
nextdc-s5-data-centre-and-innovation-hub,concept-bridge-design-1
nextdc-s5-data-centre-and-innovation-hub,response-supplementary-submissionsnextdc-s5-1
nextdc-s5-data-centre-and-innovation-hub,7003landcoverdbdarshapefiles20260312-1
nextdc-s5-data-centre-and-innovation-hub,air-quality-technical-note-0
nextdc-s5-data-centre-and-innovation-hub,advice-rts-tfnsw-749
nextdc-s5-data-centre-and-innovation-hub,amended-da-submissions-report-package
nextdc-s5-data-centre-and-innovation-hub,attachment-1-submission-rrts-269-land-cove-road
nextdc-s5-data-centre-and-innovation-hub,attachment-2-recomended-conditions-269-land-cove-road
nextdc-s5-data-centre-and-innovation-hub,cor-submission-cover-letter-269-lane-cove-road0812-sr
nextdc-s5-data-centre-and-innovation-hub,amended-da-submissions-report-package-0
nextdc-s5-data-centre-and-innovation-hub,cphr-advice-ssd-63168959
nextdc-s5-data-centre-and-innovation-hub,amended-da-submissions-report-package-1
nextdc-s5-data-centre-and-innovation-hub,advice-rts-epa-548
nextdc-s5-data-centre-and-innovation-hub,amended-da-submissions-report-package-2
nextdc-s7-data-centre-eastern-creek,final-scoping-report-s7
nextdc-s7-data-centre-eastern-creek,request-sears20260409040358
nextdc-s7-data-centre-eastern-creek,application20260916074834
nextdc-s7-data-centre-eastern-creek,application20260911073732
nextdc-s7-data-centre-eastern-creek,gis-data-4852
nextdc-s7-data-centre-eastern-creek,nabers-embodied-emissions-materials-form-131
nextdc-s7-data-centre-eastern-creek,nabers-commitment-agreement-70
nextdc-s7-data-centre-eastern-creek,nabers-agreement-rate-325
nextdc-s7-data-centre-eastern-creek,net-zero-agreement
nextdc-s7-data-centre-eastern-creek,appendix-g-edc-part-2-2
nextdc-s7-data-centre-eastern-creek,eis-s7-nextdc-honeycomb-drive-eastern-creek
nextdc-s7-data-centre-eastern-creek,owners-consent-s7-nextdc-honeycomb-drive-eastern-creek
nextdc-s7-data-centre-eastern-creek,amended-dc-sears-ssd-113934740
nextdc-s7-data-centre-eastern-creek,document-type-not-required-2
nextdc-s7-data-centre-eastern-creek,ssd-issued-sears-1026
nextdc-s7-data-centre-eastern-creek,attachment-2-agency-advice-1691
nextdc-s7-data-centre-eastern-creek,ssd-issued-sears-cover-letter-979
nextdc-s7-data-centre-eastern-creek,nsw-rfs-advice-sears-466
nextdc-s7-data-centre-eastern-creek,swc-sears-response-ssd-113934740
nextdc-s7-data-centre-eastern-creek,sw-da-information-sheet-january-2026
nextdc-s7-data-centre-eastern-creek,appendix-e-preliminary-visual-advice
nextdc-s7-data-centre-eastern-creek,appendix-f-technical-note-re-plant-and-equipment
nextdc-s7-data-centre-eastern-creek,appendix-d-acid-sulfate-soils-risk-assessment
nextdc-s7-data-centre-eastern-creek,appendix-g-sears-technical-assessment-methodology
nextdc-s7-data-centre-eastern-creek,appendix-concept-architectural-plan
nextdc-s7-data-centre-eastern-creek,appendix-b-design-report-315
nextdc-s7-data-centre-eastern-creek,enscape2026-03-19-14-57-28view-8from-southwest
nextdc-s7-data-centre-eastern-creek,enscape2026-03-19-14-58-05view-12eastern-boundary
nextdc-s7-data-centre-eastern-creek,enscape2026-03-19-14-57-45view-92from-south
nextdc-s7-data-centre-eastern-creek,enscape2026-03-19-14-57-05view-5from-northwest
nextdc-s7-data-centre-eastern-creek,enscape2026-03-19-14-56-44view-12from-northeast
nextdc-s7-data-centre-eastern-creek,epa-response-nextdc-s7-data-centre-220426
nextdc-s7-data-centre-eastern-creek,appendixf-technicalnotereplantandequipment
nextdc-s7-data-centre-eastern-creek,appendixe-preliminaryvisualadvice
nextdc-s7-data-centre-eastern-creek,appendixd-acidsulfatesoilsriskassessment
nextdc-s7-data-centre-eastern-creek,appendixa-conceptarchitecturalplan
nextdc-s7-data-centre-eastern-creek,appendixb-designreport
nextdc-s7-data-centre-eastern-creek,response-letter-dphi-27
nextdc-s7-data-centre-eastern-creek,appendixf-technicalnotereplantandequipment-0
nextdc-s7-data-centre-eastern-creek,appendixe-preliminaryvisualadvice-0
nextdc-s7-data-centre-eastern-creek,appendixd-acidsulfatesoilsriskassessment-0
nextdc-s7-data-centre-eastern-creek,appendixa-conceptarchitecturalplan-0
nextdc-s7-data-centre-eastern-creek,appendixb-designreport-0
nextdc-s7-data-centre-eastern-creek,tfnsw-response-syd26-00371-01
nextdc-s7-data-centre-eastern-creek,appendixf-technicalnotereplantandequipment-1
nextdc-s7-data-centre-eastern-creek,appendixe-preliminaryvisualadvice-1
nextdc-s7-data-centre-eastern-creek,appendixd-acidsulfatesoilsriskassessment-1
nextdc-s7-data-centre-eastern-creek,appendixa-conceptarchitecturalplan-1
nextdc-s7-data-centre-eastern-creek,appendixb-designreport-1
nextdc-s7-data-centre-eastern-creek,cphr-sears-ssd-113934740
nextdc-s7-data-centre-eastern-creek,appendixf-technicalnotereplantandequipment-2
nextdc-s7-data-centre-eastern-creek,appendixe-preliminaryvisualadvice-2
nextdc-s7-data-centre-eastern-creek,appendixd-acidsulfatesoilsriskassessment-2
nextdc-s7-data-centre-eastern-creek,appendixa-conceptarchitecturalplan-2
nextdc-s7-data-centre-eastern-creek,appendixb-designreport-2
nextdc-s7-data-centre-eastern-creek,nextdc-s7-data-centre-eastern-creek
nextdc-s7-data-centre-eastern-creek,appendixf-technicalnotereplantandequipment-3
nextdc-s7-data-centre-eastern-creek,appendixe-preliminaryvisualadvice-3
nextdc-s7-data-centre-eastern-creek,appendixd-acidsulfatesoilsriskassessment-3
nextdc-s7-data-centre-eastern-creek,appendixa-conceptarchitecturalplan-3
nextdc-s7-data-centre-eastern-creek,appendixb-designreport-3
nextdc-s7-data-centre-eastern-creek,letter-out-nextdc-s7-data-centre
nextdc-s7-data-centre-eastern-creek,appendixf-technicalnotereplantandequipment-4
nextdc-s7-data-centre-eastern-creek,appendixe-preliminaryvisualadvice-4
nextdc-s7-data-centre-eastern-creek,appendixd-acidsulfatesoilsriskassessment-4
nextdc-s7-data-centre-eastern-creek,appendixa-conceptarchitecturalplan-4
nextdc-s7-data-centre-eastern-creek,appendixb-designreport-4
nextdc-s7-data-centre-eastern-creek,appendixf-technicalnotereplantandequipment-5
nextdc-s7-data-centre-eastern-creek,appendixe-preliminaryvisualadvice-5
nextdc-s7-data-centre-eastern-creek,appendixd-acidsulfatesoilsriskassessment-5
nextdc-s7-data-centre-eastern-creek,appendixa-conceptarchitecturalplan-5
nextdc-s7-data-centre-eastern-creek,appendixb-designreport-5
nextdc-s7-data-centre-eastern-creek,hnsw-ach-ssd-113934740-searsappid14319
nextdc-s7-data-centre-eastern-creek,appendixf-technicalnotereplantandequipment-6
nextdc-s7-data-centre-eastern-creek,appendixe-preliminaryvisualadvice-6
nextdc-s7-data-centre-eastern-creek,appendixd-acidsulfatesoilsriskassessment-6
nextdc-s7-data-centre-eastern-creek,appendixa-conceptarchitecturalplan-6
nextdc-s7-data-centre-eastern-creek,appendixb-designreport-6
project-apollo-data-centre-macquarie-park,project-apollo-dc-assessment-report
project-apollo-data-centre-macquarie-park,project-apollo-environmental-impact-statement-26
project-apollo-data-centre-macquarie-park,project-apollo-dc-development-consent
project-apollo-data-centre-macquarie-park,appendix-sears-table-3834
project-apollo-data-centre-macquarie-park,project-apollo-dc-notice-decision
project-apollo-data-centre-macquarie-park,appendix-b-detailed-maps-and-plans-1224
project-apollo-data-centre-macquarie-park,project-apollo-dc-stamped-plans-architectural-1
project-apollo-data-centre-macquarie-park,appendix-c-statutory-compliance-table-7644
project-apollo-data-centre-macquarie-park,project-apollo-data-centre-sears-request-56
project-apollo-data-centre-macquarie-park,project-apollo-dc-stamped-plans-architectural-2
project-apollo-data-centre-macquarie-park,appendix-e-mitigation-measures-1971
project-apollo-data-centre-macquarie-park,request-sears20240728224911-56
project-apollo-data-centre-macquarie-park,project-apollo-dc-stamped-plans-civil
project-apollo-data-centre-macquarie-park,appendix-f-architectural-plans-780
project-apollo-data-centre-macquarie-park,project-apollo-dc-stamped-plans-landscape
project-apollo-data-centre-macquarie-park,appendix-g-arch-design-report-26
project-apollo-data-centre-macquarie-park,appendix-h-survey-plan-853
project-apollo-data-centre-macquarie-park,appendix-i-landscape-plans-286
project-apollo-data-centre-macquarie-park,appendix-j-landscape-report-191
project-apollo-data-centre-macquarie-park,appendix-k-aia-27
project-apollo-data-centre-macquarie-park,appendix-n-net-zero-statement-118
project-apollo-data-centre-macquarie-park,appendix-o1-nabers-letter-53
project-apollo-data-centre-macquarie-park,appendix-o2-nabers-agreement-rate-26
project-apollo-data-centre-macquarie-park,appendix-q1-bca-report-26
project-apollo-data-centre-macquarie-park,appendix-q2-fire-safety-concept-study-26
project-apollo-data-centre-macquarie-park,appendix-s-bdar-waiver-approval-86
project-apollo-data-centre-macquarie-park,appendix-t-traffic-impact-assessment-212
project-apollo-data-centre-macquarie-park,appendix-u-social-impact-assessment-798
project-apollo-data-centre-macquarie-park,appendix-v-aboriginal-cultural-heritage-assessment-report-100
project-apollo-data-centre-macquarie-park,appendix-w-visual-impact-assessment-121
project-apollo-data-centre-macquarie-park,appendix-w-visual-impact-26
project-apollo-data-centre-macquarie-park,appendix-x-air-quality-impact-assessment-174
project-apollo-data-centre-macquarie-park,appendix-y-noise-and-vibration-impact-statement-26
project-apollo-data-centre-macquarie-park,appendix-z-ground-and-water-conditions-letter-26
project-apollo-data-centre-macquarie-park,appendix-aa-dangerous-goods-report-26
project-apollo-data-centre-macquarie-park,appendix-bb1-sepp-resilience-and-hazards-risk-assessment-26
project-apollo-data-centre-macquarie-park,appendix-bb2-detailed-site-investigation-26
project-apollo-data-centre-macquarie-park,appendix-bb3-preliminary-site-investigation-26
project-apollo-data-centre-macquarie-park,appendix-cc1-civil-engineering-report-26
project-apollo-data-centre-macquarie-park,appendix-cc2-civil-engineering-plans-26
project-apollo-data-centre-macquarie-park,appendix-dd-flood-risk-assessment-26
project-apollo-data-centre-macquarie-park,appendix-ff1-hazardous-material-survey-26
project-apollo-data-centre-macquarie-park,appendix-ff2-waste-management-plan-26
project-apollo-data-centre-macquarie-park,appendix-gg-infrastructure-plan-26
project-apollo-data-centre-macquarie-park,appendix-hh-geotechnical-investigation-report-26
project-apollo-data-centre-macquarie-park,appendix-mm-draft-vpa-letter-offer-26
project-apollo-data-centre-macquarie-park,connecting-country-report-27
project-apollo-data-centre-macquarie-park,owners-consent-5209
project-apollo-data-centre-macquarie-park,application20250310033302-26
project-apollo-data-centre-macquarie-park,appendix-l-edc-28
project-apollo-data-centre-macquarie-park,ssd-74069708-letter-submitter
project-apollo-data-centre-macquarie-park,ssd-74069708-notice-determination-not-required
project-apollo-data-centre-macquarie-park,ssd-74069708-letter-applicant
project-apollo-data-centre-macquarie-park,advice-eis-sydney-water-project-apollo-6
project-apollo-data-centre-macquarie-park,ssd-74069708-exhibition-notice-22
project-apollo-data-centre-macquarie-park,appendix-d-engagement-assessment-26
project-apollo-data-centre-macquarie-park,appendix-o1-nabers-letter-54
project-apollo-data-centre-macquarie-park,appendix-p-esd-report-322
project-apollo-data-centre-macquarie-park,appendix-n-net-zero-statement-119
project-apollo-data-centre-macquarie-park,appendix-b-detailed-plans-and-maps-26
project-apollo-data-centre-macquarie-park,appendix-p-esd-report-323
project-apollo-data-centre-macquarie-park,appendix-d-engagement-report-373
project-apollo-data-centre-macquarie-park,ssd-74069708-industry-specific-cover-letter-51
project-apollo-data-centre-macquarie-park,sears-data-storage-centres-ssd-74069708-51
project-apollo-data-centre-macquarie-park,project-apollo-data-centre-drawings-56
project-apollo-data-centre-macquarie-park,ssd-74069708-receipt-4000003146-psims-24
project-apollo-data-centre-macquarie-park,ssd-74069708-invoice-4000003146-psims-26
project-apollo-data-centre-macquarie-park,fee-breakdown20250312030459-26
project-apollo-data-centre-macquarie-park,approved-fee20250310223130-26
project-apollo-data-centre-macquarie-park,appendix-j-revisedbdarwaiverrequest-3
project-apollo-data-centre-macquarie-park,appendixl-trafficmanagementandaccessibilityplan-3
project-apollo-data-centre-macquarie-park,appendixq-noiseandvibrationimpactassessment-3
project-apollo-data-centre-macquarie-park,appendixp-visualimpactassessment-3
project-apollo-data-centre-macquarie-park,appendixn-firesafetyconceptstrategy-3
project-apollo-data-centre-macquarie-park,appendixk-bcareport-3
project-apollo-data-centre-macquarie-park,appendixo-arboriculturalimpactassessment-3
project-apollo-data-centre-macquarie-park,appendixm-sustainabilitystrategymemo-3
project-apollo-data-centre-macquarie-park,appendix-t-civil-engineering-report-85
project-apollo-data-centre-macquarie-park,appendixs-civilplans-3
project-apollo-data-centre-macquarie-park,appendixu-floodimpactassessment-3
project-apollo-data-centre-macquarie-park,appendixr-airqualityimpactassessment-3
project-apollo-data-centre-macquarie-park,appendixv-engagementoutcomesreport-3
project-apollo-data-centre-macquarie-park,appendixw-infrastructuremanagementandstagingplan-3
project-apollo-data-centre-macquarie-park,appendixy-pedestrianwindstudy-3
project-apollo-data-centre-macquarie-park,appendixzaccessibilitystatement-3
project-apollo-data-centre-macquarie-park,appendixx-naberscommitmentletter-3
project-apollo-data-centre-macquarie-park,appendix-i-landscape-report-219
project-apollo-data-centre-macquarie-park,appendix-h-landscape-plans-816
project-apollo-data-centre-macquarie-park,appendix-j-revised-bdar-waiver-request-7
project-apollo-data-centre-macquarie-park,appendix-e-architectural-design-report-437
project-apollo-data-centre-macquarie-park,appendix-f-esd-report-23
project-apollo-data-centre-macquarie-park,appendix-g-urban-heat-island-letter-7
project-apollo-data-centre-macquarie-park,appendix-d-architectural-plans-215
project-apollo-data-centre-macquarie-park,project-apollo-rts-report-7
project-apollo-data-centre-macquarie-park,appendix-bb-cumulative-risk-assessment-7
project-apollo-data-centre-macquarie-park,appendix-cc-net-zero-commitment-letter-7
project-apollo-data-centre-macquarie-park,appendix-b-response-submissions-7
project-apollo-data-centre-macquarie-park,appendix-c-mac-park-design-guide-consistency-assessment-7
project-apollo-data-centre-macquarie-park,appendix-submissions-register-6291
project-apollo-data-centre-macquarie-park,request-rts-letter-ssd-74069708-8
project-apollo-data-centre-macquarie-park,ssd-ssi-notice-exhibition-letter-neighbouring-landow-15259
project-apollo-data-centre-macquarie-park,ssd-ssi-exhibition-and-reexhibition-advertisement21032025-23
project-apollo-data-centre-macquarie-park,council-attachment-14-10-talavera-road-data-centre-8
project-apollo-data-centre-macquarie-park,council-submission-cover-letter-4-10-talavera-road-8
project-apollo-data-centre-macquarie-park,advice-eis-frnsw-1033
project-apollo-data-centre-macquarie-park,advice-eis-hnsw-ach-870
project-apollo-data-centre-macquarie-park,advice-eis-hnsw-eh-129
project-apollo-data-centre-macquarie-park,advice-eis-cphr-94
project-apollo-data-centre-macquarie-park,advice-eis-epa-1400
project-apollo-data-centre-macquarie-park,advice-eis-tfnsw-2501
project-apollo-data-centre-macquarie-park,advice-eis-ausgrid-41
project-apollo-data-centre-macquarie-park,project-apollo-rts-report-8
project-apollo-data-centre-macquarie-park,appendix-u-flood-impact-assessment-308
project-apollo-data-centre-macquarie-park,appendix-w-infrastructure-management-and-staging-plan-3
project-apollo-data-centre-macquarie-park,appendix-v-engagement-outcomes-report-3
project-apollo-data-centre-macquarie-park,appendix-y-pedestrian-wind-study-3
project-apollo-data-centre-macquarie-park,appendix-z-accessibility-statement-3
project-apollo-data-centre-macquarie-park,appendix-x-nabers-commitment-letter-3
project-apollo-data-centre-macquarie-park,appendix-t-civil-engineering-report-86
project-apollo-data-centre-macquarie-park,appendix-s-civil-plans-92
project-apollo-data-centre-macquarie-park,appendix-r-air-quality-impact-assessment-123
project-apollo-data-centre-macquarie-park,appendix-p-visual-impact-assessment-302
project-apollo-data-centre-macquarie-park,appendix-q-noise-and-vibration-impact-assessment-309
project-apollo-data-centre-macquarie-park,appendix-n-fire-safety-concept-strategy-3
project-apollo-data-centre-macquarie-park,appendix-o-arboricultural-impact-assessment-375
project-apollo-data-centre-macquarie-park,appendix-j-revised-bdar-waiver-request-8
project-apollo-data-centre-macquarie-park,appendix-l-traffic-management-and-accessibility-plan-3
project-apollo-data-centre-macquarie-park,appendix-k-bca-report-92
project-apollo-data-centre-macquarie-park,appendix-m-sustainability-strategy-memo-3
project-apollo-data-centre-macquarie-park,appendix-i-landscape-report-230
project-apollo-data-centre-macquarie-park,appendix-h-landscape-plans-820
project-apollo-data-centre-macquarie-park,appendix-e-architectural-design-report-438
project-apollo-data-centre-macquarie-park,appendix-f-esd-report-24
project-apollo-data-centre-macquarie-park,appendix-g-urban-heat-island-letter-8
project-apollo-data-centre-macquarie-park,appendix-d-architectural-plans-828
project-apollo-data-centre-macquarie-park,appendix-bb-cumulative-risk-assessment-8
project-apollo-data-centre-macquarie-park,appendix-cc-net-zero-commitment-letter-8
project-apollo-data-centre-macquarie-park,appendix-b-response-submissions-8
project-apollo-data-centre-macquarie-park,appendix-c-mac-park-design-guide-consistency-assessment-8
project-apollo-data-centre-macquarie-park,appendix-submissions-register-6376
project-apollo-data-centre-macquarie-park,additional-matters-submissions-report-ssd-74069708-5
project-apollo-data-centre-macquarie-park,advice-rts-council-table-1
project-apollo-data-centre-macquarie-park,advice-rts-council-120
project-apollo-data-centre-macquarie-park,advice-rts-frnsw-290
project-apollo-data-centre-macquarie-park,advice-rts-hnswach-1
project-apollo-data-centre-macquarie-park,cphr-correspodance-dphi-regarding-bdar-waiver-process-1
project-apollo-data-centre-macquarie-park,advice-rts-epa-537
project-apollo-data-centre-macquarie-park,request-advice-epa-343
project-apollo-data-centre-macquarie-park,advice-rts-epa-superseded
project-apollo-data-centre-macquarie-park,advice-rts-tfnsw-743
project-apollo-data-centre-macquarie-park,advice-rts-ausgrid-2
project-apollo-data-centre-macquarie-park,syd02-draft-conditions-review
project-apollo-data-centre-macquarie-park,request-additional-information-project-apollo-221025-1
project-apollo-data-centre-macquarie-park,draft-recommended-conditions-2
project-apollo-data-centre-macquarie-park,rfi-request-comment-draft-conditions-3602
project-atlas-data-centre-eastern-creek,scoping-report-project-atlas-1
project-atlas-data-centre-eastern-creek,request-sears20251202204703-1
project-atlas-data-centre-eastern-creek,eis-10-roberts-road-eastern-creek-0
project-atlas-data-centre-eastern-creek,owners-consent-transgrid-18
project-atlas-data-centre-eastern-creek,owners-consent-tfnsw-0
project-atlas-data-centre-eastern-creek,owners-consent-endeavour-energy-1
project-atlas-data-centre-eastern-creek,owner-consent-blacktown-city-council-0
project-atlas-data-centre-eastern-creek,appendix-cc-achar-unredacted-0
project-atlas-data-centre-eastern-creek,appendix-dd-social-impact-assessment-346
project-atlas-data-centre-eastern-creek,appendix-c-engagement-report-237
project-atlas-data-centre-eastern-creek,appendix-d-mitigation-measures-table-1095
project-atlas-data-centre-eastern-creek,appendix-b-statutory-compliance-table-6063
project-atlas-data-centre-eastern-creek,appendix-sears-compliance-table-7549
project-atlas-data-centre-eastern-creek,appendix-z-landscape-report-50
project-atlas-data-centre-eastern-creek,project-atlas-landowners-consent-letter
project-atlas-data-centre-eastern-creek,appendix-x-preliminary-site-investigation-202
project-atlas-data-centre-eastern-creek,appendix-y-detailed-site-investigation-302
project-atlas-data-centre-eastern-creek,appendix-w-stormwater-management-report
project-atlas-data-centre-eastern-creek,appendix-t-geotechnical-report-258
project-atlas-data-centre-eastern-creek,appendix-s-hazard-and-risk-report
project-atlas-data-centre-eastern-creek,appendix-v-salinity-management-plan
project-atlas-data-centre-eastern-creek,appendix-u-technical-advice-letter-soils
project-atlas-data-centre-eastern-creek,appendix-r-visual-impact-assessment-382
project-atlas-data-centre-eastern-creek,appendix-p-transport-and-accessibility-impact-assessment-300
project-atlas-data-centre-eastern-creek,appendix-m-330kv-underground-cable-route
project-atlas-data-centre-eastern-creek,appendix-qq-vegetation-management-plan-13
project-atlas-data-centre-eastern-creek,appendix-q-fire-safety-concept-strategy-5
project-atlas-data-centre-eastern-creek,appendix-n-greenhouse-gas-assessment
project-atlas-data-centre-eastern-creek,appendix-oo-community-and-stakeholder-engagement-strategy
project-atlas-data-centre-eastern-creek,appendix-o-ecologically-sustainable-development-report-74
project-atlas-data-centre-eastern-creek,appendix-pp-independent-review-greenhouse-gas-assessment
project-atlas-data-centre-eastern-creek,appendix-f-architectural-design-report-1251
project-atlas-data-centre-eastern-creek,appendix-ii-connecting-country
project-atlas-data-centre-eastern-creek,appendix-i-noise-and-vibration-impact-assessment-366
project-atlas-data-centre-eastern-creek,appendix-k-biodiversity-development-assessment-report-140
project-atlas-data-centre-eastern-creek,appendix-g-survey-plan-1259
project-atlas-data-centre-eastern-creek,appendix-ll-nabers-agreement-rate-20
project-atlas-data-centre-eastern-creek,appendix-j-air-quality-impact-assessment-383
project-atlas-data-centre-eastern-creek,appendix-kk-bushfire-hazard-assessment
project-atlas-data-centre-eastern-creek,appendix-jj-flood-impact-report
project-atlas-data-centre-eastern-creek,appendix-hh-bca-access-report
project-atlas-data-centre-eastern-creek,appendix-l-infrastructure-and-staging-plan
project-atlas-data-centre-eastern-creek,appendix-ff-waste-management-plan-326
project-atlas-data-centre-eastern-creek,appendix-h-plant-and-equipment-selections
project-atlas-data-centre-eastern-creek,appendix-gg-hazardous-materials-survey-100
project-atlas-data-centre-eastern-creek,appendix-bb-arboricultural-impact-assessment-211
project-atlas-data-centre-eastern-creek,appendix-aa-landscape-plans-22
project-atlas-data-centre-eastern-creek,appendix-ee-airport-safeguarding
project-atlas-data-centre-eastern-creek,appendix-cc-achar-public
project-atlas-data-centre-eastern-creek,appendix-nn-embodied-emissions-material-form
project-atlas-data-centre-eastern-creek,appendix-mm-edc-report-public
project-atlas-data-centre-eastern-creek,ssd-101067971-supplementary-request-rts-letter
project-atlas-data-centre-eastern-creek,sydney-water-da-information-sheet-july-2026
project-atlas-data-centre-eastern-creek,sydney-water-advice-eis-1417
project-atlas-data-centre-eastern-creek,dcceew-energy-advice-eis
project-atlas-data-centre-eastern-creek,transgrid-advice-eis-confidential
project-atlas-data-centre-eastern-creek,nsw-rfs-advice-eis-258
project-atlas-data-centre-eastern-creek,ssd-101067971-exhibition-notice
project-atlas-data-centre-eastern-creek,appendix-mm-edc-report-unredacted
project-atlas-data-centre-eastern-creek,application20260514060059
project-atlas-data-centre-eastern-creek,appendix-e-architectural-plans-1100
project-atlas-data-centre-eastern-creek,appendix-dd-social-impact-assessment-347
project-atlas-data-centre-eastern-creek,appendix-c-engagement-report-238
project-atlas-data-centre-eastern-creek,appendix-b-statutory-compliance-table-6158
project-atlas-data-centre-eastern-creek,appendix-d-mitigation-measures-table-1103
project-atlas-data-centre-eastern-creek,appendix-sears-compliance-table-7645
project-atlas-data-centre-eastern-creek,attachment-2-government-advice-3
project-atlas-data-centre-eastern-creek,sydney-water-data-form-2
project-atlas-data-centre-eastern-creek,sears-cover-letter-6725
project-atlas-data-centre-eastern-creek,attachment-1-sears-table-2
project-atlas-data-centre-eastern-creek,sydney-water-da-info-sheet-4
project-atlas-data-centre-eastern-creek,attachment-2-government-advice-4
project-atlas-data-centre-eastern-creek,sydney-water-da-information-sheet-september-2025-186
project-atlas-data-centre-eastern-creek,sydney-water-advice-sears-565
project-atlas-data-centre-eastern-creek,appendix-2-scoping-summary-table-222
project-atlas-data-centre-eastern-creek,appendix-1-draft-plans
project-atlas-data-centre-eastern-creek,blacktown-city-council-advice-sears-100
project-atlas-data-centre-eastern-creek,appendix-2-scoping-summary-table-227
project-atlas-data-centre-eastern-creek,appendix-1-draft-plans-0
project-atlas-data-centre-eastern-creek,epa-advice-sears-2662
project-atlas-data-centre-eastern-creek,appendix-2-scoping-summary-table-228
project-atlas-data-centre-eastern-creek,appendix-1-draft-plans-1
project-atlas-data-centre-eastern-creek,appendix-2-scoping-summary-table-229
project-atlas-data-centre-eastern-creek,appendix-1-draft-plans-2
project-atlas-data-centre-eastern-creek,cphr-sears-advice-ssd-101067971-0
project-atlas-data-centre-eastern-creek,appendix-2-scoping-summary-table-230
project-atlas-data-centre-eastern-creek,appendix-1-draft-plans-3
project-atlas-data-centre-eastern-creek,tfnsw-advice-sears-5143
project-atlas-data-centre-eastern-creek,appendix-2-scoping-summary-table-231
project-atlas-data-centre-eastern-creek,appendix-1-draft-plans-4
project-atlas-data-centre-eastern-creek,heritage-nsw-aboriginal-advice-sears-0
project-atlas-data-centre-eastern-creek,appendix-2-scoping-summary-table-232
project-atlas-data-centre-eastern-creek,appendix-1-draft-plans-5
project-atlas-data-centre-eastern-creek,heritage-nsw-advice-sears-2317
project-atlas-data-centre-eastern-creek,appendix-2-scoping-summary-table-233
project-atlas-data-centre-eastern-creek,appendix-1-draft-plans-6
project-atlas-data-centre-eastern-creek,fire-and-rescue-nsw-advice-sears-152
project-atlas-data-centre-eastern-creek,appendix-2-scoping-summary-table-234
project-atlas-data-centre-eastern-creek,appendix-1-draft-plans-7
project-atlas-data-centre-eastern-creek,ssd-101067971-receipt-4000007506
project-atlas-data-centre-eastern-creek,ssd-101067971taxinvoice4000007506
project-atlas-data-centre-eastern-creek,fee-breakdown20260522020856
project-atlas-data-centre-eastern-creek,approved-fee20260521222928
project-atlas-data-centre-eastern-creek,ssd-101067971-request-rts-letter
project-atlas-data-centre-eastern-creek,ssd-ssi-notice-exhibition-letter-neighbouring-landow-16850
project-atlas-data-centre-eastern-creek,tfnsw-advice-eis-4631
project-atlas-data-centre-eastern-creek,appendix-e-architectural-plans-1112
project-atlas-data-centre-eastern-creek,heritage-nsw-aboriginal-advice-eis-2
project-atlas-data-centre-eastern-creek,appendix-e-architectural-plans-1121
project-atlas-data-centre-eastern-creek,appendix-e-architectural-plans-1122
project-atlas-data-centre-eastern-creek,frnsw-advice-eis-1984
project-atlas-data-centre-eastern-creek,frnsw-advice-eis-superseded
project-atlas-data-centre-eastern-creek,appendix-e-architectural-plans-1124
project-atlas-data-centre-eastern-creek,cphr-advice-eis-207
project-atlas-data-centre-eastern-creek,appendix-e-architectural-plans-1125
project-atlas-data-centre-eastern-creek,epa-advice-eis-3348
project-atlas-data-centre-eastern-creek,appendix-e-architectural-plans-1126
project-atlas-data-centre-eastern-creek,western-sydney-international-airport-advice-eis
project-atlas-data-centre-eastern-creek,appendix-e-architectural-plans-1132
project-atlas-data-centre-eastern-creek,blacktown-city-council-advice-eis-96
project-atlas-data-centre-eastern-creek,appendix-e-architectural-plans-1134
project-atlas-data-centre-eastern-creek,dca-technical-advisory-advice-ssd-101067971
project-atlas-data-centre-eastern-creek,dca-technical-advisory-template1784279421
project-atlas-data-centre-eastern-creek,request-formal-dca-advice-dcceew-water
project-atlas-data-centre-eastern-creek,eis-dphi-additional-comments-ssd-101067971
project-duke-data-centre,assessment-report-4731
project-duke-data-centre,eis-4113
project-duke-data-centre,instrument-199
project-duke-data-centre,appendix-sears-compliance-table-7574
project-duke-data-centre,notice-decision-2736
project-duke-data-centre,appendix-b-statutory-compliance-table-6099
project-duke-data-centre,stamped-plans-part-1-pages-1-16
project-duke-data-centre,appendix-c-engagement-report-232
project-duke-data-centre,stamped-plans-part-2-pages-17-32
project-duke-data-centre,appendix-d-mitigation-measures-table-1091
project-duke-data-centre,appendix-e-architectural-plans-1120
project-duke-data-centre,appendix-f-architectural-design-report-1252
project-duke-data-centre,appendix-g-sdrp-advice-61
project-duke-data-centre,appendix-h-survey-plan-854
project-duke-data-centre,appendix-i-landscape-report-236
project-duke-data-centre,appendix-j-landscape-plans-727
project-duke-data-centre,appendix-k-bdar-waiver-112
project-duke-data-centre,appendix-l-bca-report-172
project-duke-data-centre,appendix-m-fire-safety-concept-strategy-61
project-duke-data-centre,appendix-n-access-report-368
project-duke-data-centre,appendix-o-visual-impact-assessment-381
project-duke-data-centre,appendix-p-transport-and-accessibility-impact-assessment-299
project-duke-data-centre,appendix-q-esd-report-669
project-duke-data-centre,appendix-s-air-quality-impact-assessment-193
project-duke-data-centre,appendix-t-nabers-agreement-rate-61
project-duke-data-centre,appendix-u-noise-and-vibration-assessment-262
project-duke-data-centre,appendix-v-geotechnical-assessment-471
project-duke-data-centre,appendix-w-technical-advice-ground-water-61
project-duke-data-centre,appendix-x-salinity-management-plan-61
project-duke-data-centre,appendix-y-civil-engineering-report-61
project-duke-data-centre,appendix-z-civil-engineering-plans-65
project-duke-data-centre,appendix-aa-flood-impact-and-risk-assessment-61
project-duke-data-centre,appendix-bb-hazard-and-risk-report-61
project-duke-data-centre,appendix-cc-dangerous-goods-report-61
project-duke-data-centre,appendix-dd-preliminary-site-investigation-198
project-duke-data-centre,appendix-ee-detailed-site-investigation-131
project-duke-data-centre,appendix-ff-waste-management-plan-353
project-duke-data-centre,appendix-gg-hazardous-materials-survey-2-kent-road-61
project-duke-data-centre,appendix-hh-hazardous-materials-survey-10-22-kent-road-61
project-duke-data-centre,appendix-ii-achar-62
project-duke-data-centre,appendix-jj-social-impact-assessment-148
project-duke-data-centre,appendix-kk-infrastructure-plan-61
project-duke-data-centre,appendix-ll-cooling-options-analysis-technical-note-61
project-duke-data-centre,appendix-mm-aboricultural-impact-assessment-61
project-duke-data-centre,appendix-nn-sydney-airport-referral-response-61
project-duke-data-centre,application20241107041258-61
project-duke-data-centre,appendix-oo-edc-report-confidential-59
project-duke-data-centre,amended-application20250704003840-21
project-duke-data-centre,appendix-r-amended-esd-report-67
project-duke-data-centre,appendix-h-amended-architectural-design-report-44
project-duke-data-centre,appendix-cc-amended-preliminary-site-investigation-44
project-duke-data-centre,appendix-hh-amended-acar-21
project-duke-data-centre,appendix-p-amended-visual-impact-assessment-44
project-duke-data-centre,appendix-j-amended-landscape-report-44
project-duke-data-centre,appendix-z-amended-flood-impact-and-risk-assessment-44
project-duke-data-centre,appendix-v-amended-geotechnical-assessment-21
project-duke-data-centre,appendix-g-amended-architectural-plans-44
project-duke-data-centre,appendix-dd-amended-detailed-site-investigation-44
project-duke-data-centre,appendix-y-amended-civil-engineering-plans-44
project-duke-data-centre,appendix-q-amended-transport-and-accessibility-assessment-44
project-duke-data-centre,appendix-jj-amended-infrastructure-plan-44
project-duke-data-centre,appendix-t-amended-air-quality-impact-assessment-44
project-duke-data-centre,appendix-u-amended-noise-and-vibration-assessment-44
project-duke-data-centre,appendix-k-amended-landscape-plans-44
project-duke-data-centre,amending-report-project-duke-44
project-duke-data-centre,appendix-i-amended-survey-plan-44
project-duke-data-centre,appendix-ee-remedial-action-plan-44
project-duke-data-centre,appendix-l-amended-bdar-waiver-44
project-duke-data-centre,appendix-bb-amended-dangerous-goods-report-44
project-duke-data-centre,appendix-aa-amended-hazard-and-risk-report-44
project-duke-data-centre,appendix-n-amended-fire-safety-concept-strategy-44
project-duke-data-centre,appendix-ll-rooftop-photovoltaic-glare-assessment-21
project-duke-data-centre,appendix-o-amended-access-report-44
project-duke-data-centre,appendix-mm-amended-arboricultural-impact-assessment-44
project-duke-data-centre,appendix-d-updated-engagement-report-44
project-duke-data-centre,appendix-x-amended-civil-engineering-report-44
project-duke-data-centre,appendix-m-amended-bca-report-44
project-duke-data-centre,appendix-w-acid-sulfate-soil-management-plan-44
project-duke-data-centre,appendix-ii-amended-social-impact-report-44
project-duke-data-centre,appendix-s-embodied-emissions-material-form-22
project-duke-data-centre,appendix-gg-hazardous-materials-survey685-gardeners-road-21
project-duke-data-centre,appendix-ff-amended-waste-management-plan-44
project-duke-data-centre,appendix-c-statutory-compliance-table-7598
project-duke-data-centre,appendix-e-submissions-response-register-56
project-duke-data-centre,appendix-nn-amended-estimated-development-cost-report-44
project-duke-data-centre,appendix-f-mitigation-measures-table-187
project-duke-data-centre,appendix-b-updated-sears-compliance-table-44
project-duke-data-centre,appendix-kk-amended-cooling-option-analysis-44
project-duke-data-centre,appendix-updated-project-description-3467
project-duke-data-centre,appendix-r-embodied-emissions-materials-form-132
project-duke-data-centre,ssd-71368959-notice-determination-not-required
project-duke-data-centre,ssd-71368959-letter-submitter
project-duke-data-centre,ssd-71368959-letter-applicant
project-duke-data-centre,swc-june-2025-info-sheet-13
project-duke-data-centre,advice-amended-da-swc-13
project-duke-data-centre,amendment-acceptance-letter-ssd-71368959-20
project-duke-data-centre,appendix-r-amended-esd-report-68
project-duke-data-centre,sydney-water-da-information-sheet-july-2024-479
project-duke-data-centre,advice-eis-sydney-water-620
project-duke-data-centre,appendix-oo-edc-publication-52
project-duke-data-centre,advice-eis-sydney-airport-52
project-duke-data-centre,ssd-71368959-exhibition-notice-53
project-duke-data-centre,landowners-consent-4148
project-duke-data-centre,landowners-consentpoa-62
project-duke-data-centre,industry-specific-sears-data-storage-centres-607
project-duke-data-centre,ssd-sears-industry-specific-cover-letter-6449
project-duke-data-centre,site-plan-project-duke-data-centre-81
project-duke-data-centre,sears-request-project-duke-data-centre-81
project-duke-data-centre,request-sears20240529042957-81
project-duke-data-centre,ssd-71368959-receipt-4000001993-psims-57
project-duke-data-centre,ssd-71368959-invoice-4000001993-psims-59
project-duke-data-centre,fee-breakdown20241108011848-59
project-duke-data-centre,approved-fee20241107225644-60
project-duke-data-centre,approved-fee20241107043746-61
project-duke-data-centre,appendix-e-submissions-response-register-57
project-duke-data-centre,request-rts-letter-13819
project-duke-data-centre,ssd-ssi-notice-exhibition-letter-neighbouring-landow-16729
project-duke-data-centre,ssd-ssi-exhibition-and-reexhibition-advertisement15112024-524
project-duke-data-centre,bayside-council-submission-99
project-duke-data-centre,gansw-advicetemplate-ssd-71368959-45
project-duke-data-centre,epa-out-no-comment-letter-eis-duke-data-centre-45
project-duke-data-centre,advice-eis-bcs-1070
project-duke-data-centre,advice-eis-hnsw-ach-865
project-duke-data-centre,advice-eis-heritage-64
project-duke-data-centre,advice-eis-frnsw-1031
project-duke-data-centre,advice-eis-tfnsw-2473
project-duke-data-centre,advice-eis-casa-572
project-duke-data-centre,ausgrid-eis-response-duke-data-centre-ssd-71368959-39
project-duke-data-centre,letter-out-eis-project-duke-data-centre-ssd-71368959-38
project-duke-data-centre,appendix-h-amended-architectural-design-report-45
project-duke-data-centre,appendix-cc-amended-preliminary-site-investigation-45
project-duke-data-centre,appendix-hh-amended-achar-22
project-duke-data-centre,appendix-p-amended-visual-impact-assessment-45
project-duke-data-centre,appendix-j-amended-landscape-report-45
project-duke-data-centre,appendix-v-amended-geotech-assessment-22
project-duke-data-centre,appendix-z-amended-flood-impact-and-risk-assessment-45
project-duke-data-centre,appendix-g-amended-architectural-plans-45
project-duke-data-centre,appendix-dd-amended-detailed-site-investigation-45
project-duke-data-centre,appendix-y-amended-civil-engineering-plans-45
project-duke-data-centre,appendix-q-amended-transport-and-accessibility-assessment-45
project-duke-data-centre,appendix-jj-amended-infrastructure-plan-45
project-duke-data-centre,appendix-t-amended-air-quality-impact-assessment-45
project-duke-data-centre,appendix-u-amended-noise-and-vibration-assessment-45
project-duke-data-centre,appendix-k-amended-landscape-plans-45
project-duke-data-centre,amending-report-project-duke-45
project-duke-data-centre,appendix-i-amended-survey-plan-45
project-duke-data-centre,appendix-ee-remedial-action-plan-45
project-duke-data-centre,appendix-l-amended-bdar-waiver-45
project-duke-data-centre,appendix-bb-amended-dangerous-goods-report-45
project-duke-data-centre,appendix-n-amended-fire-safety-concept-strategy-45
project-duke-data-centre,appendix-aa-amended-hazard-and-risk-report-45
project-duke-data-centre,appendix-ll-rooftop-solar-glare-assessment-22
project-duke-data-centre,appendix-o-amended-access-report-45
project-duke-data-centre,appendix-mm-amended-arboricultural-impact-assessment-45
project-duke-data-centre,appendix-d-updated-engagement-report-45
project-duke-data-centre,appendix-x-amended-civil-engineering-report-45
project-duke-data-centre,appendix-m-amended-bca-report-45
project-duke-data-centre,appendix-w-acid-sulfate-soil-management-plan-45
project-duke-data-centre,appendix-ii-amended-social-impact-report-45
project-duke-data-centre,appendix-r-amended-esd-report-69
project-duke-data-centre,appendix-s-amended-embodied-emissions-materials-form-22
project-duke-data-centre,appendix-gg-hazardous-material-survey685-gardeners-road-22
project-duke-data-centre,appendix-ff-amended-waste-management-plan-45
project-duke-data-centre,appendix-c-statutory-compliance-table-7610
project-duke-data-centre,appendix-e-submissions-response-register-58
project-duke-data-centre,appendix-f-mitigation-measures-table-188
project-duke-data-centre,appendix-nn-amended-estimated-development-cost-report-45
project-duke-data-centre,appendix-b-updated-sears-compliance-table-45
project-duke-data-centre,appendix-kk-amended-cooling-option-analysis-45
project-duke-data-centre,appendix-updated-project-description-3468
project-duke-data-centre,ssd-71368959-departments-comments-eis-37
project-duke-data-centre,council-submissions-amended-da-14
project-duke-data-centre,advice-amended-da-tfnsw-73
project-duke-data-centre,advice-amended-da-frnsw-37
project-duke-data-centre,advice-amended-da-epa-60
project-duke-data-centre,advice-amended-da-cphr-12
project-duke-data-centre,request-gansw-advice-response-pae-87437961-17
project-duke-data-centre,advice-amended-da-casa-57
project-duke-data-centre,advice-amended-da-hnsw-ach-20
project-duke-data-centre,advice-amended-da-hnsw-eh-20
project-duke-data-centre,advice-amended-da-ausgrid-51
project-duke-data-centre,duke-rts-cover-letter-6
project-duke-data-centre,appendix-rts-table-157
project-duke-data-centre,appendix-c-landscape-report-75
project-duke-data-centre,appendix-d-architectural-plans-214
project-duke-data-centre,appendix-b-landscape-plans-590
project-duke-data-centre,appendix-e-rigging-coordination-study-6
project-duke-data-centre,appendix-f-civil-response-letter-6
project-duke-data-centre,request-additional-information-06082025-9
project-duke-data-centre,draft-conditions-response081025-1
project-duke-data-centre,appendix-f-mitigation-measures-table-189
project-duke-data-centre,rfi-management-and-mitigation-measures-5
project-duke-data-centre,advice-additional-information-council-0
project-duke-data-centre,appendixa-rtstable-6
project-duke-data-centre,appendixf-civilresponseletter-6
project-duke-data-centre,appendixb-landscapeplans-6
project-duke-data-centre,appendixd-architecturalplans-6
project-duke-data-centre,appendixc-landscapereport-6
project-duke-data-centre,doc25-823301-duke-rts-cover-letter-6
project-duke-data-centre,draft-conditions-response081025-2
project-duke-data-centre,rfi-request-comment-draft-conditions-project-duke-3
project-duke-data-centre,draft-ssd-instrument-consent-project-duke-3
project-echidna-data-centre-eastern-creek,project-echidna-eis-rev1combined-45
project-echidna-data-centre-eastern-creek,project-echidna-eis-appendix-sears-table-42
project-echidna-data-centre-eastern-creek,project-echidna-eis-appendix-b-drawings-42
project-echidna-data-centre-eastern-creek,project-echidna-eis-appendix-c-statutory-table-42
project-echidna-data-centre-eastern-creek,project-echidna-eis-appendix-d-survey-plan-42
project-echidna-data-centre-eastern-creek,project-echidna-eis-appendix-e-summary-measures-42
project-echidna-data-centre-eastern-creek,request-sears20220815042100-85
project-echidna-data-centre-eastern-creek,project-echidna-eis-appendix-f-bdar-waiver-request-42
project-echidna-data-centre-eastern-creek,project-echidna-eis-appendix-g-achar-waiver-42
project-echidna-data-centre-eastern-creek,project-echidna-eis-appendix-h-noise-and-vibration-assessment-42
project-echidna-data-centre-eastern-creek,project-echidna-eis-appendix-i-traffic-and-transport-impact-assessment-42
project-echidna-data-centre-eastern-creek,project-echidna-eis-appendix-j-air-quality-report-42
project-echidna-data-centre-eastern-creek,project-echidna-eis-appendix-k-geotechnical-study-42
project-echidna-data-centre-eastern-creek,project-echidna-eis-appendix-l-sepp-screening-42
project-echidna-data-centre-eastern-creek,project-echidna-eis-appendix-m-social-impact-42
project-echidna-data-centre-eastern-creek,project-echidna-eis-appendix-n-engagement-report-42
project-echidna-data-centre-eastern-creek,project-echidna-eis-appendix-o-esd-and-ghg-report-42
project-echidna-data-centre-eastern-creek,project-echidna-eis-appendix-p-waste-technical-report-42
project-echidna-data-centre-eastern-creek,project-echidna-eis-appendix-q-stormwater-and-flooding-report-41
project-echidna-data-centre-eastern-creek,project-echidna-eis-appendix-r-infrastructure-requirements-report-41
project-echidna-data-centre-eastern-creek,project-echidna-eis-appendix-s-landscape-plan-41
project-echidna-data-centre-eastern-creek,project-echidna-eis-appendix-t-quantity-surveyor-reportcv-41
project-echidna-data-centre-eastern-creek,project-echidna-eis-appendix-u-bca-report-41
project-echidna-data-centre-eastern-creek,project-echidna-eis-appendix-v-design-report-41
project-echidna-data-centre-eastern-creek,project-echidna-eis-appendix-w-accessibility-report-41
project-echidna-data-centre-eastern-creek,project-echidna-eis-appendix-x-visual-impact-41
project-echidna-data-centre-eastern-creek,project-echidna-water-design-council-consultation-51
project-echidna-data-centre-eastern-creek,project-echidna-stormwater-design-plans-51
project-echidna-data-centre-eastern-creek,project-echidna-response-adequacy-review-17-march-2023-51
project-echidna-data-centre-eastern-creek,project-echidna-eis-certification-64
project-echidna-data-centre-eastern-creek,development-consent-da-18-00938-51
project-echidna-data-centre-eastern-creek,syd055-acoustic-assessmentapproved-51
project-echidna-data-centre-eastern-creek,heritage-nsw-consultation-correspondence-64
project-echidna-data-centre-eastern-creek,ssd-notice-decision-245
project-echidna-data-centre-eastern-creek,signed-ssd-determination-instrument-3
project-echidna-data-centre-eastern-creek,signed-ssd-ssi-assessment-report-7
project-echidna-data-centre-eastern-creek,project-echidna-ssda-updated-civ-report-45
project-echidna-data-centre-eastern-creek,project-echidna-eis-appendix-t-quantity-surveyorupdated-63
project-echidna-data-centre-eastern-creek,cost-summary-report-302
project-echidna-data-centre-eastern-creek,ssd-47320208-notice-determination-not-required-1
project-echidna-data-centre-eastern-creek,ssd-47320208-letter-applicant-1
project-echidna-data-centre-eastern-creek,ssd-47320208-letter-submitter-1
project-echidna-data-centre-eastern-creek,01echidnassdaresponsetorfibcc20231212-9
project-echidna-data-centre-eastern-creek,05echidnassdassk041echidnasiteplanmedianstrip-9
project-echidna-data-centre-eastern-creek,04echidnassdaresponsetocouncilmatters-9
project-echidna-data-centre-eastern-creek,02echidnassdalandscapingmemov1-9
project-echidna-data-centre-eastern-creek,03echidnassdaprojectechidnacouncilmeetingminutes-9
project-echidna-data-centre-eastern-creek,00echidnassdaconsolidatedmemo-9
project-echidna-data-centre-eastern-creek,eis-advice-sydney-water-241
project-echidna-data-centre-eastern-creek,ssd-47320208-exhibition-notice-39
project-echidna-data-centre-eastern-creek,application20230317031508-51
project-echidna-data-centre-eastern-creek,rfi-610
project-echidna-data-centre-eastern-creek,echidna-eis-toa-58
project-echidna-data-centre-eastern-creek,application20221007052125-62
project-echidna-data-centre-eastern-creek,concept-design-acoustic-assessment-spp-19-00013-da-64
project-echidna-data-centre-eastern-creek,application20220907060153-70
project-echidna-data-centre-eastern-creek,gis-data-3117
project-echidna-data-centre-eastern-creek,request-industry-specific-sears-echidna-79
project-echidna-data-centre-eastern-creek,industry-specific-sears-project-echidna-dc-80
project-echidna-data-centre-eastern-creek,signed-sears-project-echidna-dc-80
project-echidna-data-centre-eastern-creek,project-echidnabdar-waiver-request20220727final-85
project-echidna-data-centre-eastern-creek,220727-request-industry-specific-sears-echidna-85
project-echidna-data-centre-eastern-creek,site-context-map-2745
project-echidna-data-centre-eastern-creek,ssd-47320208-receipt-22058614-psims-45
project-echidna-data-centre-eastern-creek,ssd-47320208-invoice-22058614-psims-45
project-echidna-data-centre-eastern-creek,fee-breakdown20230515042248-45
project-echidna-data-centre-eastern-creek,approved-fee20230509053047-45
project-echidna-data-centre-eastern-creek,request-rts-letter-6858
project-echidna-data-centre-eastern-creek,response-submissions-letter-31
project-echidna-data-centre-eastern-creek,appendix-acoustic-design-report-24
project-echidna-data-centre-eastern-creek,appendix-b-staff-and-parking-calculations-24
project-echidna-data-centre-eastern-creek,appendix-c-indicative-roster-24
project-echidna-data-centre-eastern-creek,appendix-d-project-echinda-ghg-reduction-opportunities-24
project-echidna-data-centre-eastern-creek,appendix-e-sk-01-overall-site-sections-24
project-echidna-data-centre-eastern-creek,appendix-f-sk-02-3d-views-24
project-echidna-data-centre-eastern-creek,appendix-g-ssda-052-proposed-site-masterplan-24
project-echidna-data-centre-eastern-creek,appendix-h-ssda-302-ssda-proposed-car-parking-spaces-24
project-echidna-data-centre-eastern-creek,appendix-i-ssda-303-shadow-diagrams-24
project-echidna-data-centre-eastern-creek,appendix-j-music-model-results-24
project-echidna-data-centre-eastern-creek,appendix-k-echidna-aur-xx-xx-dr-c6026-6027-24
project-echidna-data-centre-eastern-creek,appendix-l-rainwater-harvesting-excl-industrial-water-req-24
project-echidna-data-centre-eastern-creek,appendix-m-overall-ground-floor-soils-wastewater-layout-24
project-echidna-data-centre-eastern-creek,appendix-n-pmf-overland-flow-technical-note-24
project-echidna-data-centre-eastern-creek,appendix-o-echidnadrains-model-24
project-echidna-data-centre-eastern-creek,ssd-ssi-notice-exhibition-letter-neighbouring-landow-4677
project-echidna-data-centre-eastern-creek,ssd-ssi-exhibition-and-reexhibition-advertisement08062023-40
project-echidna-data-centre-eastern-creek,eis-advice-blacktown-city-council-25
project-echidna-data-centre-eastern-creek,eis-advice-epa-no-comment-letter-25
project-echidna-data-centre-eastern-creek,eis-advice-dpe-environment-and-heritage-25
project-echidna-data-centre-eastern-creek,eis-advice-frnsw-131
project-echidna-data-centre-eastern-creek,eis-advice-tfnsw-406
project-echidna-data-centre-eastern-creek,ehg-advice-1068
project-echidna-data-centre-eastern-creek,response-dpeeastern-creek-drive-data-centre2023-10-10-20
project-echidna-data-centre-eastern-creek,project-echidna-updated-air-quality-report-16
project-echidna-data-centre-eastern-creek,29-september-2023-request-information-21
project-echidna-data-centre-eastern-creek,01-echidna-ssda-response-rfibcc20231212-10
project-echidna-data-centre-eastern-creek,05-echidna-ssda-ssk-041-echidna-site-plan-median-strip-10
project-echidna-data-centre-eastern-creek,06-echidna-ssda-council-response-10
project-echidna-data-centre-eastern-creek,04-echidna-ssda-response-council-matters-10
project-echidna-data-centre-eastern-creek,03-echidna-ssda-project-echidna-council-meeting-minutes-10
project-echidna-data-centre-eastern-creek,02-echidna-ssda-landscaping-memo-v1-10
project-echidna-data-centre-eastern-creek,00-echidna-ssda-consolidated-memo-10
project-echidna-data-centre-eastern-creek,request-additional-information-7549
project-echidna-data-centre-eastern-creek,ssk-041-echidna-site-plan-median-strip-6
project-echidna-data-centre-eastern-creek,echidna-ssd-47320208-response-draft-intrument-11
project-echidna-data-centre-eastern-creek,rfi-request-comment-draft-conditions-2025
project-echidna-data-centre-eastern-creek,version-1-draft-determination-instrument-33
project-echidna-data-centre-eastern-creek,scangunawb2024-03-19-17-26-56-8
project-echidna-data-centre-eastern-creek,0echidnassdaconsolidatedmemo-10
project-echidna-data-centre-eastern-creek,2echidnassdalandscapingmemov1-10
project-echidna-data-centre-eastern-creek,3echidnassdaprojectechidnacouncilmeetingminutes-10
project-echidna-data-centre-eastern-creek,4echidnassdaresponsetocouncilmatters-10
project-echidna-data-centre-eastern-creek,5echidnassdassk041echidnasiteplanmedianstrip-10
project-echidna-data-centre-eastern-creek,1echidnassdaresponsetorfibcc20231212-10
project-mars-data-centre,eis-march-2026
project-mars-data-centre,appendix-sears-compliance-table-7559
project-mars-data-centre,appendix-b-architectural-plans-3825
project-mars-data-centre,appendix-c-statutory-compliance-table-7542
project-mars-data-centre,appendix-d-edc-report-redacted
project-mars-data-centre,project-mars-data-centre-sears-request180325-37
project-mars-data-centre,appendix-e-engagement-report-232
project-mars-data-centre,request-sears20250403222831-37
project-mars-data-centre,appendix-f-mitigation-measures-table-192
project-mars-data-centre,appendix-g-owners-consent-35
project-mars-data-centre,appendix-h-architectural-design-report-525
project-mars-data-centre,appendix-i-survey-plan-345
project-mars-data-centre,appendix-j-landscape-plans-702
project-mars-data-centre,appendix-k-landscape-report-169
project-mars-data-centre,appendix-l-bca-report-169
project-mars-data-centre,appendix-m-accessibility-report-171
project-mars-data-centre,appendix-n-visual-impact-assessment-897
project-mars-data-centre,appendix-o-transport-and-accessibility-impact-assessment
project-mars-data-centre,appendix-p-esd-report-315
project-mars-data-centre,appendix-q-nabers-embodied-emissions-materials-form-0
project-mars-data-centre,appendix-s-bdar-393
project-mars-data-centre,appendix-t-air-quality-impact-assessment-62
project-mars-data-centre,appendix-u-noise-impact-assessment-197
project-mars-data-centre,appendix-v-ground-and-water-conditions-assessment
project-mars-data-centre,appendix-w-salinity-management-plan-170
project-mars-data-centre,appendix-x-integrated-water-management-plan-124
project-mars-data-centre,appendix-y-civil-engineering-package-35
project-mars-data-centre,appendix-z-flood-impact-assessment-154
project-mars-data-centre,appendix-aa-preliminary-site-investigation-156
project-mars-data-centre,appendix-bb-detailed-site-investigation
project-mars-data-centre,appendix-cc-remedial-action-plan
project-mars-data-centre,appendix-dd-waste-management-plan-104
project-mars-data-centre,appendix-ee-hazardous-materials-study
project-mars-data-centre,appendix-ff-dangerous-goods-report
project-mars-data-centre,appendix-gg-rh-sepp-assessment
project-mars-data-centre,appendix-hh-achar-redacted-20
project-mars-data-centre,appendix-ii-net-zero-commitment-letter
project-mars-data-centre,appendix-jj-social-impact-assessment-149
project-mars-data-centre,appendix-kk-infrastructure-requirements-report
project-mars-data-centre,appendix-ll-nabers-commitment-letter
project-mars-data-centre,appendix-mm-arborist-report
project-mars-data-centre,appendix-nn-fire-safety-concept-strategy
project-mars-data-centre,appendix-oo-clause-46-variation-request
project-mars-data-centre,appendix-pp-connecting-country
project-mars-data-centre,appendix-qq-ground-water-monitoring
project-mars-data-centre,appendix-rr-pipeline-hazard-analysis
project-mars-data-centre,appendix-ss-geotechnical-assessment
project-mars-data-centre,appendix-tt-urban-heat-island-advice
project-mars-data-centre,appendix-r-nabers-agreement-rate-34
project-mars-data-centre,application20260219000108
project-mars-data-centre,appendix-hh-achar-unredacted
project-mars-data-centre,superseded-feb-2026-draft-eis
project-mars-data-centre,final-edc-report-march-2026
project-mars-data-centre,superseded-feb-2026-edc-report
project-mars-data-centre,superseded-feb-2026-eis
project-mars-data-centre,superseded-appendix-d-edc-report
project-mars-data-centre,project-mars-dc-additional-matters-sr
project-mars-data-centre,eis-eccs-group-advice
project-mars-data-centre,eis-council-objection-2
project-mars-data-centre,ssd-82052708-extended-exhibition-notice
project-mars-data-centre,ssd-exhibition-advertisement-notice
project-mars-data-centre,ssd-82052708-exhibition-notice
project-mars-data-centre,appendix-gg-resilience-and-hazards-sepp-assessment
project-mars-data-centre,site-area-gis
project-mars-data-centre,engagement-table-and-engagement-report
project-mars-data-centre,sears-data-centres-31
project-mars-data-centre,sears-cover-letter-6767
project-mars-data-centre,12-mars-road-site-map-37
project-mars-data-centre,appendix-preliminary-architecture-plans-37
project-mars-data-centre,ssd-82052708-receipt-4000006808
project-mars-data-centre,ssd-82052708taxinvoice4000006808
project-mars-data-centre,fee-breakdown20260319014915
project-mars-data-centre,approved-fee20260318045459
project-mars-data-centre,project-mars-dc-request-submissions-report
project-mars-data-centre,ssd-ssi-notice-exhibition-letter-neighbouring-landow-16785
project-mars-data-centre,ssd-ssi-exhibition-and-reexhibition-advertisement27032026-0
project-mars-data-centre,eis-nslhd-advice
project-mars-data-centre,eis-dcceew-water-group-advice-8
project-mars-data-centre,eis-nsw-epa-advice
project-mars-data-centre,eis-dcceew-cphr-group-advice
project-mars-data-centre,eis-hnsw-ach-advice-22
project-mars-data-centre,eis-frnsw-advice-25
project-mars-data-centre,eis-tfnsw-advice-146
project-mars-data-centre,eis-ausgrid-advice-10
project-pluto-data-centre,project-pluto-environmental-impact-statement-28
project-pluto-data-centre,appendix-sears-compliance-table-7613
project-pluto-data-centre,appendix-b-architectural-drawings-2803
project-pluto-data-centre,appendix-c-statutory-compliance-table-7646
project-pluto-data-centre,sears-request-project-pluto280324-98
project-pluto-data-centre,appendix-e-community-engagement-report-33
project-pluto-data-centre,request-sears20240402024722-97
project-pluto-data-centre,appendix-f-mitigation-measures-table-182
project-pluto-data-centre,appendix-h-architectural-design-report-559
project-pluto-data-centre,appendix-i-survey-plan-347
project-pluto-data-centre,appendix-j-landscape-plans-742
project-pluto-data-centre,appendix-k1-landscape-management-plan-33
project-pluto-data-centre,appendix-k2-landscape-management-plan-33
project-pluto-data-centre,appendix-l-bca-report-174
project-pluto-data-centre,appendix-m-accessibility-report-168
project-pluto-data-centre,appendix-n-visual-impact-assessment-848
project-pluto-data-centre,appendix-o-traffic-report-35
project-pluto-data-centre,appendix-p-esd-report-329
project-pluto-data-centre,appendix-q-embodied-emissions-material-report-34
project-pluto-data-centre,appendix-r-nabers-agreement-rate-35
project-pluto-data-centre,appendix-s-bdar-391
project-pluto-data-centre,appendix-t-air-quality-33
project-pluto-data-centre,appendix-u-noise-vibration-impact-assessment-71
project-pluto-data-centre,appendix-v-ground-and-water-conditions-letter-33
project-pluto-data-centre,appendix-w-salinity-management-plan-167
project-pluto-data-centre,appendix-x-integrated-water-management-plan-122
project-pluto-data-centre,appendix-y-civil-engineering-package-33
project-pluto-data-centre,appendix-z-flood-impact-assessment-155
project-pluto-data-centre,appendix-aa-contamination-and-remediation-report-34
project-pluto-data-centre,appendix-bb-waste-management-plan-398
project-pluto-data-centre,appendix-cc-hazardous-materials-survey-106
project-pluto-data-centre,appendix-dd-dangerous-goods-report-33
project-pluto-data-centre,appendix-ee-sepp-resilience-and-hazards-risk-report-32
project-pluto-data-centre,apendix-ff-achar-redacted-34
project-pluto-data-centre,appendix-gg-historical-heritage-constraints-assessment-34
project-pluto-data-centre,appendix-hh-social-impact-assessment-164
project-pluto-data-centre,appendix-ii-infrastructure-report-35
project-pluto-data-centre,appendix-jj-cooling-system-options-analysis-33
project-pluto-data-centre,appendix-kk-aia-34
project-pluto-data-centre,appendix-ll-fire-safety-concept-strategy-34
project-pluto-data-centre,application20250428064159-34
project-pluto-data-centre,appendix-l-estimated-development-cost-report-88
project-pluto-data-centre,appendix-d-cost-summary-report-38
project-pluto-data-centre,ssd-notice-decision-467
project-pluto-data-centre,signed-ssd-ssi-assessment-report-20
project-pluto-data-centre,signed-ssd-instrument-consent-1
project-pluto-data-centre,15-ssd-xxxxxxxx-notice-determination-not-required-12
project-pluto-data-centre,ssd-69223466-notice-determination-letter-submitter
project-pluto-data-centre,ssd-69223466-notice-determination-letter-applicant
project-pluto-data-centre,jemena-advice-eis-333
project-pluto-data-centre,sydney-water-da-information-sheet-feb-2025-240
project-pluto-data-centre,sydney-water-advice-eis-1406
project-pluto-data-centre,ssd-69223466-exhibition-notice-26
project-pluto-data-centre,appendix-g-owners-consent-34
project-pluto-data-centre,industry-specific-sears-data-storage-centres-605
project-pluto-data-centre,ssd-sears-industry-specific-cover-letter-6432
project-pluto-data-centre,project-pluto-site-context-map-97
project-pluto-data-centre,ssd-69223466-receipt-4000003622-psims-29
project-pluto-data-centre,ssd-69223466-invoice-4000003622-psims-33
project-pluto-data-centre,fee-breakdown20250429020318-33
project-pluto-data-centre,approved-fee20250429003933-34
project-pluto-data-centre,annexure-p-survey-stormwater-cctv-report-14
project-pluto-data-centre,appendix-c-updated-architectural-plans-189
project-pluto-data-centre,appendix-q-updated-infrastructure-report-14
project-pluto-data-centre,appendix-n-updated-civil-drawings-14
project-pluto-data-centre,appendix-m-updated-flood-risk-assessment-14
project-pluto-data-centre,appendix-g-updated-integrated-water-management-plan-14
project-pluto-data-centre,appendix-e-updated-visual-impact-assessment-15
project-pluto-data-centre,project-pluto-rts-report-14
project-pluto-data-centre,appendix-j-updated-noise-and-vibration-impact-assessment-15
project-pluto-data-centre,appendix-r-mitigation-measures-table-14
project-pluto-data-centre,appendix-f-updated-traffic-impact-assessment-94
project-pluto-data-centre,appendix-l-updated-air-quality-impact-assessment-14
project-pluto-data-centre,appendix-k-updated-achar-redacted-14
project-pluto-data-centre,appendix-i-updated-landscaping-report-15
project-pluto-data-centre,appendix-d-updated-design-report-14
project-pluto-data-centre,appendix-h-updated-landscaping-plans-14
project-pluto-data-centre,appendix-o-updated-esd-report-14
project-pluto-data-centre,appendix-b-list-plans-approval-58
project-pluto-data-centre,appendix-submissions-register-6388
project-pluto-data-centre,request-rts-letter-13911
project-pluto-data-centre,ssd-ssi-notice-exhibition-letter-neighbouring-landow-16631
project-pluto-data-centre,ssd-ssi-exhibition-and-reexhibition-advertisement09052025-114
project-pluto-data-centre,cumberland-council-submission-eis-17
project-pluto-data-centre,fcc-submission-eis-22
project-pluto-data-centre,frnsw-advice-eis-1961
project-pluto-data-centre,hnsw-ach-advice-eis-1698
project-pluto-data-centre,cphr-advice-eis-156
project-pluto-data-centre,epa-advice-eis-3330
project-pluto-data-centre,tfnsw-advice-eis-4592
project-pluto-data-centre,rts-council-response-80
project-pluto-data-centre,rts-frnsw-advice-30
project-pluto-data-centre,rts-epa-advice-28
project-pluto-data-centre,rts-tfnsw-advice-191
project-pluto-data-centre,rts-heritage-nsw-ach-advice-11
project-pluto-data-centre,achar-1c-27
project-pluto-data-centre,achar-revised-ahims-search-250619-13
project-pluto-data-centre,achar-1d-justine-coplin-draft-achar-13
project-pluto-data-centre,achar-1c-28
project-pluto-data-centre,achar-1b-13
project-pluto-data-centre,achar-240139-132-mccredie-road-guildford-west-final250728-13
project-pluto-data-centre,appendix-d-architectural-drawings-updated-2
project-pluto-data-centre,appendix-e-civil-drawings-updated-2
project-pluto-data-centre,appendix-b-noise-and-vibration-assessment-updated-2
project-pluto-data-centre,appendix-f-landscape-drawings-updated-2
project-pluto-data-centre,appendix-c-swept-path-analysis-updated-2
project-pluto-data-centre,appendix-g-endeavour-energy-letter-support-2
project-pluto-data-centre,appendix-response-submissions-table-292
project-pluto-data-centre,pluto-rts-cover-lettertable-2
project-pluto-data-centre,request-additional-information-13405
project-pluto-data-centre,rts-cphr-advice-part-2-2
project-pluto-data-centre,rts-cphr-advice-part-1-2
project-pluto-data-centre,appendix-c-water-cycle-management-plan-updated-0
project-pluto-data-centre,appendix-b-flood-impact-and-risk-assessment-updated-2
project-pluto-data-centre,pluto-rts-cover-letter-0
project-pluto-data-centre,appendix-response-submissions-table-293
project-pluto-data-centre,submissions-report-cphr-advice-1
project-pluto-data-centre,rfi-response-cphr-group-advice-1
project-pluto-data-centre,cphr-letter-ssd-69223466-0
project-pluto-data-centre,appendixa-responsetosubmissionstable-2
project-pluto-data-centre,pluto-rtscoverletter-1
project-pluto-data-centre,appendixc-watercyclemanagementplanupdated-1
project-pluto-data-centre,appendixb-floodimpactandriskassessmentupdated-1
project-pluto-data-centre,pluto-draft-conditions-gmg-comments
project-pluto-data-centre,pluto-draft-conditions-gmg-comments-2
project-pluto-data-centre,rfi-request-comment-draft-conditions-3575
project-pluto-data-centre,draft-determination-instrument-project-pluto-data-centre-1
project-pluto-data-centre,cphr-advice-letter-ssd-69223466-0
project-pluto-data-centre,appendix-response-submissions-table-297
project-pluto-data-centre,pluto-rts-cover-letter-2
project-pluto-data-centre,appendix-f-landscape-drawings-updated-5
project-pluto-data-centre,appendix-e-landscape-report-updated
project-pluto-data-centre,appendix-b-flood-impact-and-risk-assessment-updated-3
project-pluto-data-centre,appendix-d-civil-drawings-updated-0
project-pluto-data-centre,appendix-c-architectural-drawings-updated-0
project-pluto-data-centre,appendix-g-architectural-landscaping-drawings-updated
project-pluto-data-centre,appendix-b-flood-impact-and-risk-assessment-updated-4
project-pluto-data-centre,appendix-d-civil-drawings-updated-1
project-pluto-data-centre,appendix-c-holroyd-city-council-flood-study
project-pluto-data-centre,appendix-e-landscaping-report-updated
project-pluto-data-centre,appendix-f-landscaping-drawings-updated
project-pluto-data-centre,pluto-rts-cover-letter-3
project-pluto-data-centre,appendix-response-submissions-table-298
project-pluto-data-centre,cphradviceletter-ssd-69223466-0
project-pluto-data-centre,request-additional-information-13462
project-pluto-data-centre,cphr-advice-letter-ssd-69223466-1
project-pluto-data-centre,appendix-rfi-response-table
project-pluto-data-centre,pluto-rfi-response-cover-letter
project-pluto-data-centre,appendix-f-landscaping-drawings-updated-0
project-pluto-data-centre,appendix-e-landscaping-report-updated-0
project-pluto-data-centre,appendix-c-holroyd-city-council-flood-study-0
project-pluto-data-centre,appendix-d-civil-drawings-updated-2
project-pluto-data-centre,appendix-b-flood-impact-and-risk-assessment-updated-5
project-pluto-data-centre,project-pluto-dc-response-draft-conditions
project-pluto-data-centre,draft-determination-instrument-v2-project-pluto-dc
project-pluto-data-centre,rfi-request-comment-v2-draft-conditions
project-pluto-data-centre,project-plutorts070726
project-pluto-data-centre,request-additional-information-final
road-1-data-centre,eisroad-1-data-centrefinal-15
road-1-data-centre,appendix-sears-compliance-table-7331
road-1-data-centre,appendix-b-statutory-compliance-table-5903
road-1-data-centre,appendix-c-engagement-summary-table-58
road-1-data-centre,request-sears20250309233635-28
road-1-data-centre,appendix-d-mitigation-measures-table-1065
road-1-data-centre,appendix-e-architectural-plans-1054
road-1-data-centre,appendix-f-architectural-design-report-1199
road-1-data-centre,appendix-h-landscape-plans-790
road-1-data-centre,appendix-i-landscape-design-report-712
road-1-data-centre,appendix-j-air-quality-impact-assessment-375
road-1-data-centre,appendix-k-noise-and-vibration-impact-assessment-473
road-1-data-centre,appendix-l-infrastructure-requirements-report-15
road-1-data-centre,appendix-m-social-impact-assessment-746
road-1-data-centre,appendix-n-detailed-site-investigation-203
road-1-data-centre,appendix-o-geotechnical-report-7
road-1-data-centre,appendix-p-arboricultural-impact-assessment-503
road-1-data-centre,appendix-q-bca-compliance-report-57
road-1-data-centre,appendix-r-accessibility-dda-compliance-report-15
road-1-data-centre,appendix-s-transport-and-access-impact-assessment-15
road-1-data-centre,appendix-t-operational-waste-management-plan-80
road-1-data-centre,appendix-u-constructionwaste-management-plan-15
road-1-data-centre,appendix-v-water-management-plan-198
road-1-data-centre,appendix-w-acharredcated-15
road-1-data-centre,appendix-x-draft-letter-offer-58
road-1-data-centre,appendix-y-bdar-waiver-determination-letter-15
road-1-data-centre,appendix-z-engagement-outcomes-report-15
road-1-data-centre,appendix-aa-heritage-impact-assessment-15
road-1-data-centre,appendix-bb-flood-risk-assessment-54
road-1-data-centre,appendix-cc-esd-report-295
road-1-data-centre,appendix-dd-hazards-and-risk-report-57
road-1-data-centre,appendix-ee-survey-plan-15
road-1-data-centre,appendix-ff-visual-impact-assessment-167
road-1-data-centre,appendix-gg-environmental-wind-assessment-15
road-1-data-centre,appendix-hh-greenhouse-gas-assessment-15
road-1-data-centre,appendix-ii-public-domain-and-civil-engineering-plans-15
road-1-data-centre,appendix-jj-preliminary-construction-management-plan-15
road-1-data-centre,appendix-kk-groundwater-impact-assessment-15
road-1-data-centre,appendix-vv-drains-model-15
road-1-data-centre,nabers-embodied-emissions-materials-form-115
road-1-data-centre,application20250828055117-15
road-1-data-centre,appendix-g-edc-cover-letter-100
road-1-data-centre,swc-response-ssd-80814238-signed-0
road-1-data-centre,ssd-80814238-exhibition-notice-10
road-1-data-centre,subjectsitemacquarieparkkhartoumroad15-111
road-1-data-centre,subjectsitemacquarieparkkhartoumroad15-112
road-1-data-centre,subjectsitemacquarieparkkhartoumroad15shp-15
road-1-data-centre,subjectsitemacquarieparkkhartoumroad15-113
road-1-data-centre,subjectsitemacquarieparkkhartoumroad15-114
road-1-data-centre,subjectsitemacquarieparkkhartoumroad15-115
road-1-data-centre,subjectsitemacquarieparkkhartoumroad15-116
road-1-data-centre,subjectsitemacquarieparkkhartoumroad15-117
road-1-data-centre,mparkbuilding-hsearsdiagrams-54
road-1-data-centre,industry-specific-sears-data-storage-centres-590
road-1-data-centre,ssd-sears-industry-specific-cover-letter-6387
road-1-data-centre,1-5-khartoum-road-macquarie-park-data-centre-28
road-1-data-centre,mparkbuilding-hsearsdiagrams-55
road-1-data-centre,eis-advice-1-5-khartoum-road-build-h-datacentre-18
road-1-data-centre,ssd-80814238-receipt-4000004786-12
road-1-data-centre,ssd-80814238taxinvoice4000004786-14
road-1-data-centre,fee-breakdown20250901232215-14
road-1-data-centre,approved-fee20250901051710-14
road-1-data-centre,attachment-g-revised-air-quality-report
road-1-data-centre,attachment-d-revised-landscape-design-report
road-1-data-centre,attachment-b-revised-architectural-design-report-0
road-1-data-centre,attachment-cross-sectional-drawingask144
road-1-data-centre,mpark-road-1-data-centreresponse-submissions-report
road-1-data-centre,attachment-h-signage-and-linemarking-diagram
road-1-data-centre,attachment-e-revised-esd-report
road-1-data-centre,attachment-frevised-letter-offer
road-1-data-centre,attachment-c-swept-path-diagrams
road-1-data-centre,request-submissions-report-931
road-1-data-centre,ssd-ssi-notice-exhibition-letter-neighbouring-landow-16509
road-1-data-centre,ssd-ssi-exhibition-and-reexhibition-advertisement11092025-10
road-1-data-centre,cor-eis-submission-1-5-khartoum-rd-final-2
road-1-data-centre,cor-cover-letter-1-5-khartoum-road-2
road-1-data-centre,frnsw-eis-road-1-data-centre-9
road-1-data-centre,cphr-advice-letter-road-1-data-centre-ssd-80814238-0
road-1-data-centre,epa-response-eis-1-data-centre-4
road-1-data-centre,tfnsw-response-ssd-80814238-eis-6
road-1-data-centre,road-1-data-centre-ssd-80814238-2
road-1-data-centre,attachment-1-rts-response-1-5-khartoum-rd-blg-h
road-1-data-centre,cor-submission-cover-letter-1-5-khartoum-road-h
road-1-data-centre,ssd-80814238-road-1-dc-rts-cover-letter
road-1-data-centre,epa-response-submissions-53
road-1-data-centre,appendix-updated-edc
road-1-data-centre,appendix-b-traffic-response
road-1-data-centre,response-request-further-information-ssd-80814238
road-1-data-centre,request-additional-information-13575
road-1-data-centre,attachment-1-response-rts-1-5-khartoum-rd-blg-h-v2
road-1-data-centre,cor-cover-letter-rrts-1-5-khartoum-road-h
road-1-data-centre,response-rfi-ssd-80814238
road-1-data-centre,appendix-b-traffic-response-0
road-1-data-centre,appendix-updated-edc-0
road-1-data-centre,draft-conditions-consent-road-1-dc
road-1-data-centre,draft-ssd-determination-instrument
road-1-data-centre,rfi-request-comment-draft-conditions-3581
road-1-data-centre,final-draft-ssd-determination-instrument
road-1-data-centre,rfi-request-comment-draft-conditions-3626
roberts-road-data-centre-mod-1-height-increase,ssd-10330-mod-1-modifying-instrument-2
roberts-road-data-centre-mod-1-height-increase,visual-impact-assessment-184
roberts-road-data-centre-mod-1-height-increase,ssd-10330-mod-1-assessment-report-2
roberts-road-data-centre-mod-1-height-increase,architectural-plans-2707
roberts-road-data-centre-mod-1-height-increase,ssd-10330-mod-1-stamped-plans-0
roberts-road-data-centre-mod-1-height-increase,s4551a-modification-report-30
roberts-road-data-centre-mod-1-height-increase,noise-impact-statement-28
roberts-road-data-centre-mod-1-height-increase,fire-safety-compliance-statement-28
roberts-road-data-centre-mod-1-height-increase,consolidated-conditions-552
roberts-road-data-centre-mod-1-height-increase,ssd-10330-mod-1-letter-submitter
roberts-road-data-centre-mod-1-height-increase,ssd-10330-mod-1-letter-applicant
roberts-road-data-centre-mod-1-height-increase,ssd-10330-mod-1-notice-determination-not-required
roberts-road-data-centre-mod-1-height-increase,ssd-10330-mod-1-letter-submitter-0
roberts-road-data-centre-mod-1-height-increase,modification-application20231124025738-35
roberts-road-data-centre-mod-1-height-increase,ssd-10330-modification-application-owners-consent-35
roberts-road-data-centre-mod-1-height-increase,modification-requestroberts-road-data-centre-ssd-10330-47
roberts-road-data-centre-mod-1-height-increase,preliminary-acoustic-statement-47
roberts-road-data-centre-mod-1-height-increase,preliminary-architectural-plans-550
roberts-road-data-centre-mod-1-height-increase,ssd-10330-mod-1-receipt-22060833-psims-30
roberts-road-data-centre-mod-1-height-increase,ssd-10330-mod-1-invoice-22060833-psims-33
roberts-road-data-centre-mod-1-height-increase,fee-breakdown20231128050607-33
roberts-road-data-centre-mod-1-height-increase,approved-fee20231127224909-34
roberts-road-data-centre-mod-1-height-increase,advice-modification-council-18
roberts-road-data-centre-mod-1-height-increase,advice-modification-frnsw-94
roberts-road-data-centre-mod-1-height-increase,request-additional-information-ssd-10330-mod-1-23
roberts-road-data-centre-mod-1-height-increase,response-submissions-report-3572
roberts-road-data-centre-mod-1-height-increase,battery-rooms-arrangement-and-protection-statement-13
roberts-road-data-centre-mod-1-height-increase,fire-engineering-statement-33
roberts-road-data-centre-mod-1-height-increase,acoustic-response-statement-29
roberts-road-data-centre-mod-1-height-increase,visual-impact-assessment-185
roberts-road-data-centre-mod-1-height-increase,updated-architectural-plans-114
roberts-road-data-centre-mod-1-height-increase,request-additional-information-16012024-16
roberts-road-data-centre-mod-1-height-increase,updated-architectural-plans-115
roberts-road-data-centre-mod-1-height-increase,acoustic-response-statement-30
roberts-road-data-centre-mod-1-height-increase,fire-engineering-statement-34
roberts-road-data-centre-mod-1-height-increase,roberts-road-data-centre-rts-15
roberts-road-data-centre-mod-1-height-increase,response-letter-dphi-9-april-2024-7
roberts-road-data-centre-mod-1-height-increase,letter-out-dphi-response-amendment-report-9
roberts-road-data-centre-mod-1-height-increase,response-draft-conditions-108
roberts-road-data-centre-mod-1-height-increase,draft-consolidated-conditions-94
roberts-road-data-centre-mod-1-height-increase,draft-modifying-instrument-ssd-10330-mod-1-10
roberts-road-data-centre-mod-1-height-increase,rfi-request-comment-draft-conditions-1726
roberts-road-data-centre,updated-plans-and-mitigation-measures-0
roberts-road-data-centre,eisssd-10330-0
roberts-road-data-centre,ssd-10330-request-amended-sears-dpie-response-0
roberts-road-data-centre,17-roberts-road-request-sears-may-2019-0
roberts-road-data-centre,updated-substation-details-0
roberts-road-data-centre,appendix-sears-2345
roberts-road-data-centre,ssd-10330-request-amended-sears-september-2019-0
roberts-road-data-centre,ssd-10330-issued-sears-2-july-2019-0
roberts-road-data-centre,updated-air-quality-impact-assessment-1
roberts-road-data-centre,appendix-b-updated-sears-0
roberts-road-data-centre,ssd-10330-attachment-2-agency-responses-0
roberts-road-data-centre,ssd-10330-additional-information-epa-response-0
roberts-road-data-centre,appendix-c-blacktown-dcp-compliance-table-0
roberts-road-data-centre,minor-fencing-change-0
roberts-road-data-centre,appendix-d-survey-223
roberts-road-data-centre,appendix-e-architecture-drawings-0
roberts-road-data-centre,appendix-f-landscape-design-package-0
roberts-road-data-centre,appendix-g-visual-impact-assessment-report-0
roberts-road-data-centre,appendix-h-civ-statement-exhibition-0
roberts-road-data-centre,appendix-i-geotechnical-assessment-report-0
roberts-road-data-centre,appendix-j-achar-public-exhibition-0
roberts-road-data-centre,appendix-k-transport-and-traffic-assessment-0
roberts-road-data-centre,appendix-l-fire-compliance-report-0
roberts-road-data-centre,appendix-m-bdar-1
roberts-road-data-centre,appendix-n-noise-and-vibration-assessment-report-0
roberts-road-data-centre,appendix-o-air-quality-assessment-report-0
roberts-road-data-centre,appendix-p-preliminary-site-investigation-report-0
roberts-road-data-centre,appendix-q-esd-report-228
roberts-road-data-centre,appendix-r-hydraulic-services-statement-0
roberts-road-data-centre,appendix-s-stormwater-management-plan-59
roberts-road-data-centre,appendix-t-soil-and-water-management-plan-0
roberts-road-data-centre,appendix-u-civil-package-0
roberts-road-data-centre,appendix-v-service-infrastructure-statement-0
roberts-road-data-centre,appendix-w-waste-management-plan-389
roberts-road-data-centre,appendix-x-arboricultural-impact-assessment-5
roberts-road-data-centre,appendix-y-community-engagement-report-0
roberts-road-data-centre,appendix-z-sepp-no33-review-0
roberts-road-data-centre,appendix-aa-dangerous-goods-design-review-0
roberts-road-data-centre,appendix-bb-dpie-response-bdar-waiver-request-0
roberts-road-data-centre,ssd-10330-landowners-consent-0
roberts-road-data-centre,ssd-10330-political-donation-disclosure-0
roberts-road-data-centre,ssd-10330-assessment-report-0
roberts-road-data-centre,ssd-10330-development-consent-0
roberts-road-data-centre,ssd-10330-notice-decision-0
roberts-road-data-centre,cdc-data-centres-response-warning-letter
roberts-road-data-centre,ssd-10330-stamped-plans-0
roberts-road-data-centre,assessment-report-recommendation-214
roberts-road-data-centre,development-consent-recommendation-28
roberts-road-data-centre,ssd-10330-rts-bcc-response-0
roberts-road-data-centre,application20191128052749-0
roberts-road-data-centre,appendix-h-capital-investment-value-statement-0
roberts-road-data-centre,appendix-j-achar-2
roberts-road-data-centre,issued-sears-cover-letter02072019054728-0
roberts-road-data-centre,site-map-17-roberts-road-eastern-creek-0
roberts-road-data-centre,scoping-meeting-request20190328233357-0
roberts-road-data-centre,receipt-22041670-ssd-10330-psims-0
roberts-road-data-centre,invoice-22041670-ssd-10330-psims-0
roberts-road-data-centre,fee-breakdown20191201233018-0
roberts-road-data-centre,dpie-request-rts-52
roberts-road-data-centre,response-submissions-report-2643
roberts-road-data-centre,appendix-updated-architectural-plan-3
roberts-road-data-centre,appendix-b-updated-landscape-masterplan-3
roberts-road-data-centre,appendix-c-updated-air-quality-report-3
roberts-road-data-centre,appendix-d-addendum-acoustic-assessment-report-3
roberts-road-data-centre,appendix-e-updated-sepp-33-review-3
roberts-road-data-centre,appendix-f-updated-dangerous-goods-assessment-3
roberts-road-data-centre,appendix-g-updated-waste-management-plan-3
roberts-road-data-centre,appendix-h-updated-service-infrastructure-report-3
roberts-road-data-centre,appendix-i-updated-fire-compliance-report-3
roberts-road-data-centre,appendix-j-updated-bdar-5
roberts-road-data-centre,appendix-k-hydraulic-services-response-statement-3
roberts-road-data-centre,b000936-v2-fcc-final-signed-ad-proof-0
roberts-road-data-centre,b000936-v2-ba-final-signed-ad-proof-0
roberts-road-data-centre,ssd-exhibition-template29112019051459-0
roberts-road-data-centre,epa-comment-eis-roberts-rd-data-centre-ssd10330-0
roberts-road-data-centre,20200129-tfnsw-response-6
roberts-road-data-centre,tfnsw-response-17-roberts-road-eastern-creek-0
roberts-road-data-centre,waternsw-response-roberts-rd-data-centre-ssd10330-0
roberts-road-data-centre,scanned-signed-letter-ssd-10330
roberts-road-data-centre,appendix-updated-architectural-plan-4
roberts-road-data-centre,appendix-b-updated-landscape-masterplan-4
roberts-road-data-centre,appendix-c-updated-air-quality-report-4
roberts-road-data-centre,appendix-d-addendum-acoustic-assessment-report-4
roberts-road-data-centre,appendix-e-updated-sepp-33-review-4
roberts-road-data-centre,appendix-f-updated-dangerous-goods-assessment-4
roberts-road-data-centre,appendix-g-updated-waste-management-plan-4
roberts-road-data-centre,appendix-h-updated-service-infrastructure-report-4
roberts-road-data-centre,appendix-i-updated-fire-compliance-report-4
roberts-road-data-centre,appendix-j-updated-bdar-6
roberts-road-data-centre,appendix-k-hydraulic-services-response-statement-4
roberts-road-data-centre,response-submissions-report-2644
roberts-road-data-centre,ssd-10330-rts-epa-response-0
roberts-road-data-centre,appendix-updated-architectural-plan-5
roberts-road-data-centre,appendix-b-updated-landscape-masterplan-5
roberts-road-data-centre,appendix-c-updated-air-quality-report-5
roberts-road-data-centre,appendix-d-addendum-acoustic-assessment-report-5
roberts-road-data-centre,appendix-e-updated-sepp-33-review-5
roberts-road-data-centre,appendix-f-updated-dangerous-goods-assessment-5
roberts-road-data-centre,appendix-g-updated-waste-management-plan-5
roberts-road-data-centre,appendix-h-updated-service-infrastructure-report-5
roberts-road-data-centre,appendix-i-updated-fire-compliance-report-5
roberts-road-data-centre,appendix-j-updated-bdar-7
roberts-road-data-centre,appendix-k-hydraulic-services-response-statement-5
roberts-road-data-centre,response-submissions-report-2645
roberts-road-data-centre,ssd-10330-rts-eesg-response-0
roberts-road-data-centre,appendix-updated-architectural-plan-6
roberts-road-data-centre,appendix-b-updated-landscape-masterplan-6
roberts-road-data-centre,appendix-c-updated-air-quality-report-6
roberts-road-data-centre,appendix-d-addendum-acoustic-assessment-report-6
roberts-road-data-centre,appendix-e-updated-sepp-33-review-6
roberts-road-data-centre,appendix-f-updated-dangerous-goods-assessment-6
roberts-road-data-centre,appendix-g-updated-waste-management-plan-6
roberts-road-data-centre,appendix-h-updated-service-infrastructure-report-6
roberts-road-data-centre,appendix-i-updated-fire-compliance-report-6
roberts-road-data-centre,appendix-j-updated-bdar-8
roberts-road-data-centre,appendix-k-hydraulic-services-response-statement-6
roberts-road-data-centre,response-submissions-report-2646
roberts-road-data-centre,ssd-10330-draft-conditionsurbi-0
roberts-road-data-centre,rfi-request-comment-draft-conditions2606202011515-0
roberts-road-data-centre,20200626-ssd-10330-development-consent-draft-0
roberts-road-data-centre,b001706-fcc-final-signed-ad-proof-0
roberts-road-data-centre,determination-advertisement22072020115646-0
roberts-road-data-centre,actual-publication-date-126
roberts-road-dc-mod-2-additional-back-generators-and-diesel-storage,appendix-b-architectural-plans-3811
roberts-road-dc-mod-2-additional-back-generators-and-diesel-storage,appendix-g-visual-impact-assessment-499
roberts-road-dc-mod-2-additional-back-generators-and-diesel-storage,appendix-d-site-suitability-assessment-6
roberts-road-dc-mod-2-additional-back-generators-and-diesel-storage,appendix-c-air-quality-impact-assessment-68
roberts-road-dc-mod-2-additional-back-generators-and-diesel-storage,modification-report-roberts-road-data-centregenerators-12
roberts-road-dc-mod-2-additional-back-generators-and-diesel-storage,appendix-h-ghg-assessment-report-6
roberts-road-dc-mod-2-additional-back-generators-and-diesel-storage,appendix-f-combustible-fuel-storage-assessment-6
roberts-road-dc-mod-2-additional-back-generators-and-diesel-storage,appendix-updated-mitigation-measures-96
roberts-road-dc-mod-2-additional-back-generators-and-diesel-storage,ssd-10330-modification-application-owners-consent-49
roberts-road-dc-mod-2-additional-back-generators-and-diesel-storage,blank-notice
roberts-road-dc-mod-2-additional-back-generators-and-diesel-storage,ssd-10330-mod-2-assessment-report
roberts-road-dc-mod-2-additional-back-generators-and-diesel-storage,consolidated-conditions-928
roberts-road-dc-mod-2-additional-back-generators-and-diesel-storage,ssd-10330-mod-2-instrument
roberts-road-dc-mod-2-additional-back-generators-and-diesel-storage,ssd-10330-mod-2-stamped-plans
roberts-road-dc-mod-2-additional-back-generators-and-diesel-storage,15-ssd-xxxxxxxx-notice-determination-not-required-4
roberts-road-dc-mod-2-additional-back-generators-and-diesel-storage,ssd-10330-mod-2-notice-determination-council
roberts-road-dc-mod-2-additional-back-generators-and-diesel-storage,ssd-10330-mod-2-notice-determination-applicant
roberts-road-dc-mod-2-additional-back-generators-and-diesel-storage,appendix-aupdated-measures-march
roberts-road-dc-mod-2-additional-back-generators-and-diesel-storage,response-draft-conditions-183
roberts-road-dc-mod-2-additional-back-generators-and-diesel-storage,att-c-updated-combustible-fuel-storage-report
roberts-road-dc-mod-2-additional-back-generators-and-diesel-storage,consolidated-conditions-ssd-10330-draft-epa-comment
roberts-road-dc-mod-2-additional-back-generators-and-diesel-storage,rts-lettercdc-eastern-creeks-mod-2-9
roberts-road-dc-mod-2-additional-back-generators-and-diesel-storage,attachment-gupdated-modification-report-9
roberts-road-dc-mod-2-additional-back-generators-and-diesel-storage,attachment-fletter-response-frnsw-9
roberts-road-dc-mod-2-additional-back-generators-and-diesel-storage,attachment-egenerator-location-plan-9
roberts-road-dc-mod-2-additional-back-generators-and-diesel-storage,attachment-dstormwater-management-plan-9
roberts-road-dc-mod-2-additional-back-generators-and-diesel-storage,attachment-c-fuel-storage-assessment-9
roberts-road-dc-mod-2-additional-back-generators-and-diesel-storage,attachment-bacoustic-response-submissions-9
roberts-road-dc-mod-2-additional-back-generators-and-diesel-storage,attachment-aupdated-aqia-9
roberts-road-dc-mod-2-additional-back-generators-and-diesel-storage,appendix-e-noise-impact-assessment-updated-6
roberts-road-dc-mod-2-additional-back-generators-and-diesel-storage,modification-application20250929040953-11
roberts-road-dc-mod-2-additional-back-generators-and-diesel-storage,modification-application20250929033916-11
roberts-road-dc-mod-2-additional-back-generators-and-diesel-storage,issued-reject-modification-report-1217
roberts-road-dc-mod-2-additional-back-generators-and-diesel-storage,modification-application20250924113158-12
roberts-road-dc-mod-2-additional-back-generators-and-diesel-storage,appendix-e-noise-impact-assessment-343
roberts-road-dc-mod-2-additional-back-generators-and-diesel-storage,modification-request-roberts-road-data-centregenerators-19
roberts-road-dc-mod-2-additional-back-generators-and-diesel-storage,ssd-10330-mod-2-receipt-4000005043-7
roberts-road-dc-mod-2-additional-back-generators-and-diesel-storage,ssd-10330-mod-2taxinvoice4000005043-11
roberts-road-dc-mod-2-additional-back-generators-and-diesel-storage,fee-breakdown20250929231504-11
roberts-road-dc-mod-2-additional-back-generators-and-diesel-storage,approved-fee20250929042758-11
roberts-road-dc-mod-2-additional-back-generators-and-diesel-storage,council-mod-report-response-41125-2
roberts-road-dc-mod-2-additional-back-generators-and-diesel-storage,epa-mod-report-response-231025-2
roberts-road-dc-mod-2-additional-back-generators-and-diesel-storage,frnsw-mod-report-response-2
roberts-road-dc-mod-2-additional-back-generators-and-diesel-storage,epa-rts-response-41225-0
roberts-road-dc-mod-2-additional-back-generators-and-diesel-storage,frnsw-rts-response-41225-0
roberts-road-dc-mod-2-additional-back-generators-and-diesel-storage,attachment-dstormwater-management-plan-10
roberts-road-dc-mod-2-additional-back-generators-and-diesel-storage,attachment-bacoustic-response-submissions-10
roberts-road-dc-mod-2-additional-back-generators-and-diesel-storage,attachment-aupdated-aqia-10
roberts-road-dc-mod-2-additional-back-generators-and-diesel-storage,attachment-gupdated-modification-report-10
roberts-road-dc-mod-2-additional-back-generators-and-diesel-storage,rts-lettercdc-eastern-creeks-mod-2-10
roberts-road-dc-mod-2-additional-back-generators-and-diesel-storage,attachment-egenerator-location-plan-10
roberts-road-dc-mod-2-additional-back-generators-and-diesel-storage,attachment-c-fuel-storage-assessment-10
roberts-road-dc-mod-2-additional-back-generators-and-diesel-storage,attachment-fletter-response-frnsw-10
roberts-road-dc-mod-2-additional-back-generators-and-diesel-storage,attachment-dstormwater-management-plan-and-cover-letter
roberts-road-dc-mod-2-additional-back-generators-and-diesel-storage,attachment-aupdated-aqia-and-cover-letter
roberts-road-dc-mod-2-additional-back-generators-and-diesel-storage,attachment-bacoustic-response-submissions-11
roberts-road-dc-mod-2-additional-back-generators-and-diesel-storage,attachment-gupdated-modification-report-11
roberts-road-dc-mod-2-additional-back-generators-and-diesel-storage,attachment-cupdated-combustible-fuel-storage-assessment
roberts-road-dc-mod-2-additional-back-generators-and-diesel-storage,attachment-hghg-independent-reviewer-report
roberts-road-dc-mod-2-additional-back-generators-and-diesel-storage,attachment-egenerator-location-plan-11
roberts-road-dc-mod-2-additional-back-generators-and-diesel-storage,attachment-ighg-responses
roberts-road-dc-mod-2-additional-back-generators-and-diesel-storage,response-submissions-letter11122025
roberts-road-dc-mod-2-additional-back-generators-and-diesel-storage,attachment-fletter-response-frnsw-11
roberts-road-dc-mod-2-additional-back-generators-and-diesel-storage,request-additional-information-13214
roberts-road-dc-mod-2-additional-back-generators-and-diesel-storage,council-rts-response-81225
roberts-road-dc-mod-2-additional-back-generators-and-diesel-storage,attachment-fletter-response-frnsw-12
roberts-road-dc-mod-2-additional-back-generators-and-diesel-storage,attachment-egenerator-location-plan-12
roberts-road-dc-mod-2-additional-back-generators-and-diesel-storage,rts-lettercdc-eastern-creeks-mod-2-11
roberts-road-dc-mod-2-additional-back-generators-and-diesel-storage,attachment-gupdated-modification-report-12
roberts-road-dc-mod-2-additional-back-generators-and-diesel-storage,attachment-c-fuel-storage-assessment-11
roberts-road-dc-mod-2-additional-back-generators-and-diesel-storage,attachment-aupdated-aqia-11
roberts-road-dc-mod-2-additional-back-generators-and-diesel-storage,attachment-bacoustic-response-submissions-12
roberts-road-dc-mod-2-additional-back-generators-and-diesel-storage,attachment-dstormwater-management-plan-11
roberts-road-dc-mod-2-additional-back-generators-and-diesel-storage,letter-out-frnsw-roberts-road-data-centre
roberts-road-dc-mod-2-additional-back-generators-and-diesel-storage,attachmentfletterresponsetofrnsw
roberts-road-dc-mod-2-additional-back-generators-and-diesel-storage,attachmentcupdatedcombustiblefuelstorageassessment
roberts-road-dc-mod-2-additional-back-generators-and-diesel-storage,attachmentbacousticresponsetosubmissions
roberts-road-dc-mod-2-additional-back-generators-and-diesel-storage,attachmentaupdatedaqiaandcoverletter
roberts-road-dc-mod-2-additional-back-generators-and-diesel-storage,attachmenthghgindependentreviewerreport
roberts-road-dc-mod-2-additional-back-generators-and-diesel-storage,attachmentighgresponses
roberts-road-dc-mod-2-additional-back-generators-and-diesel-storage,attachmentegeneratorlocationplan
roberts-road-dc-mod-2-additional-back-generators-and-diesel-storage,attachmentgupdatedmodificationreport
roberts-road-dc-mod-2-additional-back-generators-and-diesel-storage,responsetosubmissionsletter11122025
roberts-road-dc-mod-2-additional-back-generators-and-diesel-storage,attachmentdstormwatermanagementplanandcoverletter
roberts-road-dc-mod-2-additional-back-generators-and-diesel-storage,epa-response-mod-2-roberts-rd-dc-160126
roberts-road-dc-mod-2-additional-back-generators-and-diesel-storage,attachmentfletterresponsetofrnsw-0
roberts-road-dc-mod-2-additional-back-generators-and-diesel-storage,attachmentcupdatedcombustiblefuelstorageassessment-0
roberts-road-dc-mod-2-additional-back-generators-and-diesel-storage,attachmentbacousticresponsetosubmissions-0
roberts-road-dc-mod-2-additional-back-generators-and-diesel-storage,attachmentaupdatedaqiaandcoverletter-0
roberts-road-dc-mod-2-additional-back-generators-and-diesel-storage,attachmenthghgindependentreviewerreport-0
roberts-road-dc-mod-2-additional-back-generators-and-diesel-storage,attachmentighgresponses-0
roberts-road-dc-mod-2-additional-back-generators-and-diesel-storage,attachmentegeneratorlocationplan-0
roberts-road-dc-mod-2-additional-back-generators-and-diesel-storage,attachmentgupdatedmodificationreport-0
roberts-road-dc-mod-2-additional-back-generators-and-diesel-storage,responsetosubmissionsletter11122025-0
roberts-road-dc-mod-2-additional-back-generators-and-diesel-storage,attachmentdstormwatermanagementplanandcoverletter-0
roberts-road-dc-mod-2-additional-back-generators-and-diesel-storage,consolidated-conditions-draft-mark
roberts-road-dc-mod-2-additional-back-generators-and-diesel-storage,rts-draft-conditions-consentroberts-rd-data-centre
roberts-road-dc-mod-2-additional-back-generators-and-diesel-storage,rfi-request-comment-draft-conditions-3056
roberts-road-dc-mod-2-additional-back-generators-and-diesel-storage,consolidated-conditions-draft-information
roberts-road-dc-mod-2-additional-back-generators-and-diesel-storage,ssd-10330-mod-2-draft-instrument
roberts-road-dc-mod-2-additional-back-generators-and-diesel-storage,consolidated-conditions-ssd-10330-draft-epa-comment-0
roberts-road-dc-mod-4-changes-operational-infrastructure,modification-application20260813051406
roberts-road-dc-mod-4-changes-operational-infrastructure,appendix-istormwater-management-plan
roberts-road-dc-mod-4-changes-operational-infrastructure,appendix-klandscape-plans-66
roberts-road-dc-mod-4-changes-operational-infrastructure,appendix-gvisual-impact-assessment-105
roberts-road-dc-mod-4-changes-operational-infrastructure,appendix-dsite-suitability-assessment-5
roberts-road-dc-mod-4-changes-operational-infrastructure,appendix-enoise-impact-assessment-5
roberts-road-dc-mod-4-changes-operational-infrastructure,appendix-barchitectural-plans-268
roberts-road-dc-mod-4-changes-operational-infrastructure,appendix-cair-quality-impact-assessment-5
roberts-road-dc-mod-4-changes-operational-infrastructure,modification-report-roberts-road-data-centremod-4
roberts-road-dc-mod-4-changes-operational-infrastructure,appendix-lpreliminary-risk-screening
roberts-road-dc-mod-4-changes-operational-infrastructure,appendix-fcombustible-fuel-storage-assessment-5
roberts-road-dc-mod-4-changes-operational-infrastructure,appendix-hgreenhouse-gas-assessment
roberts-road-dc-mod-4-changes-operational-infrastructure,appendix-mwaste-management-plan-2
roberts-road-dc-mod-4-changes-operational-infrastructure,appendix-jtraffic-impact-assessment-1
roberts-road-dc-mod-4-changes-operational-infrastructure,appendix-nghg-peer-review
roberts-road-dc-mod-4-changes-operational-infrastructure,ssd-10330-modification-application-owners-consent-50
roberts-road-dc-mod-4-changes-operational-infrastructure,appendix-aupdated-mitigation-measures-5
roberts-road-dc-mod-4-changes-operational-infrastructure,appendix-aupdated-mitigation-measures-6
roberts-road-dc-mod-4-changes-operational-infrastructure,appendix-jtraffic-impact-assessment-2
roberts-road-dc-mod-4-changes-operational-infrastructure,appendix-mwaste-management-plan-3
roberts-road-dc-mod-4-changes-operational-infrastructure,appendix-hgreenhouse-gas-assessment-0
roberts-road-dc-mod-4-changes-operational-infrastructure,appendix-lpreliminary-risk-screening-0
roberts-road-dc-mod-4-changes-operational-infrastructure,appendix-fcombustible-fuel-storage-assessment-6
roberts-road-dc-mod-4-changes-operational-infrastructure,modification-report-roberts-road-data-centremod-4-0
roberts-road-dc-mod-4-changes-operational-infrastructure,appendix-cair-quality-impact-assessment-6
roberts-road-dc-mod-4-changes-operational-infrastructure,appendix-barchitectural-plans-269
roberts-road-dc-mod-4-changes-operational-infrastructure,appendix-enoise-impact-assessment-6
roberts-road-dc-mod-4-changes-operational-infrastructure,appendix-dsite-suitability-assessment-6
roberts-road-dc-mod-4-changes-operational-infrastructure,appendix-gvisual-impact-assessment-106
roberts-road-dc-mod-4-changes-operational-infrastructure,appendix-klandscape-plans-67
roberts-road-dc-mod-4-changes-operational-infrastructure,appendix-istormwater-management-plan-0
roberts-road-dc-mod-4-changes-operational-infrastructure,ssd-10330-mod-4taxinvoice4000008405
roberts-road-dc-mod-4-changes-operational-infrastructure,fee-breakdown20260819233713
roberts-road-dc-mod-4-changes-operational-infrastructure,approved-fee20260816233412
roberts-road-dc-mod-4-changes-operational-infrastructure,acoustic-response-rfi
roberts-road-dc-mod-4-changes-operational-infrastructure,rfi-21082026
stack-syd01-data-centre-erskine-park,eis78-lockwood-road-data-centre-2
stack-syd01-data-centre-erskine-park,appendix-sears-compliance-table-7632
stack-syd01-data-centre-erskine-park,appendix-b-statutory-compliance-table-6146
stack-syd01-data-centre-erskine-park,appendix-c-proposed-mitigation-measures-table-2
stack-syd01-data-centre-erskine-park,planning-cover-letter-78-lockwood-road-12
stack-syd01-data-centre-erskine-park,appendix-d-engagement-summary-table-291
stack-syd01-data-centre-erskine-park,request-sears20250407234709-12
stack-syd01-data-centre-erskine-park,appendix-e-architecutral-drawings-2
stack-syd01-data-centre-erskine-park,appendix-f-architectural-design-report-1257
stack-syd01-data-centre-erskine-park,appendix-g-edc-cover-letter-106
stack-syd01-data-centre-erskine-park,appendix-h-survey-plan-858
stack-syd01-data-centre-erskine-park,appendix-i-bca-report-289
stack-syd01-data-centre-erskine-park,appendix-j-access-capability-report-2
stack-syd01-data-centre-erskine-park,appendix-k-landscape-design-report-422
stack-syd01-data-centre-erskine-park,appendix-l-air-quality-impact-assessment-186
stack-syd01-data-centre-erskine-park,appendix-m-noise-and-vibration-impact-assessment-225
stack-syd01-data-centre-erskine-park,appendix-n-infrastructure-requirements-report-2
stack-syd01-data-centre-erskine-park,appendix-o-backup-power-report-2
stack-syd01-data-centre-erskine-park,appendix-p-social-impact-assessment-545
stack-syd01-data-centre-erskine-park,appendix-q-detailed-site-investigation-228
stack-syd01-data-centre-erskine-park,appendix-r-groundwater-impact-assessment-2
stack-syd01-data-centre-erskine-park,appendix-s-salinity-management-plan-91
stack-syd01-data-centre-erskine-park,appendix-t-geotechnical-report-260
stack-syd01-data-centre-erskine-park,appendix-u-transport-impact-assessment-36
stack-syd01-data-centre-erskine-park,appendix-v-construction-traffic-management-plan-250
stack-syd01-data-centre-erskine-park,appendix-w-green-travel-plan-297
stack-syd01-data-centre-erskine-park,appendix-x-operational-waste-management-plan-247
stack-syd01-data-centre-erskine-park,appendix-y-construction-waste-management-plan-9
stack-syd01-data-centre-erskine-park,appendix-z-bushfire-hazard-assessment-2
stack-syd01-data-centre-erskine-park,appendix-za-achar-2
stack-syd01-data-centre-erskine-park,appendix-zb-bdar-waiver-request-2
stack-syd01-data-centre-erskine-park,appendix-zc-engagement-report-2
stack-syd01-data-centre-erskine-park,appendix-zd-flood-impact-risk-assessment-2
stack-syd01-data-centre-erskine-park,appendix-ze-esd-report-2
stack-syd01-data-centre-erskine-park,appendix-zf-hazards-and-risk-screening-report-2
stack-syd01-data-centre-erskine-park,appendix-zg-dangerous-goods-report-2
stack-syd01-data-centre-erskine-park,appendix-zh-visual-impact-assessment-2
stack-syd01-data-centre-erskine-park,appendix-zi-greenhouse-gas-assessment-2
stack-syd01-data-centre-erskine-park,appendix-zj-civil-engineering-plans-2
stack-syd01-data-centre-erskine-park,appendix-zk-integrated-water-management-plan-2
stack-syd01-data-centre-erskine-park,appendix-zm-bdar-waiver-2
stack-syd01-data-centre-erskine-park,application20251111070754-2
stack-syd01-data-centre-erskine-park,full-edc-report-confidential-2
stack-syd01-data-centre-erskine-park,amended-application20260327015659
stack-syd01-data-centre-erskine-park,appendix-zl-embodied-emissions-materials-form-2
stack-syd01-data-centre-erskine-park,placeholder-document-13
stack-syd01-data-centre-erskine-park,supercedededc-cover-letter-2
stack-syd01-data-centre-erskine-park,s37-amendment-request-letterstack-syd01-1
stack-syd01-data-centre-erskine-park,appendix-zu-supplementary-psi
stack-syd01-data-centre-erskine-park,appendix-zo-arboricultural-impact-assessment-hv-works
stack-syd01-data-centre-erskine-park,appendix-zm-external-hv-works-plans
stack-syd01-data-centre-erskine-park,appendix-q-revised-detailed-site-investigation
stack-syd01-data-centre-erskine-park,appendix-e-revised-architectural-drawings-270
stack-syd01-data-centre-erskine-park,appendix-zk-revised-integrated-water-management-plan
stack-syd01-data-centre-erskine-park,appendix-zj-revised-engineering-plans
stack-syd01-data-centre-erskine-park,appendix-r-revised-groundwater-impact-assessment
stack-syd01-data-centre-erskine-park,appendix-t-revised-geotechnical-investigation
stack-syd01-data-centre-erskine-park,appendix-zq-infrastructure-requirement-reports-hv-works
stack-syd01-data-centre-erskine-park,appendix-zh-revised-visual-impact-assessment
stack-syd01-data-centre-erskine-park,appendix-zd-revised-flood-impact-risk-assessment
stack-syd01-data-centre-erskine-park,appendix-f-revised-architectural-design-report-4
stack-syd01-data-centre-erskine-park,appendix-u-revised-transport-impact-assessment
stack-syd01-data-centre-erskine-park,appendix-s-revised-salinity-management-plan
stack-syd01-data-centre-erskine-park,appendix-l-revised-air-quality-impact-assessment
stack-syd01-data-centre-erskine-park,appendix-w-revised-green-travel-plan
stack-syd01-data-centre-erskine-park,appendix-za-revised-achar
stack-syd01-data-centre-erskine-park,appendix-v-revised-construction-traffic-management-plan
stack-syd01-data-centre-erskine-park,appendix-m-revised-noise-and-vibration-impact-assessment
stack-syd01-data-centre-erskine-park,appendix-k-revised-landscape-design-report-4
stack-syd01-data-centre-erskine-park,appendix-zr-supplementary-cnva
stack-syd01-data-centre-erskine-park,appendix-zb-revised-bdar-waiver-request
stack-syd01-data-centre-erskine-park,appendix-zs-supplementary-groundwater-impact-assessment
stack-syd01-data-centre-erskine-park,appendix-zn-caqa-hv-works
stack-syd01-data-centre-erskine-park,submissions-and-amendments-report-79
stack-syd01-data-centre-erskine-park,appendix-z-revised-bushfire-hazard-assessment
stack-syd01-data-centre-erskine-park,appendix-p-revised-social-impact-assessment
stack-syd01-data-centre-erskine-park,appendix-zp-supplementary-ctmp
stack-syd01-data-centre-erskine-park,appendix-zi-revised-greenhouse-gas-assessment
stack-syd01-data-centre-erskine-park,appendix-o-revised-backup-power-system-report
stack-syd01-data-centre-erskine-park,appendix-i-revised-bca-compliance-report-4
stack-syd01-data-centre-erskine-park,appendix-zg-revised-dangerous-goods-report
stack-syd01-data-centre-erskine-park,appendix-zf-revised-hazards-and-risk-screening-report
stack-syd01-data-centre-erskine-park,appendix-n-revised-infrastructure-and-utility-report
stack-syd01-data-centre-erskine-park,appendix-zv-bdar-waiver-78-lockwood-road
stack-syd01-data-centre-erskine-park,appendix-x-revised-operational-waste-management-plan
stack-syd01-data-centre-erskine-park,appendix-g-revised-estimated-development-cost
stack-syd01-data-centre-erskine-park,appendix-zt-supplementary-achar-addendum
stack-syd01-data-centre-erskine-park,appendix-ze-revised-esd-report
stack-syd01-data-centre-erskine-park,appendix-zl-revised-embodied-emissions-materials-form
stack-syd01-data-centre-erskine-park,appendix-zc-revised-engagement-and-consultation-report
stack-syd01-data-centre-erskine-park,appendix-y-revised-construction-waste-management-plan
stack-syd01-data-centre-erskine-park,appendix-j-revised-access-capability-report
stack-syd01-data-centre-erskine-park,appendix-b-revised-statutory-compliance-table-53
stack-syd01-data-centre-erskine-park,appendix-response-submissions-6
stack-syd01-data-centre-erskine-park,appendix-zu-unexpected-finds-protocol-external-hv-works
stack-syd01-data-centre-erskine-park,appendix-d-revised-engagement-summary-table
stack-syd01-data-centre-erskine-park,appendix-c-revised-mitigation-measures-table-30
stack-syd01-data-centre-erskine-park,additional-matters-rts-amendment-letter
stack-syd01-data-centre-erskine-park,swc-advice-amendment
stack-syd01-data-centre-erskine-park,appendix-h-amendment-survey-plan
stack-syd01-data-centre-erskine-park,amendment-acceptance-letter-2710
stack-syd01-data-centre-erskine-park,additional-matters-submissions-report-letter-114
stack-syd01-data-centre-erskine-park,p0056858siteboundary1125-2
stack-syd01-data-centre-erskine-park,industry-specific-sears-data-storage-centres9174166-10
stack-syd01-data-centre-erskine-park,ssd-sears-industry-specific-cover-letter-6411
stack-syd01-data-centre-erskine-park,concept-plans-78-lockwood-road-12
stack-syd01-data-centre-erskine-park,ssd-82211208-receipt-4000005576-0
stack-syd01-data-centre-erskine-park,ssd-82211208taxinvoice4000005576-2
stack-syd01-data-centre-erskine-park,fee-breakdown20251117003539-2
stack-syd01-data-centre-erskine-park,approved-fee20251114041229-2
stack-syd01-data-centre-erskine-park,appendix-t-revised-geotechnical-investigation-0
stack-syd01-data-centre-erskine-park,appendix-r-revised-groundwater-impact-assessment-0
stack-syd01-data-centre-erskine-park,appendix-zj-revised-engineering-plans-0
stack-syd01-data-centre-erskine-park,appendix-zk-revised-integrated-water-management-plan-0
stack-syd01-data-centre-erskine-park,appendix-zm-external-hv-works-plans-0
stack-syd01-data-centre-erskine-park,appendix-zo-arborist-report-external-hv-works
stack-syd01-data-centre-erskine-park,appendix-zu-psi-external-hv-works
stack-syd01-data-centre-erskine-park,appendix-e-revised-architectural-drawings-271
stack-syd01-data-centre-erskine-park,appendix-q-revised-detailed-site-investigation-0
stack-syd01-data-centre-erskine-park,appendix-zq-infrastructure-report-external-hv-works
stack-syd01-data-centre-erskine-park,appendix-zh-revised-visual-impact-assessment-0
stack-syd01-data-centre-erskine-park,appendix-zd-revised-flood-impact-risk-assessment-0
stack-syd01-data-centre-erskine-park,appendix-w-revised-green-travel-plan-0
stack-syd01-data-centre-erskine-park,appendix-za-revised-achar-0
stack-syd01-data-centre-erskine-park,appendix-v-revised-construction-traffic-management-plan-0
stack-syd01-data-centre-erskine-park,appendix-zr-supplementary-nvia-external-hv-work
stack-syd01-data-centre-erskine-park,appendix-zb-revised-bdar-waiver-request-0
stack-syd01-data-centre-erskine-park,appendix-zs-groundwater-assessment-external-hv-works
stack-syd01-data-centre-erskine-park,appendix-f-revised-architectural-design-report-5
stack-syd01-data-centre-erskine-park,appendix-l-revised-air-quality-impact-assessment-0
stack-syd01-data-centre-erskine-park,appendix-u-revised-transport-impact-assessment-0
stack-syd01-data-centre-erskine-park,appendix-zn-air-quality-assessment-external-hv-works
stack-syd01-data-centre-erskine-park,appendix-s-revised-salinity-management-plan-0
stack-syd01-data-centre-erskine-park,appendix-m-revised-noise-and-vibration-impact-assessment-0
stack-syd01-data-centre-erskine-park,appendix-z-revised-bushfire-hazard-assessment-0
stack-syd01-data-centre-erskine-park,submissions-and-amendments-report-80
stack-syd01-data-centre-erskine-park,appendix-k-revised-landscape-design-report-5
stack-syd01-data-centre-erskine-park,appendix-zp-ctmp-external-hv-works
stack-syd01-data-centre-erskine-park,appendix-zi-revised-greenhouse-gas-assessment-0
stack-syd01-data-centre-erskine-park,appendix-zg-revised-dangerous-goods-report-0
stack-syd01-data-centre-erskine-park,appendix-zf-revised-hazards-and-risk-screening-report-0
stack-syd01-data-centre-erskine-park,appendix-zv-bdar-waiver-78-lockwood-road-0
stack-syd01-data-centre-erskine-park,appendix-p-revised-social-impact-assessment-0
stack-syd01-data-centre-erskine-park,appendix-zt-achar-addendum-external-hv-works
stack-syd01-data-centre-erskine-park,appendix-o-revised-backup-power-system-report-0
stack-syd01-data-centre-erskine-park,appendix-i-revised-bca-compliance-report-5
stack-syd01-data-centre-erskine-park,appendix-n-revised-infrastructure-requirements-report
stack-syd01-data-centre-erskine-park,appendix-ze-revised-esd-report-0
stack-syd01-data-centre-erskine-park,appendix-zl-revised-embodied-emissions-materials-form-0
stack-syd01-data-centre-erskine-park,appendix-x-revised-operational-waste-management-plan-0
stack-syd01-data-centre-erskine-park,appendix-zc-revised-engagement-report
stack-syd01-data-centre-erskine-park,appendix-g-revised-estimated-development-cost-0
stack-syd01-data-centre-erskine-park,appendix-y-revised-construction-waste-management-plan-0
stack-syd01-data-centre-erskine-park,appendix-j-revised-access-capability-report-0
stack-syd01-data-centre-erskine-park,appendix-zu-unexpected-finds-protocol-external-hv-works-0
stack-syd01-data-centre-erskine-park,appendix-h-survey-plan-859
stack-syd01-data-centre-erskine-park,appendix-response-submissions-7
stack-syd01-data-centre-erskine-park,appendix-b-revised-statutory-compliance-table-54
stack-syd01-data-centre-erskine-park,appendix-d-revised-engagement-summary-table-0
stack-syd01-data-centre-erskine-park,appendix-c-revised-mitigation-measures-table-31
stack-syd01-data-centre-erskine-park,request-rts-letter-13883
stack-syd01-data-centre-erskine-park,ssd-ssi-notice-exhibition-letter-neighbouring-landow-16758
stack-syd01-data-centre-erskine-park,ssd-ssi-exhibition-and-reexhibition-advertisement05122025
stack-syd01-data-centre-erskine-park,ssd-82211208-council-eis-advice-stack-syd01-data-centre
stack-syd01-data-centre-erskine-park,letter-out-eis-stack-syd01
stack-syd01-data-centre-erskine-park,stack-syd01-data-centre-erskine-park-eis-rfs-response
stack-syd01-data-centre-erskine-park,hnsw-ach-eis-stack-data-centre-ssd-82211208
stack-syd01-data-centre-erskine-park,achar-confidential
stack-syd01-data-centre-erskine-park,cphr-advice-eis-ssd-82211208
stack-syd01-data-centre-erskine-park,epa-response-stack-syd01-data-centre
stack-syd01-data-centre-erskine-park,tfnsw-response-syd25-00899-02
stack-syd01-data-centre-erskine-park,appendix-m-revised-noise-and-vibration-impact-assessment-1
stack-syd01-data-centre-erskine-park,request-additional-information-noise-assessment
stack-syd01-data-centre-erskine-park,supplementary-rtsstack-syd01july-2026
stack-syd01-data-centre-erskine-park,updated-noise-and-vibration-impact-assessment-85
stack-syd01-data-centre-erskine-park,updated-flood-impact-risk-assessment
stack-syd01-data-centre-erskine-park,urban-heat-island-mitigation-plan
stack-syd01-data-centre-erskine-park,updated-air-quality-impact-assessment-2
stack-syd01-data-centre-erskine-park,refuelling-vehicle-access-plan
stack-syd01-data-centre-erskine-park,updated-greenhouse-gas-assessment-0
stack-syd01-data-centre-erskine-park,redundancy-capability-assessment-memorandum
stack-syd01-data-centre-erskine-park,updated-mitigation-measures-table-7
stack-syd01-data-centre-erskine-park,request-submissions-report-stack-syd01-amendment
stack-syd01-data-centre-erskine-park,ssd-ssi-exhibition-and-reexhibition-advertisement20042026
stack-syd01-data-centre-erskine-park,ssd-82211208-council-response-amendment-stack-syd01
stack-syd01-data-centre-erskine-park,tack-syd01-data-centre-response-submissions-report
stack-syd01-data-centre-erskine-park,cphr-advice-ssd-82211208
stack-syd01-data-centre-erskine-park,tfnsw-response-syd25-00899-04
stack-syd01-data-centre-erskine-park,hnsw-ach-rts-stack-data-ssd-82211208
stack-syd01-data-centre-erskine-park,frnsw-stack-syd01-data-centre-erskine-park
stack-syd01-data-centre-erskine-park,nsw-epa-response-stack-syd01-data-centre-erskine-park
stack-syd01-data-centre-erskine-park,ssd-82211208-council-response-rts-stack-data-centre
stack-syd01-data-centre-erskine-park,tfnsw-response-syd25-00899-05
stack-syd01-data-centre-erskine-park,mcef-response-erskine-park-ssd-82211208
stack-syd01-data-centre-erskine-park,frnsw-stack-syd01-data-centre
stack-syd01-data-centre-erskine-park,updated-noise-and-vibration-impact-assessment-rev-11
stack-syd01-data-centre-erskine-park,rfi-responsestack-syd01august-2026
stack-syd01-data-centre-erskine-park,acoustic-logic-rfi-response-epa-comments
stack-syd01-data-centre-erskine-park,request-additional-information-13670
stack-syd01-data-centre-erskine-park,ssd-82211208-council-response-additional-info
stack-syd01-data-centre-erskine-park,rfiresponsestacksyd01august2026
stack-syd01-data-centre-erskine-park,acousticlogicrfiresponsetoepacomments
stack-syd01-data-centre-erskine-park,updatednoiseandvibrationimpactassessmentrev11
stack-syd01-data-centre-erskine-park,nsw-epa-response-stacksyd01-data-centre
stack-syd01-data-centre-erskine-park,rfiresponsestacksyd01august2026-0
stack-syd01-data-centre-erskine-park,acousticlogicrfiresponsetoepacomments-0
stack-syd01-data-centre-erskine-park,updatednoiseandvibrationimpactassessmentrev11-0
stack-syd01-data-centre-erskine-park,request-additional-information-13690
stack-syd01-data-centre-erskine-park,request-additional-information-13721
station-road-data-centre-expansion,20220809-request-rts-letter-42
station-road-data-centre-expansion,eis-final-70
station-road-data-centre-expansion,sears-cover-letter-3698
station-road-data-centre-expansion,20220830-detailed-comments-letter-42
station-road-data-centre-expansion,eis-frnsw-response-97
station-road-data-centre-expansion,appendix-1-sears-table-261
station-road-data-centre-expansion,sears-data-storage-centres-141
station-road-data-centre-expansion,eis-sydney-water-response-46
station-road-data-centre-expansion,appendix-2-statutory-compliance-table-471
station-road-data-centre-expansion,eis-epa-response-101
station-road-data-centre-expansion,appendix-3-bdcp-compliance-assessment-82
station-road-data-centre-expansion,eis-water-group-response-18
station-road-data-centre-expansion,appendix-4-proposed-mitigation-measures-82
station-road-data-centre-expansion,report-57-station-road-seven-hills-98
station-road-data-centre-expansion,appendix-5-site-survey-83
station-road-data-centre-expansion,appendix-6-architectural-plans-229
station-road-data-centre-expansion,appendix-7-design-report-82
station-road-data-centre-expansion,appendix-8-landscape-plans-185
station-road-data-centre-expansion,appendix-9-civil-drawings-83
station-road-data-centre-expansion,appendix-10-tia-62
station-road-data-centre-expansion,a9-final-achar-redacted-38
station-road-data-centre-expansion,appendix-11-ctmp-62
station-road-data-centre-expansion,a10-final-archeaological-report-redacted-38
station-road-data-centre-expansion,appendix-12-acoustic-ar-62
station-road-data-centre-expansion,appendix-13-aqia-62
station-road-data-centre-expansion,a12-visual-impact-assessmentreduced-38
station-road-data-centre-expansion,appendix-14-visual-impact-assessment-83
station-road-data-centre-expansion,appendix-15-integrated-water-management-report-82
station-road-data-centre-expansion,appendix-16-flood-impact-assessment-report-82
station-road-data-centre-expansion,appendix-17a-draft-achar-redact-62
station-road-data-centre-expansion,appendix-17b-archaelogical-report-redact-62
station-road-data-centre-expansion,appendix-18-waste-management-plan-88
station-road-data-centre-expansion,appendix-19-bdar-waiver-request-81
station-road-data-centre-expansion,appendix-20-hazard-screening-62
station-road-data-centre-expansion,appendix-21-batteries-and-diesel-advice-82
station-road-data-centre-expansion,appendix-22-contaminated-lands-report-82
station-road-data-centre-expansion,appendix-23-esd-report-242
station-road-data-centre-expansion,appendix-24-community-engagement-report-82
station-road-data-centre-expansion,appendix-25-social-impact-assessment-83
station-road-data-centre-expansion,appendix-26-infrastructure-report-82
station-road-data-centre-expansion,appendix-27-accessibility-report-82
station-road-data-centre-expansion,appendix-28-bca-report-180
station-road-data-centre-expansion,appendix-29-geotechnical-assessment-62
station-road-data-centre-expansion,appendix-30-salinity-assessment-62
station-road-data-centre-expansion,appendix-31-pre-da-minutes-82
station-road-data-centre-expansion,appendix-32-qs-report-82
station-road-data-centre-expansion,application20220414014807-79
station-road-data-centre-expansion,assessment-report-3106
station-road-data-centre-expansion,development-consent-692
station-road-data-centre-expansion,notice-decision-1743
station-road-data-centre-expansion,warning-letter-29052024
station-road-data-centre-expansion,email-dphi-taylor-warning-letter-29052024
station-road-data-centre-expansion,ssd-33781208-notice-determination-not-required-2
station-road-data-centre-expansion,notice-determination-letter-submitter-123
station-road-data-centre-expansion,notice-determination-letter-applicant-202
station-road-data-centre-expansion,stamped-plans-479
station-road-data-centre-expansion,eis-cop-response-45
station-road-data-centre-expansion,sidra-filesrfi-41787880-62
station-road-data-centre-expansion,57-station-road-seven-hills-82
station-road-data-centre-expansion,20210915-poa-daniel-howard-82
station-road-data-centre-expansion,asic-search-97
station-road-data-centre-expansion,owners-consent-3709
station-road-data-centre-expansion,prelim-drawings-57-station-road-seven-hills-98
station-road-data-centre-expansion,report-maps-57-station-road-seven-hills-98
station-road-data-centre-expansion,request-sears20211217004634-98
station-road-data-centre-expansion,ssd-33781208-receipt-22054885-psims-65
station-road-data-centre-expansion,ssd-33781208-invoice-22054885-psims-65
station-road-data-centre-expansion,fee-breakdown20220621000748-65
station-road-data-centre-expansion,sidra-files-72
station-road-data-centre-expansion,appendix-30-preliminary-salinity-assessment-67
station-road-data-centre-expansion,appendix-29-geotechnical-report-171
station-road-data-centre-expansion,appendix-23-esd-report-243
station-road-data-centre-expansion,appendix-20-hazardous-screening-assessment-67
station-road-data-centre-expansion,appendix-19-bdar-waiver-67
station-road-data-centre-expansion,appendix-13-air-quality-impact-assessment-122
station-road-data-centre-expansion,appendix-12-acoustic-report-135
station-road-data-centre-expansion,appendix-11-construction-traffic-management-plan-86
station-road-data-centre-expansion,appendix-10-traffic-impact-assessment-176
station-road-data-centre-expansion,eis-57-station-road-seven-hills-67
station-road-data-centre-expansion,owners-consent-3710
station-road-data-centre-expansion,patch-cover-letter57-station-road-seven-hills-67
station-road-data-centre-expansion,rfi-request-additional-information02052022125329-71
station-road-data-centre-expansion,response-submissions-report-3700
station-road-data-centre-expansion,a1-updated-proposed-mitigations-40
station-road-data-centre-expansion,a2-preliminary-response-letter-council-40
station-road-data-centre-expansion,a3-amended-architectural-plans-40
station-road-data-centre-expansion,a4-amended-landscape-plan-40
station-road-data-centre-expansion,a5-additional-parking-option-40
station-road-data-centre-expansion,a6-revised-aqia-40
station-road-data-centre-expansion,a7-aqia-accompanying-letter-40
station-road-data-centre-expansion,a8-acoustic-report-40
station-road-data-centre-expansion,a11-engineering-models-40
station-road-data-centre-expansion,a13-rap-40
station-road-data-centre-expansion,a14-staged-validation-report-uspt-40
station-road-data-centre-expansion,a15-staged-validation-report-asbestos-40
station-road-data-centre-expansion,a9-final-achar-40
station-road-data-centre-expansion,a10-final-archeaological-report-40
station-road-data-centre-expansion,notice-exhibition11072022115945-58
station-road-data-centre-expansion,cop-comments-eis-44
station-road-data-centre-expansion,epa-station-road-data-centre-expansion-57
station-road-data-centre-expansion,eis-eh-response-45
station-road-data-centre-expansion,dpe-water-response-station-road-data-centre-expansion-53
station-road-data-centre-expansion,station-rd-data-centre-expansion-54
station-road-data-centre-expansion,ssd-33781208-station-rd-data-centre-55
station-road-data-centre-expansion,ssd-33781208-station-road-data-centre-expansion-56
station-road-data-centre-expansion,letter-out-eis-station-road-data-centre-expansion-dpe-53
station-road-data-centre-expansion,rts-bcc-response-18
station-road-data-centre-expansion,rts-pcc-response-18
station-road-data-centre-expansion,rts-eh-group-response-54
station-road-data-centre-expansion,rts-heritage-nsw-response-18
station-road-data-centre-expansion,final-acoustic-report-25
station-road-data-centre-expansion,20221006-rfi-updated-acoustic-report-36
station-road-data-centre-expansion,ssd-33781208-letter-acceptance-attachment-13
station-road-data-centre-expansion,ssd-33781208-draft-development-consent-v11-23
station-road-data-centre-expansion,draft-conditions-response-tablefor-issue-24
station-road-data-centre-expansion,rfi-request-comment-draft-conditions2510202206010-27
station-road-data-centre-expansion,ssd-33781208-draft-development-consent-v10-28
station-road-data-centre-expansion,attachment-1-final-design-plans-14
station-road-data-centre-expansion,final-design-plans-and-groundwater-clarification-14
station-road-data-centre-expansion,rfi-design-plans-and-groundwater-22
talavera-road-data-centre-campus-expansion,ipc-statement-reasons-55
talavera-road-data-centre-campus-expansion,achar-report-public-version-70
talavera-road-data-centre-campus-expansion,environmental-impact-statement-ssd-24299707-70
talavera-road-data-centre-campus-expansion,cover-letter-6165
talavera-road-data-centre-campus-expansion,ipc-conditions-consent-2
talavera-road-data-centre-campus-expansion,amendment-acceptance-letter-840
talavera-road-data-centre-campus-expansion,appendix-1-sears-ssd-24299707-70
talavera-road-data-centre-campus-expansion,issued-sears-17591
talavera-road-data-centre-campus-expansion,stamped-plans-463
talavera-road-data-centre-campus-expansion,wtp-amendment-request-ssd-24299707-51
talavera-road-data-centre-campus-expansion,appendix-2-quantity-surveyors-report-265
talavera-road-data-centre-campus-expansion,attachment-2-agency-responses-302
talavera-road-data-centre-campus-expansion,rts-report-amended-da-ssd-24299707-70
talavera-road-data-centre-campus-expansion,appendix-3-title-documents-278
talavera-road-data-centre-campus-expansion,bdar-waiver-request-2032
talavera-road-data-centre-campus-expansion,appendix-updated-project-description-1780
talavera-road-data-centre-campus-expansion,appendix-4-survey-plan-202
talavera-road-data-centre-campus-expansion,signed-bdar-waiver-71
talavera-road-data-centre-campus-expansion,appendix-b-submissions-register-290
talavera-road-data-centre-campus-expansion,appendix-5-community-and-stakeholder-engagement-70
talavera-road-data-centre-campus-expansion,appendix-c-updated-mitigation-measures-300
talavera-road-data-centre-campus-expansion,appendix-6-plan-operational-management-70
talavera-road-data-centre-campus-expansion,appendix-d0-architectural-plan-changes-51
talavera-road-data-centre-campus-expansion,exhibition-hnsw-response-72
talavera-road-data-centre-campus-expansion,appendix-7-architectural-plans-212
talavera-road-data-centre-campus-expansion,appendix-d1-architectural-plans-part-1-167
talavera-road-data-centre-campus-expansion,exhibition-heritage-nsw-response-112
talavera-road-data-centre-campus-expansion,appendix-8-architectural-design-report-146
talavera-road-data-centre-campus-expansion,appendix-d1-architectural-plans-part-2-167
talavera-road-data-centre-campus-expansion,appendix-9-landscape-plan-70
talavera-road-data-centre-campus-expansion,appendix-d2-landscape-plans-81
talavera-road-data-centre-campus-expansion,appendix-10-arboricultural-impact-assessment-70
talavera-road-data-centre-campus-expansion,scoping-report-31652
talavera-road-data-centre-campus-expansion,appendix-d3-arboricultural-impact-assessment-51
talavera-road-data-centre-campus-expansion,appendix-11-bca-assessment-71
talavera-road-data-centre-campus-expansion,appendix-1-preliminary-architectural-plans-719
talavera-road-data-centre-campus-expansion,appendix-d4-air-quality-impact-assessment-51
talavera-road-data-centre-campus-expansion,appendix-12-access-report-228
talavera-road-data-centre-campus-expansion,appendix-2-preliminary-qs-report-199
talavera-road-data-centre-campus-expansion,appendix-d5-noise-and-vibration-impact-assessment-51
talavera-road-data-centre-campus-expansion,appendix-13-civil-engineering-plans-70
talavera-road-data-centre-campus-expansion,appendix-d6-transport-impact-assessment-51
talavera-road-data-centre-campus-expansion,appendix-14-noise-and-vibration-report-70
talavera-road-data-centre-campus-expansion,appendix-d7-preliminary-ctmp-51
talavera-road-data-centre-campus-expansion,appendix-15-air-quality-impact-assessment-123
talavera-road-data-centre-campus-expansion,appendix-d8-fire-safety-strategy-51
talavera-road-data-centre-campus-expansion,appendix-16-transport-impact-assessment-70
talavera-road-data-centre-campus-expansion,appendix-d9-preliminary-risk-screening-report-51
talavera-road-data-centre-campus-expansion,appendix-17-preliminary-ctmp-70
talavera-road-data-centre-campus-expansion,appendix-d10-civil-engineering-plans-51
talavera-road-data-centre-campus-expansion,appendix-18-sepp-33-report-71
talavera-road-data-centre-campus-expansion,appendix-d11-civil-engineering-report-51
talavera-road-data-centre-campus-expansion,appendix-19-fire-safety-strategy-report-70
talavera-road-data-centre-campus-expansion,appendix-d12-flood-impact-assessment-51
talavera-road-data-centre-campus-expansion,appendix-20-infrastructure-report-70
talavera-road-data-centre-campus-expansion,appendix-d13-stormwater-management-report-51
talavera-road-data-centre-campus-expansion,appendix-21-easement-realignment-options-70
talavera-road-data-centre-campus-expansion,appendix-d14-infrastructure-assessment-report-51
talavera-road-data-centre-campus-expansion,appendix-22-detailed-site-investigation-report-70
talavera-road-data-centre-campus-expansion,appendix-d15-visual-impact-assessment-51
talavera-road-data-centre-campus-expansion,appendix-23-geotechnical-investigation-70
talavera-road-data-centre-campus-expansion,appendix-d16-architectural-design-report-51
talavera-road-data-centre-campus-expansion,appendix-24-civil-engineering-report-70
talavera-road-data-centre-campus-expansion,appendix-d17-bca-capabilty-statement-51
talavera-road-data-centre-campus-expansion,appendix-25-stormwater-management-report-70
talavera-road-data-centre-campus-expansion,appendix-d18-accessibility-review-report-51
talavera-road-data-centre-campus-expansion,appendix-26-flood-assessment-report-70
talavera-road-data-centre-campus-expansion,appendix-d19-sustainability-ghg-emissions-statement-51
talavera-road-data-centre-campus-expansion,appendix-27-visual-impact-assessment-100
talavera-road-data-centre-campus-expansion,appendix-d20-waste-management-plan-51
talavera-road-data-centre-campus-expansion,appendix-28-ee-ghg-report-70
talavera-road-data-centre-campus-expansion,appendix-d21-operational-summmary-51
talavera-road-data-centre-campus-expansion,appendix-29-bdar-waiver-70
talavera-road-data-centre-campus-expansion,appendix-d22-qs-cost-estimate-51
talavera-road-data-centre-campus-expansion,appendix-30-draft-achar-70
talavera-road-data-centre-campus-expansion,appendix-d23-bdar-waiver-51
talavera-road-data-centre-campus-expansion,appendix-31-non-aboriginal-heritage-report-70
talavera-road-data-centre-campus-expansion,appendix-d24-ecological-advice-51
talavera-road-data-centre-campus-expansion,appendix-32-social-impact-assessment-204
talavera-road-data-centre-campus-expansion,appendix-d25-structural-certificate-51
talavera-road-data-centre-campus-expansion,appendix-33-waste-management-plan-70
talavera-road-data-centre-campus-expansion,appendix-d26-sewer-deviation-approval-51
talavera-road-data-centre-campus-expansion,appendix-d27-owners-consent-letters-52
talavera-road-data-centre-campus-expansion,ssd-24299707-letter-applicant-0
talavera-road-data-centre-campus-expansion,ssd-24299707-letter-council-0
talavera-road-data-centre-campus-expansion,ssd-24299707-notice-determination-not-required-0
talavera-road-data-centre-campus-expansion,ssd-assessment-report-talavera-rd-dc-13
talavera-road-data-centre-campus-expansion,ssd-recommended-instrument-consent-talavera-rd-dc-13
talavera-road-data-centre-campus-expansion,ssd-ipc-determination-referral-letter-talavera-road-dc-13
talavera-road-data-centre-campus-expansion,amended-application20221110053322-51
talavera-road-data-centre-campus-expansion,additional-land-owners-consent-33
talavera-road-data-centre-campus-expansion,political-donations-disclosure-february-2022-33
talavera-road-data-centre-campus-expansion,request-rts-dpe-comments-379
talavera-road-data-centre-campus-expansion,achar-report-not-public-70
talavera-road-data-centre-campus-expansion,application20211108070402-70
talavera-road-data-centre-campus-expansion,site-survey-plan-77
talavera-road-data-centre-campus-expansion,original-land-owners-consent-33
talavera-road-data-centre-campus-expansion,appendix-1-preliminary-architectural-plans-720
talavera-road-data-centre-campus-expansion,appendix-2-preliminary-qs-report-200
talavera-road-data-centre-campus-expansion,sears-request-17-23-talavera-road-macquarie-park-70
talavera-road-data-centre-campus-expansion,site-map-2951
talavera-road-data-centre-campus-expansion,scoping-meeting-request20210714101137-70
talavera-road-data-centre-campus-expansion,scoping-details-pdf-21996
talavera-road-data-centre-campus-expansion,request-sears20210715085424-70
talavera-road-data-centre-campus-expansion,ssd-24299707-hnsw-ach-sears-70
talavera-road-data-centre-campus-expansion,romw-letter-sears-ssd-24299707-70
talavera-road-data-centre-campus-expansion,20210802-tfnsw-response-syd210087501-70
talavera-road-data-centre-campus-expansion,ees-response-ssd-242997075docx-70
talavera-road-data-centre-campus-expansion,17-23-talavera-rd-response-sears-cor-70
talavera-road-data-centre-campus-expansion,ees-response-talavera-bdar-waiver-31-aug-2021-70
talavera-road-data-centre-campus-expansion,bdar-waiver-table-talavera-rd-31-aug-2021-70
talavera-road-data-centre-campus-expansion,bdar-waiver-request-2033
talavera-road-data-centre-campus-expansion,ssd-24299707-receipt-22052273-psims-70
talavera-road-data-centre-campus-expansion,ssd-24299707-invoice-22052273-psims-70
talavera-road-data-centre-campus-expansion,fee-breakdown20211109220248-70
talavera-road-data-centre-campus-expansion,rts-report-amended-da-ssd-24299707-71
talavera-road-data-centre-campus-expansion,request-rts-4044
talavera-road-data-centre-campus-expansion,notice-exhibition18112021120005-70
talavera-road-data-centre-campus-expansion,exhibition-council-response-70
talavera-road-data-centre-campus-expansion,council-response-attachment-1-70
talavera-road-data-centre-campus-expansion,council-response-attachment-2-70
talavera-road-data-centre-campus-expansion,exhibition-epa-response-70
talavera-road-data-centre-campus-expansion,exhibition-ees-response-70
talavera-road-data-centre-campus-expansion,exhibition-frnsw-response-114
talavera-road-data-centre-campus-expansion,hnsw-ach-ssd-24299707-70
talavera-road-data-centre-campus-expansion,achar-report-final-70
talavera-road-data-centre-campus-expansion,exhibition-tfnsw-response-102
talavera-road-data-centre-campus-expansion,trunk-drainage-drawings-21
talavera-road-data-centre-campus-expansion,20220316-talavera-road-dc-rfi-66
talavera-road-data-centre-campus-expansion,cor-submision-rts-ssd-24299707-40
talavera-road-data-centre-mod-1-expansion,ssd-mod-assessment-report-882
talavera-road-data-centre-mod-1-expansion,ssd-mod-instrument-1022
talavera-road-data-centre-mod-1-expansion,ssd-mod-stamped-plans-15
talavera-road-data-centre-mod-1-expansion,appendix-d4-visual-impact-assessment-35
talavera-road-data-centre-mod-1-expansion,appendix-d12-waste-management-plan-35
talavera-road-data-centre-mod-1-expansion,appendix-d13-infrastructure-report-35
talavera-road-data-centre-mod-1-expansion,appendix-d10-flood-assessment-report-35
talavera-road-data-centre-mod-1-expansion,appendix-d1-architectural-plans-116
talavera-road-data-centre-mod-1-expansion,modification-report-talavera-road-data-centre-35
talavera-road-data-centre-mod-1-expansion,appendix-d7-air-quality-impact-assessment-60
talavera-road-data-centre-mod-1-expansion,appendix-d5-landscape-plan-35
talavera-road-data-centre-mod-1-expansion,appendix-d11-preliminary-risk-screening-35
talavera-road-data-centre-mod-1-expansion,appendix-d8-noise-and-vibration-impact-assessment-60
talavera-road-data-centre-mod-1-expansion,appendix-d2-bca-capability-statement-35
talavera-road-data-centre-mod-1-expansion,appendix-d9-fire-safety-strategy-report-35
talavera-road-data-centre-mod-1-expansion,appendix-d3-accessibility-report-35
talavera-road-data-centre-mod-1-expansion,appendix-d6-esd-report-35
talavera-road-data-centre-mod-1-expansion,consolidated-conditions-consent-mod-1-1
talavera-road-data-centre-mod-1-expansion,ssd-24299707-mod-1-letter-submitter
talavera-road-data-centre-mod-1-expansion,ssd-24299707-mod-1-letter-submitter-0
talavera-road-data-centre-mod-1-expansion,ssd-24299707-mod-1-notice-determination-not-required
talavera-road-data-centre-mod-1-expansion,ssd-24299707-mod-1-letter-applicant
talavera-road-data-centre-mod-1-expansion,applicant-response-draft-conditions-8
talavera-road-data-centre-mod-1-expansion,appendix-3-ground-level-221024-16
talavera-road-data-centre-mod-1-expansion,response-rfi-dated-10-10-24-16
talavera-road-data-centre-mod-1-expansion,appendix-2-structural-certificate-221024-16
talavera-road-data-centre-mod-1-expansion,appendix-1-stormwater-zone-influence-221024-16
talavera-road-data-centre-mod-1-expansion,modification-application20240716070147-35
talavera-road-data-centre-mod-1-expansion,mdc-owners-consent-subtrust-25-06-2024-35
talavera-road-data-centre-mod-1-expansion,mdc-asics-certificate-subtrust-35
talavera-road-data-centre-mod-1-expansion,ic3-super-westcomparison-plans-56
talavera-road-data-centre-mod-1-expansion,ssd-24299707-mod-1-receipt-4000001124-psims-28
talavera-road-data-centre-mod-1-expansion,ssd-24299707-mod-1-invoice-4000001124-psims-32
talavera-road-data-centre-mod-1-expansion,fee-breakdown20240725043342-32
talavera-road-data-centre-mod-1-expansion,approved-fee20240723055827-33
talavera-road-data-centre-mod-1-expansion,attachment-1-cor-submission-mod1-17-23-talavera-road-18
talavera-road-data-centre-mod-1-expansion,cover-letter-mod-1-talavera-road-date-centre-18
talavera-road-data-centre-mod-1-expansion,attachment-2-recommended-conditions-mod-1-18
talavera-road-data-centre-mod-1-expansion,ausgrid-advice-58
talavera-road-data-centre-mod-1-expansion,frnsw-advice-267
talavera-road-data-centre-mod-1-expansion,bcs-advice-810
talavera-road-data-centre-mod-1-expansion,appendix-3-renzo-tonin-response-acoustic-queries-22
talavera-road-data-centre-mod-1-expansion,appendix-1-updated-bca-capability-statement-22
talavera-road-data-centre-mod-1-expansion,wtj21-203-response-request-information-22
talavera-road-data-centre-mod-1-expansion,appendix-2-hdr-letter-22
talavera-road-data-centre-mod-1-expansion,request-additional-information-050924-25
talavera-road-data-centre-mod-1-expansion,response-dphi-request-information-dated-3-october-14
talavera-road-data-centre-mod-1-expansion,ausgrid-advice-modification-report-31
talavera-road-data-centre-mod-1-expansion,request-additional-information-031024-28
talavera-road-data-centre-mod-1-expansion,request-additional-information-council-response-17
talavera-road-data-centre-mod-1-expansion,attachment1-corsubmissionmod1-17-23talaveraroad-18
talavera-road-data-centre-mod-1-expansion,attachment2-recommendedconditionsmod1-18
talavera-road-data-centre-mod-1-expansion,coverletter-mod1-talaveraroaddatecentre-18
talavera-road-data-centre-mod-1-expansion,cor-addendum-rts-submission-17-talavera-road-date-mod-13
talavera-road-data-centre-mod-1-expansion,updated-noise-and-vibration-impact-assessment-81124-8
talavera-road-data-centre-mod-1-expansion,cooling-towers-advice-letter-81124-8
talavera-road-data-centre-mod-1-expansion,request-additional-information-81124-11
talavera-road-data-centre-mod-1-expansion,addendum-rts-submission-6
talavera-road-data-centre-mod-1-expansion,draft-without-prejudice-conditions-13
talavera-road-data-centre-mod-1-expansion,rfi-request-comment-draft-conditions1337040-4
waterloo-road-data-centre-esr-developments,node/137669881
waterloo-road-data-centre-esr-developments,node/137669886
waterloo-road-data-centre-esr-developments,node/137669891
waterloo-road-data-centre-esr-developments,node/137669896
waterloo-road-data-centre-esr-developments,node/137669901
waterloo-road-data-centre-esr-developments,node/137669906
waterloo-road-data-centre-esr-developments,node/137669911
waterloo-road-data-centre-esr-developments,node/137669916
waterloo-road-data-centre-esr-developments,node/137669921
waterloo-road-data-centre-esr-developments,node/137669926
waterloo-road-data-centre-esr-developments,node/137669931
waterloo-road-data-centre-esr-developments,node/137669936
waterloo-road-data-centre-esr-developments,node/137669941
waterloo-road-data-centre-esr-developments,node/137669946
waterloo-road-data-centre-esr-developments,node/137669951
waterloo-road-data-centre-esr-developments,node/137669956
waterloo-road-data-centre-esr-developments,node/137669961
waterloo-road-data-centre-esr-developments,node/137669966
waterloo-road-data-centre-esr-developments,node/137669971
waterloo-road-data-centre-esr-developments,node/137669976
waterloo-road-data-centre-esr-developments,node/137669981
waterloo-road-data-centre-esr-developments,node/137669986
waterloo-road-data-centre-esr-developments,node/137669991
waterloo-road-data-centre-esr-developments,node/137669996
waterloo-road-data-centre-esr-developments,node/137670001
waterloo-road-data-centre-esr-developments,node/137670006
waterloo-road-data-centre-esr-developments,node/137670011
waterloo-road-data-centre-esr-developments,node/137670016
waterloo-road-data-centre-esr-developments,node/137670021
waterloo-road-data-centre-esr-developments,node/137670026
waterloo-road-data-centre-esr-developments,node/137670031
waterloo-road-data-centre-esr-developments,node/137670036
waterloo-road-data-centre-esr-developments,node/137670041
waterloo-road-data-centre-esr-developments,node/137670046
waterloo-road-data-centre-esr-developments,node/137670051
waterloo-road-data-centre-esr-developments,node/137670056
waterloo-road-data-centre-esr-developments,node/137670061
waterloo-road-data-centre-esr-developments,node/137670066
waterloo-road-data-centre-esr-developments,node/137670071
waterloo-road-data-centre-esr-developments,node/137670076
waterloo-road-data-centre-esr-developments,node/137670081
waterloo-road-data-centre-esr-developments,node/137670086
waterloo-road-data-centre-esr-developments,node/137670091
waterloo-road-data-centre-esr-developments,node/137670096
waterloo-road-data-centre-esr-developments,node/137670101
waterloo-road-data-centre-esr-developments,node/137670106
waterloo-road-data-centre-esr-developments,node/137670111
waterloo-road-data-centre-esr-developments,node/137670116
waterloo-road-data-centre-esr-developments,node/137670121
waterloo-road-data-centre-esr-developments,node/137670126
