Table 1 - Investments other than derivatives,,,,,,,,,,,,
Portfolio Holdings Information for:,Future Fund,,,,,,,,,,,
Reporting Date: ,31/12/2025,,,,,,,,,,,
,,,,,,,,,,,,
Asset Class,Internally or Externally Managed,Name of Institution,Name of Issuer / Counterparty,Name / Investment Item,Name of Investment Manager,Currency,Security Identifier,% Ownership, Units Held ,Value (AUD),Weighting (%),
Cash,,ANZ Group Holdings Ltd.,,,,AUD,,,,"3,225,685,335",1.19%,
Cash,,Commonwealth Bank of Australia,,,,AUD,,,,"2,434,469,713",0.90%,
Cash,,Government of Canada,,,,CAD,,,,"1,143,480,163",0.42%,
Cash,,Government of Japan,,,,JPY,,,,"6,172,471,908",2.29%,
Cash,,Government of the United States of America,,,,USD,,,,"2,756,885,020",1.02%,
Cash,,JPMorgan Chase & Co.,,,,AUD,,,,"764,045,962",0.28%,
Cash,,JPMorgan Chase & Co.,,,,CAD,,,,"46,284,439",0.02%,
Cash,,JPMorgan Chase & Co.,,,,CHF,,,,"30,708,948",0.01%,
Cash,,JPMorgan Chase & Co.,,,,EUR,,,,"125,695,470",0.05%,
Cash,,JPMorgan Chase & Co.,,,,GBP,,,,"46,877,452",0.02%,
Cash,,JPMorgan Chase & Co.,,,,HKD,,,,"200,582",0.00%,
Cash,,JPMorgan Chase & Co.,,,,JPY,,,,"81,768,373",0.03%,
Cash,,JPMorgan Chase & Co.,,,,NZD,,,,"-8,642,560",0.00%,
Cash,,JPMorgan Chase & Co.,,,,SEK,,,,"426,104",0.00%,
Cash,,JPMorgan Chase & Co.,,,,SGD,,,,"82,344",0.00%,
Cash,,JPMorgan Chase & Co.,,,,USD,,,,"1,682,887,503",0.62%,
Cash,,National Australia Bank Ltd.,,,,AUD,,,,"1,747,922,553",0.65%,
Cash,,Northern Institutional U.S. Government Select Portfolio,,,,USD,,,,"3,458,103,285",1.28%,
Cash,,Northern Trust Corp.,,,,AED,,,,"977,342",0.00%,
Cash,,Northern Trust Corp.,,,,AUD,,,,"1,021,358,556",0.38%,
Cash,,Northern Trust Corp.,,,,BRL,,,,"8,273,924",0.00%,
Cash,,Northern Trust Corp.,,,,CAD,,,,"31,644,736",0.01%,
Cash,,Northern Trust Corp.,,,,CHF,,,,"22,097,100",0.01%,
Cash,,Northern Trust Corp.,,,,CLP,,,,"15,808",0.00%,
Cash,,Northern Trust Corp.,,,,CNH,,,,"-163,322",0.00%,
Cash,,Northern Trust Corp.,,,,CNY,,,,"476,685",0.00%,
Cash,,Northern Trust Corp.,,,,CZK,,,,"702,786",0.00%,
Cash,,Northern Trust Corp.,,,,DKK,,,,"2,259,503",0.00%,
Cash,,Northern Trust Corp.,,,,EUR,,,,"466,958,067",0.17%,
Cash,,Northern Trust Corp.,,,,GBP,,,,"167,358,326",0.06%,
Cash,,Northern Trust Corp.,,,,HKD,,,,"3,785,556",0.00%,
Cash,,Northern Trust Corp.,,,,HUF,,,,"551,641",0.00%,
Cash,,Northern Trust Corp.,,,,IDR,,,,"357,407",0.00%,
Cash,,Northern Trust Corp.,,,,ILS,,,,"834,089",0.00%,
Cash,,Northern Trust Corp.,,,,INR,,,,"582,558",0.00%,
Cash,,Northern Trust Corp.,,,,ISK,,,,"1,864",0.00%,
Cash,,Northern Trust Corp.,,,,JPY,,,,"64,598,006",0.02%,
Cash,,Northern Trust Corp.,,,,KRW,,,,"348,644",0.00%,
Cash,,Northern Trust Corp.,,,,KWD,,,,"392,078",0.00%,
Cash,,Northern Trust Corp.,,,,MXN,,,,"678,735",0.00%,
Cash,,Northern Trust Corp.,,,,MYR,,,,0,0.00%,
Cash,,Northern Trust Corp.,,,,NOK,,,,"698,411",0.00%,
Cash,,Northern Trust Corp.,,,,NZD,,,,"17,845,338",0.01%,
Cash,,Northern Trust Corp.,,,,PEN,,,,0,0.00%,
Cash,,Northern Trust Corp.,,,,PHP,,,,"152,530",0.00%,
Cash,,Northern Trust Corp.,,,,PLN,,,,"741,735",0.00%,
Cash,,Northern Trust Corp.,,,,QAR,,,,"164,165",0.00%,
Cash,,Northern Trust Corp.,,,,RON,,,,"1,836",0.00%,
Cash,,Northern Trust Corp.,,,,SAR,,,,894,0.00%,
Cash,,Northern Trust Corp.,,,,SEK,,,,"5,956,050",0.00%,
Cash,,Northern Trust Corp.,,,,SGD,,,,"3,851,340",0.00%,
Cash,,Northern Trust Corp.,,,,THB,,,,0,0.00%,
Cash,,Northern Trust Corp.,,,,TRY,,,,"625,004",0.00%,
Cash,,Northern Trust Corp.,,,,TWD,,,,"102,354",0.00%,
Cash,,Northern Trust Corp.,,,,USD,,,,"942,460,995",0.35%,
Cash,,Northern Trust Corp.,,,,ZAR,,,,"744,492",0.00%,
Cash,,Westpac Banking Corp.,,,,AUD,,,,"3,411,121,160",1.26%,
Total,,,,,,,,,,"29,887,908,982",11.07%,
Fixed Income,Externally,,,,Ares Management,,,,,"5,675,311,785",2.10%,
Fixed Income,Externally,,,,Bain Capital Credit,,,,,"5,094,202,148",1.89%,
Fixed Income,Externally,,,,BlackRock,,,,,"3,335,741,891",1.24%,
Fixed Income,Externally,,,,Blackstone Credit and Insurance,,,,,"756,341,407",0.28%,
Fixed Income,Externally,,,,Centerbridge Partners L.P.,,,,,"751,722",0.00%,
Fixed Income,Externally,,,,FitzWalter Capital Limited,,,,,"40,620,797",0.02%,
Fixed Income,Externally,,,,Goldman Sachs Asset Management,,,,,"418,546,165",0.16%,
Fixed Income,Externally,,,,Hayfin Capital Management,,,,,"995,799,019",0.37%,
Fixed Income,Externally,,,,Kohlberg Kravis Roberts & Co. L.P.,,,,,"135,368,487",0.05%,
Fixed Income,Externally,,,,Lazard Asset Management,,,,,"1,575,055,384",0.58%,
Fixed Income,Externally,,,,M&G Investment Management Limited,,,,,"975,776,155",0.36%,
Fixed Income,Externally,,,,Oak Hill Advisors,,,,,"2,065,337,048",0.76%,
Fixed Income,Externally,,,,Oaktree Capital Management,,,,,"445,263,567",0.16%,
Fixed Income,Externally,,,,PAG Holdings Limited,,,,,"119,854,227",0.04%,
Fixed Income,Externally,,,,PIMCO Australia,,,,,"617,201,047",0.23%,
Fixed Income,Externally,,,,Silver Point Capital,,,,,"340,051,742",0.13%,
Fixed Income,Externally,,,,Westbourne Credit Management Limited,,,,,"98,084,051",0.04%,
Total,,,,,,,,,,"22,689,306,642",8.40%,
Listed Equity,,,,3i Group Plc,,,B1YW440,,"943,766","62,803,245",0.02%,
Listed Equity,,,,3M Co.,,,2595708,,"47,804","11,476,974",0.00%,
Listed Equity,,,,"3SBio, Inc.",,,BY9D3L9,,"544,500","2,536,595",0.00%,
Listed Equity,,,,A.P. Møller-Mærsk A/S,,,4253059,,"3,684","12,717,529",0.00%,
Listed Equity,,,,A.P. Møller-Mærsk A/S,,,4253048,,"5,507","19,010,704",0.01%,
Listed Equity,,,,"AAC Technologies Holdings, Inc.",,,B85LKS1,,"636,500","4,782,555",0.00%,
Listed Equity,,,,ABB Ltd.,,,7108899,,"1,264,685","141,762,178",0.05%,
Listed Equity,,,,Abbott Laboratories,,,2002305,,"897,644","168,652,346",0.06%,
Listed Equity,,,,"AbbVie, Inc.",,,B92SR70,,"482,983","165,489,669",0.06%,
Listed Equity,,,,"ABIOMED, Inc.",,,BQBG6P5,,"19,253",0,0.00%,
Listed Equity,,,,ABN AMRO Bank NV,,,BYQP136,,"428,209","22,466,361",0.01%,
Listed Equity,,,,Absa Group Ltd.,,,BFX05H3,,"80,378","1,741,158",0.00%,
Listed Equity,,,,Abu Dhabi Commercial Bank PJSC,,,6545464,,"2,766,331","16,151,130",0.01%,
Listed Equity,,,,Abu Dhabi Islamic Bank,,,6001728,,"1,528,696","12,957,202",0.00%,
Listed Equity,,,,Abu Dhabi National Oil Co. for Distribution PJSC,,,BYVGM64,,"294,435","468,831",0.00%,
Listed Equity,,,,Accenture Plc,,,B4BNMY3,,"622,416","250,422,453",0.09%,
Listed Equity,,,,Acciona SA,,,5579107,,"15,127","4,952,661",0.00%,
Listed Equity,,,,Accor SA,,,5852842,,"101,948","8,657,896",0.00%,
Listed Equity,,,,Accton Technology Corp.,,,6005214,,"147,000","8,313,702",0.00%,
Listed Equity,,,,"ACS, Actividades de Construcción y Servicios SA",,,B01FLQ6,,"114,058","17,044,491",0.01%,
Listed Equity,,,,Acter Group Corp. Ltd.,,,B56VQB4,,"36,000","1,341,876",0.00%,
Listed Equity,,,,"ADATA Technology Co., Ltd.",,,6718943,,"448,000","5,976,110",0.00%,
Listed Equity,,,,Addtech AB,,,BLN8T44,,"169,864","9,046,435",0.00%,
Listed Equity,,,,adidas AG,,,4031976,,"92,551","27,555,147",0.01%,
Listed Equity,,,,Admiral Group Plc,,,B02J639,,"225,069","14,418,048",0.01%,
Listed Equity,,,,"Adobe, Inc.",,,2008154,,"263,615","138,355,873",0.05%,
Listed Equity,,,,Advanced Info Service Public Co. Ltd.,,,6412591,,"262,964","3,917,716",0.00%,
Listed Equity,,,,Advanced Info Service Public Co. Ltd.,,,6412609,,"346,300","5,159,281",0.00%,
Listed Equity,,,,"Advanced Micro Devices, Inc.",,,2007849,,"144,800","46,502,764",0.02%,
Listed Equity,,,,"Advantech Co., Ltd.",,,6202673,,"1,544,626","21,231,202",0.01%,
Listed Equity,,,,Advantest Corp.,,,6870490,,"659,300","123,848,892",0.05%,
Listed Equity,,,,Adyen NV,,,BZ1HM42,,"19,669","47,631,189",0.02%,
Listed Equity,,,,AECOM,,,B1VZ431,,"37,296","5,331,675",0.00%,
Listed Equity,,,,Aegon Ltd.,,,BPH0Y27,,"835,492","9,770,501",0.00%,
Listed Equity,,,,Aena S.M.E. SA,,,BTMKJR0,,"501,631","21,044,207",0.01%,
Listed Equity,,,,"AEON Co., Ltd.",,,6480048,,"839,000","19,882,277",0.01%,
Listed Equity,,,,AerCap Holdings NV,,,B1HHKD3,,"189,680","40,891,350",0.02%,
Listed Equity,,,,Aéroports de Paris,,,B164FY1,,"13,596","2,667,490",0.00%,
Listed Equity,,,,"Affirm Holdings, Inc.",,,BMF9NM8,,"23,907","2,668,363",0.00%,
Listed Equity,,,,"Aflac, Inc.",,,2026361,,"206,304","34,114,332",0.01%,
Listed Equity,,,,"AGC, Inc. (Japan)",,,6055208,,"151,100","7,643,513",0.00%,
Listed Equity,,,,ageas SA/NV,,,B86S2N0,,"99,959","10,527,604",0.00%,
Listed Equity,,,,"Agilent Technologies, Inc.",,,2520153,,"142,360","29,048,399",0.01%,
Listed Equity,,,,AGL Energy Ltd.,,,BSS7GP5,,"9,254,809","86,162,272",0.03%,
Listed Equity,,,,Agnico Eagle Mines Ltd.,,,2009823,,"288,090","73,358,449",0.03%,
Listed Equity,,,,Agricultural Bank of China Ltd.,,,B60LZR6,,"22,634,000","25,721,555",0.01%,
Listed Equity,,,,Agricultural Bank of China Ltd.,,,BP3R228,,"1,953,200","3,222,756",0.00%,
Listed Equity,,,,AIA Group Ltd.,,,B4TX8S1,,"3,809,400","58,640,852",0.02%,
Listed Equity,,,,AIB Group plc,,,BF0L353,,"312,981","5,071,218",0.00%,
Listed Equity,,,,AIB Group plc,,,BYVZLK8,,"1,117,301","18,162,613",0.01%,
Listed Equity,,,,Air Liquide SA,,,B1YXBJ7,,"427,064","120,538,158",0.04%,
Listed Equity,,,,"Air Products & Chemicals, Inc.",,,2011602,,"64,188","23,777,041",0.01%,
Listed Equity,,,,"Airbnb, Inc.",,,BMGYYH4,,"115,724","23,552,615",0.01%,
Listed Equity,,,,Airbus SE,,,4012250,,"213,740","74,685,092",0.03%,
Listed Equity,,,,Aisin Corp.,,,6010702,,"357,300","10,001,969",0.00%,
Listed Equity,,,,Ajanta Pharma Ltd.,,,BWFGD74,,"33,752","1,559,260",0.00%,
Listed Equity,,,,"Ajinomoto Co., Inc.",,,6010906,,"500,900","15,895,517",0.01%,
Listed Equity,,,,Akbank TAS,,,B03MN70,,"1,324,308","3,226,351",0.00%,
Listed Equity,,,,Aker BP ASA,,,B1L95G3,,"210,035","8,021,804",0.00%,
Listed Equity,,,,Akzo Nobel NV,,,BJ2KSG2,,"108,259","11,287,355",0.00%,
Listed Equity,,,,Al Rajhi Bank,,,B12LZH9,,"1,012,880","39,483,036",0.01%,
Listed Equity,,,,Al Rajhi Co. for Cooperative Insurance,,,B3P6M52,,"10,554","328,280",0.00%,
Listed Equity,,,,"Alamos Gold, Inc.",,,BZ3DNP6,,"292,367","16,951,878",0.01%,
Listed Equity,,,,Alcon AG,,,BJT1GR5,,"268,814","32,197,931",0.01%,
Listed Equity,,,,Aldar Properties PJSC,,,B0LX3Y2,,"4,834,763","17,173,435",0.01%,
Listed Equity,,,,"Alexandria Real Estate Equities, Inc.",,,2009210,,"41,503","3,090,709",0.00%,
Listed Equity,,,,Alfa Laval AB,,,7332687,,"215,307","16,310,296",0.01%,
Listed Equity,,,,Alibaba Group Holding Ltd.,,,BK6YZP5,,"7,517,348","206,818,686",0.08%,
Listed Equity,,,,Alibaba Health Information Technology Ltd.,,,BRXVS60,,"972,000","945,703",0.00%,
Listed Equity,,,,"Alimentation Couche-Tard, Inc.",,,BL56KN2,,"406,823","33,361,739",0.01%,
Listed Equity,,,,Alinma Bank,,,B39NWT3,,"120,818","1,177,642",0.00%,
Listed Equity,,,,Alior Bank SA,,,B8W8F13,,"33,671","1,551,210",0.00%,
Listed Equity,,,,Alkem Laboratories Ltd.,,,BYY2WB4,,"117,332","10,779,628",0.00%,
Listed Equity,,,,Allegion Plc,,,BFRT3W7,,"77,611","18,530,739",0.01%,
Listed Equity,,,,Allegro.eu SA,,,BMBQDF6,,"382,145","4,944,459",0.00%,
Listed Equity,,,,Alliant Energy Corp.,,,2973821,,"98,264","9,579,580",0.00%,
Listed Equity,,,,Allianz SE,,,5231485,,"293,130","201,598,712",0.07%,
Listed Equity,,,,Almarai Co. Ltd.,,,B137VV2,,"53,393","923,461",0.00%,
Listed Equity,,,,"Alnylam Pharmaceuticals, Inc.",,,B00FWN1,,"11,716","6,986,380",0.00%,
Listed Equity,,,,Alpha Bank SA,,,BTJZ707,,"2,102,661","13,257,411",0.00%,
Listed Equity,,,,"Alphabet, Inc.",,,BYVY8G0,,"2,340,872","1,098,737,251",0.41%,
Listed Equity,,,,"Alphabet, Inc.",,,BYY88Y7,,"2,061,471","970,067,631",0.36%,
Listed Equity,,,,AlRayan Bank,,,B0VR7W0,,"8,791,044","7,943,799",0.00%,
Listed Equity,,,,ALROSA PJSC,,,B1FY8D2,,"1,150,440",0,0.00%,
Listed Equity,,,,ALROSA PJSC,,,B6QPBP2,,"5,271,603",0,0.00%,
Listed Equity,,,,ALS Ltd.,,,B86SZR5,,"6,090,783","134,240,857",0.05%,
Listed Equity,,,,Alstom SA,,,B0DJ8Q5,,"335,480","14,871,552",0.01%,
Listed Equity,,,,AltaGas Ltd.,,,B43WJC5,,"261,878","11,989,694",0.00%,
Listed Equity,,,,"Alteogen, Inc.",,,BSTJWN0,,"27,114","12,687,229",0.00%,
Listed Equity,,,,Amadeus IT Group SA,,,B3MSM28,,"247,436","27,384,544",0.01%,
Listed Equity,,,,Amaero Ltd.,,,BKRQJZ8,,"25,226,807","6,937,372",0.00%,
Listed Equity,,,,"Amazon.com, Inc.",,,2000019,,"2,649,179","916,973,078",0.34%,
Listed Equity,,,,Amcor Plc,,,BJ1F307,,"1,061,031","13,269,849",0.00%,
Listed Equity,,,,America Movil SAB de CV,,,BMVRB77,,"35,917,769","55,810,567",0.02%,
Listed Equity,,,,America Movil SAB de CV,,,BNHN4P5,,"630,546","19,544,704",0.01%,
Listed Equity,,,,"American Electric Power Co., Inc.",,,2026242,,"209,405","36,209,778",0.01%,
Listed Equity,,,,American Express Co.,,,2026082,,"152,082","84,370,902",0.03%,
Listed Equity,,,,"American Financial Group, Inc.",,,2134532,,"39,405","8,076,592",0.00%,
Listed Equity,,,,American Homes 4 Rent,,,BCF5RR9,,"124,428","5,989,561",0.00%,
Listed Equity,,,,"American International Group, Inc.",,,2027342,,"334,739","42,943,573",0.02%,
Listed Equity,,,,American Tower Corp.,,,B7FBFL2,,"41,661","11,074,823",0.00%,
Listed Equity,,,,"American Water Works Co., Inc.",,,B2R3PV1,,"52,987","10,369,354",0.00%,
Listed Equity,,,,"Ameriprise Financial, Inc.",,,B0J7D57,,"57,217","42,072,106",0.02%,
Listed Equity,,,,"AMETEK, Inc.",,,2089212,,"124,670","38,383,441",0.01%,
Listed Equity,,,,"Amgen, Inc.",,,2023607,,"147,460","72,377,795",0.03%,
Listed Equity,,,,"Amlogic (Shanghai) Co., Ltd.",,,BK71BW4,,"296,457","5,555,806",0.00%,
Listed Equity,,,,AMMB Holdings Bhd.,,,6047023,,"5,857,316","14,069,278",0.01%,
Listed Equity,,,,Amotiv Ltd.,,,BQH8HH4,,"601,668","5,396,962",0.00%,
Listed Equity,,,,AMP Ltd.,,,6709958,,"26,916,347","48,987,752",0.02%,
Listed Equity,,,,Amphenol Corp.,,,2145084,,"629,007","127,706,767",0.05%,
Listed Equity,,,,Amplitude Energy Ltd.,,,BLGTZK2,,"6,204,119","18,116,027",0.01%,
Listed Equity,,,,Ampol Ltd.,,,BM91201,,"3,025,161","96,593,391",0.04%,
Listed Equity,,,,Amrize Ltd.,,,BVBMCR2,,"271,140","22,360,976",0.01%,
Listed Equity,,,,Amundi SA,,,BYZR014,,"33,963","4,222,962",0.00%,
Listed Equity,,,,ANA HOLDINGS INC.,,,6014908,,"126,800","3,613,832",0.00%,
Listed Equity,,,,"Analog Devices, Inc.",,,2032067,,"290,810","118,268,984",0.04%,
Listed Equity,,,,"Angel Yeast Co., Ltd.",,,BP3RH12,,"187,598","1,762,895",0.00%,
Listed Equity,,,,Anglo American Plc,,,BTK05J6,,"461,402","28,710,776",0.01%,
Listed Equity,,,,Anglogold Ashanti Plc,,,BRF6FX9,,"339,049","43,974,757",0.02%,
Listed Equity,,,,Anheuser-Busch InBev NV,,,BYYHL23,,"722,944","69,901,010",0.03%,
Listed Equity,,,,"Anker Innovations Technology Co., Ltd.",,,BNR4MR6,,"173,160","4,255,545",0.00%,
Listed Equity,,,,"Annaly Capital Management, Inc.",,,BPMQ7X2,,"204,525","7,072,575",0.00%,
Listed Equity,,,,Ansell Ltd.,,,6286611,,"1,619,677","56,704,892",0.02%,
Listed Equity,,,,Antofagasta Plc,,,0045614,,"260,997","17,261,846",0.01%,
Listed Equity,,,,ANZ Group Holdings Ltd.,,,6065586,,"37,293,628","1,355,250,442",0.50%,
Listed Equity,,,,Aon Plc,,,BLP1HW5,,"74,312","39,324,014",0.01%,
Listed Equity,,,,APA Group,,,6247306,,"13,239,673","123,961,162",0.05%,
Listed Equity,,,,APL Apollo Tubes Ltd.,,,BNDTGN9,,"204,908","6,543,536",0.00%,
Listed Equity,,,,"Apollo Global Management, Inc.",,,BN44JF6,,"38,682","8,397,100",0.00%,
Listed Equity,,,,Apollo Hospitals Enterprise Ltd.,,,6273583,,"63,888","7,506,852",0.00%,
Listed Equity,,,,Apollo Tyres Ltd.,,,6168902,,"228,454","1,905,814",0.00%,
Listed Equity,,,,"Apple, Inc.",,,2046251,,"5,524,690","2,252,293,954",0.83%,
Listed Equity,,,,"Applied Materials, Inc.",,,2046552,,"717,887","276,658,589",0.10%,
Listed Equity,,,,Applovin Corp.,,,BMV3LG4,,"62,849","63,505,906",0.02%,
Listed Equity,,,,Aptiv Plc,,,BTDN8H1,,"301,020","34,347,472",0.01%,
Listed Equity,,,,Arab National Bank,,,B12LZK2,,"1,748,026","15,109,549",0.01%,
Listed Equity,,,,Arabian Internet & Communications Services Co.,,,BMVH0Q9,,"7,298","656,791",0.00%,
Listed Equity,,,,ARB Corp. Ltd.,,,BWV03W5,,"507,806","15,970,499",0.01%,
Listed Equity,,,,ARC Resources Ltd.,,,B6463M8,,"649,665","18,450,484",0.01%,
Listed Equity,,,,ArcelorMittal SA,,,BYPBS67,,"675,627","46,513,510",0.02%,
Listed Equity,,,,Arch Capital Group Ltd.,,,2740542,,"370,344","53,270,445",0.02%,
Listed Equity,,,,Archer-Daniels-Midland Co.,,,2047317,,"498,350","42,963,397",0.02%,
Listed Equity,,,,Ares Management Corp.,,,BF14BT1,,"19,049","4,617,065",0.00%,
Listed Equity,,,,argenx SE,,,BNHKYX4,,"22,400","28,278,246",0.01%,
Listed Equity,,,,"Arista Networks, Inc.",,,BL9XPM3,,"727,765","142,999,247",0.05%,
Listed Equity,,,,Aristocrat Leisure Ltd.,,,6253983,,"7,081,775","412,017,670",0.15%,
Listed Equity,,,,Arthur J. Gallagher & Co.,,,2359506,,"22,192","8,612,233",0.00%,
Listed Equity,,,,Asahi Group Holdings Ltd.,,,6054409,,"1,057,804","16,828,658",0.01%,
Listed Equity,,,,Asahi Kasei Corp.,,,6054603,,"769,700","10,228,263",0.00%,
Listed Equity,,,,"ASE Technology Holding Co., Ltd.",,,BFXZDY1,,"2,122,358","25,373,777",0.01%,
Listed Equity,,,,Ashok Leyland Ltd.,,,B01NFT1,,"9,040,232","27,027,447",0.01%,
Listed Equity,,,,Ashtead Group Plc,,,0053673,,"284,847","29,221,217",0.01%,
Listed Equity,,,,Asia Cement Corp.,,,6056331,,"5,870,451","10,422,530",0.00%,
Listed Equity,,,,"Asia Vital Components Co., Ltd.",,,6544892,,"474,000","34,159,699",0.01%,
Listed Equity,,,,Asian Paints Ltd.,,,BCRWL65,,"331,430","15,314,572",0.01%,
Listed Equity,,,,ASICS Corp.,,,6057378,,"532,300","19,195,827",0.01%,
Listed Equity,,,,ASML Holding NV,,,B929F46,,"343,648","557,658,692",0.21%,
Listed Equity,,,,"ASPEED Technology, Inc.",,,B80VKP3,,"7,000","2,425,456",0.00%,
Listed Equity,,,,ASR Nederland NV,,,BD9PNF2,,"54,104","5,776,327",0.00%,
Listed Equity,,,,ASSA ABLOY AB,,,BYPC1T4,,"765,504","44,690,825",0.02%,
Listed Equity,,,,Assicurazioni Generali SpA,,,4056719,,"473,667","29,823,295",0.01%,
Listed Equity,,,,Associated British Foods Plc,,,0673123,,"290,925","12,729,489",0.00%,
Listed Equity,,,,"Astellas Pharma, Inc.",,,6985383,,"1,280,900","25,648,537",0.01%,
Listed Equity,,,,"Astera Labs, Inc.",,,BMTQ7V2,,"36,557","9,119,926",0.00%,
Listed Equity,,,,Astra Industrial Group,,,B3CQKT5,,"15,794","894,767",0.00%,
Listed Equity,,,,Astral Ltd.,,,BR2NB24,,"141,456","3,277,019",0.00%,
Listed Equity,,,,AstraZeneca PLC,,,0989529,,"968,946","269,509,536",0.10%,
Listed Equity,,,,"ASUSTek Computer, Inc.",,,6051046,,"855,437","22,373,161",0.01%,
Listed Equity,,,,ASX Ltd.,,,6129222,,"2,036,116","104,737,807",0.04%,
Listed Equity,,,,"AT&T, Inc.",,,2831811,,"5,153,007","191,948,255",0.07%,
Listed Equity,,,,"AtkinsRéalis Group, Inc.",,,BRJNZ47,,"111,680","10,824,871",0.00%,
Listed Equity,,,,Atlas Arteria Ltd.,,,BZ03TZ1,,"10,114,873","49,360,580",0.02%,
Listed Equity,,,,Atlas Copco AB,,,BLDBN41,,"2,054,975","55,506,376",0.02%,
Listed Equity,,,,Atlas Copco AB,,,BLDBN52,,"1,386,021","33,593,367",0.01%,
Listed Equity,,,,Atlassian Corp.,,,BQ1PC76,,"45,257","11,003,929",0.00%,
Listed Equity,,,,Atmos Energy Corp.,,,2315359,,"74,806","18,804,423",0.01%,
Listed Equity,,,,AUB Group Ltd.,,,B0MBNC3,,"813,702","25,062,022",0.01%,
Listed Equity,,,,Auckland International Airport Ltd.,,,BKX3XG2,,"964,745","6,930,028",0.00%,
Listed Equity,,,,AUO Corp.,,,6288190,,"10,683,000","6,245,800",0.00%,
Listed Equity,,,,Aurizon Holdings Ltd.,,,B87CVM3,,"28,163,024","102,795,038",0.04%,
Listed Equity,,,,Aurobindo Pharma Ltd.,,,6702634,,"826,862","16,320,349",0.01%,
Listed Equity,,,,Austal Ltd.,,,6137162,,"4,996,312","33,425,327",0.01%,
Listed Equity,,,,Austin Engineering Ltd.,,,6710615,,"19,385,128","4,652,431",0.00%,
Listed Equity,,,,"Autodesk, Inc.",,,2065159,,"117,601","52,202,252",0.02%,
Listed Equity,,,,"Autohome, Inc.",,,BH5QGR0,,"81,580","2,870,011",0.00%,
Listed Equity,,,,"Automatic Data Processing, Inc.",,,2065308,,"168,785","65,537,227",0.02%,
Listed Equity,,,,Autotrader Group Plc,,,BVYVFW2,,"827,080","9,782,543",0.00%,
Listed Equity,,,,"AutoZone, Inc.",,,2065955,,"4,455","22,657,468",0.01%,
Listed Equity,,,,"AvalonBay Communities, Inc.",,,2131179,,"49,500","13,588,468",0.01%,
Listed Equity,,,,Avery Dennison Corp.,,,2066408,,"41,391","11,289,188",0.00%,
Listed Equity,,,,AVI Ltd.,,,6040958,,"92,909","887,073",0.00%,
Listed Equity,,,,Aviva Plc,,,BPQY8M8,,"1,759,012","24,282,260",0.01%,
Listed Equity,,,,Avolta AG,,,B0R80X9,,"34,954","3,118,861",0.00%,
Listed Equity,,,,AXA SA,,,7088429,,"939,519","67,775,380",0.03%,
Listed Equity,,,,AXIA Energia SA,,,BV9B624,,"817,491","11,322,189",0.00%,
Listed Equity,,,,AXIA Energia SA,,,BV9B635,,"266,600","3,824,444",0.00%,
Listed Equity,,,,AXIA Energia SA,,,BVPBRT2,,"284,940","3,830,217",0.00%,
Listed Equity,,,,AXIA Energia SA,,,BVPJS93,,"266,600","94,806",0.00%,
Listed Equity,,,,Axiata Group Bhd.,,,B2QZGV5,,"980,300","912,892",0.00%,
Listed Equity,,,,Axis Bank Ltd.,,,BPFJHC7,,"374,186","7,924,971",0.00%,
Listed Equity,,,,"Axon Enterprise, Inc.",,,BDT5S35,,"6,654","5,666,951",0.00%,
Listed Equity,,,,Ayala Corp.,,,B09JBT3,,"170,039","2,028,378",0.00%,
Listed Equity,,,,Azrieli Group Ltd.,,,B5MN1W0,,"14,019","2,377,927",0.00%,
Listed Equity,,,,BAE Systems Plc,,,0263494,,"2,892,169","99,987,286",0.04%,
Listed Equity,,,,"Baidu, Inc.",,,B0J2D41,,"444,000","11,248,786",0.00%,
Listed Equity,,,,Bajaj Auto Ltd.,,,B2QKXW0,,"89,103","13,889,620",0.01%,
Listed Equity,,,,Bajaj Finance Ltd.,,,BTFGH15,,"509,356","8,386,143",0.00%,
Listed Equity,,,,Bajaj Finserv Ltd.,,,BMTWGK2,,"264,401","8,998,780",0.00%,
Listed Equity,,,,Baker Hughes Co.,,,BDHLTQ5,,"279,308","19,074,284",0.01%,
Listed Equity,,,,Ball Corp.,,,2073022,,"145,994","11,596,764",0.00%,
Listed Equity,,,,Banca Mediolanum SpA,,,BYWP840,,"111,380","3,819,263",0.00%,
Listed Equity,,,,Banca Monte dei Paschi di Siena SpA,,,BK93RS6,,"892,023","14,343,439",0.01%,
Listed Equity,,,,Banco Bilbao Vizcaya Argentaria SA,,,5501906,,"4,173,021","147,357,212",0.05%,
Listed Equity,,,,Banco BPM SpA,,,BYMD5K9,,"819,568","18,793,273",0.01%,
Listed Equity,,,,Banco Bradesco SA,,,B00FM53,,"4,833,649","25,584,951",0.01%,
Listed Equity,,,,Banco Bradesco SA,,,B00FM86,,"1,010,143","4,569,673",0.00%,
Listed Equity,,,,Banco Comercial Português SA,,,BZCNN35,,"4,781,823","7,547,531",0.00%,
Listed Equity,,,,Banco de Chile SA,,,2100845,,"12,218,706","3,536,262",0.00%,
Listed Equity,,,,Banco de Credito e Inversiones SA,,,2069355,,"110,019","10,686,870",0.00%,
Listed Equity,,,,Banco de Sabadell SA,,,B1X8QN2,,"3,749,314","22,219,963",0.01%,
Listed Equity,,,,Banco do Estado do Rio Grande do Sul SA,,,B23F8S9,,"1,596,600","6,851,011",0.00%,
Listed Equity,,,,Banco Santander Chile SA,,,2000257,,"30,578,055","3,616,175",0.00%,
Listed Equity,,,,Banco Santander Chile SA,,,2136646,,"34,414","1,605,488",0.00%,
Listed Equity,,,,Banco Santander SA,,,5705946,,"9,805,025","173,894,010",0.06%,
Listed Equity,,,,"Bandai Namco Holdings, Inc.",,,B0JDQD4,,"497,300","19,849,104",0.01%,
Listed Equity,,,,Bangchak Corp. Public Co. Ltd.,,,6360032,,"3,317,700","4,105,848",0.00%,
Listed Equity,,,,Bangkok Bank PCL,,,6368360,,"1,695,800","13,681,594",0.01%,
Listed Equity,,,,Bank Albilad,,,B12LZP7,,"210,809","2,091,890",0.00%,
Listed Equity,,,,Bank Aljazira,,,B12LZQ8,,"625,614","2,788,876",0.00%,
Listed Equity,,,,Bank Hapoalim BM,,,6075808,,"797,855","27,047,934",0.01%,
Listed Equity,,,,Bank Leumi Le-Israel B.M.,,,6076425,,"953,611","31,498,111",0.01%,
Listed Equity,,,,Bank of America Corp.,,,2295677,,"3,044,715","251,119,930",0.09%,
Listed Equity,,,,Bank of Baroda,,,BVF87C6,,"4,275,260","21,106,643",0.01%,
Listed Equity,,,,"Bank of Beijing Co., Ltd.",,,BP3R2W8,,"449,800","529,565",0.00%,
Listed Equity,,,,Bank of China Ltd.,,,B154564,,"43,035,000","37,878,581",0.01%,
Listed Equity,,,,Bank of China Ltd.,,,BP3R239,,"775,200","954,307",0.00%,
Listed Equity,,,,"Bank of Communications Co., Ltd.",,,BP3R2G2,,"1,048,400","1,632,994",0.00%,
Listed Equity,,,,"Bank of Communications Co., Ltd.",,,B0B8Z29,,"10,875,000","13,841,542",0.01%,
Listed Equity,,,,"Bank of Hangzhou Co., Ltd.",,,BYW5MZ9,,"2,794,400","9,173,424",0.00%,
Listed Equity,,,,Bank of Ireland Group Plc,,,BD1RP61,,"640,323","18,466,596",0.01%,
Listed Equity,,,,"Bank of Jiangsu Co., Ltd.",,,BYW5MY8,,"450,500","1,006,579",0.00%,
Listed Equity,,,,Bank of Montreal,,,2076009,,"412,721","80,482,177",0.03%,
Listed Equity,,,,"Bank of Ningbo Co., Ltd.",,,BD5CP06,,"896,570","5,410,725",0.00%,
Listed Equity,,,,Bank of Queensland Ltd.,,,6076243,,"11,031,945","72,038,601",0.03%,
Listed Equity,,,,"Bank of Shanghai Co., Ltd.",,,BD8P9J9,,"1,804,330","3,915,226",0.00%,
Listed Equity,,,,Bank Polska Kasa Opieki SA,,,5473113,,"132,302","11,318,291",0.00%,
Listed Equity,,,,Bankinter SA,,,5474008,,"244,411","6,093,083",0.00%,
Listed Equity,,,,Banque Cantonale Vaudoise,,,BMFY8R3,,"9,600","1,824,377",0.00%,
Listed Equity,,,,Banque Saudi Fransi,,,B12LZT1,,"2,200,450","14,797,401",0.01%,
Listed Equity,,,,Bapcor Ltd.,,,BLD2CY7,,"565,197","1,169,958",0.00%,
Listed Equity,,,,Barclays PLC,,,3134865,,"8,883,236","85,279,143",0.03%,
Listed Equity,,,,Barratt Redrow Plc,,,0081180,,"1,137,789","8,746,030",0.00%,
Listed Equity,,,,Barrick Mining Corp.,,,BNM23Q1,,"1,397,522","91,411,496",0.03%,
Listed Equity,,,,Barry Callebaut AG,,,5476929,,"1,394","3,446,002",0.00%,
Listed Equity,,,,Barwa Real Estate Co.,,,B0YTG26,,"2,108,503","2,271,764",0.00%,
Listed Equity,,,,BASF SE,,,5086577,,"491,217","38,437,590",0.01%,
Listed Equity,,,,"Baxter International, Inc.",,,2085102,,"238,102","6,826,888",0.00%,
Listed Equity,,,,Bayer AG,,,5069211,,"349,149","22,758,117",0.01%,
Listed Equity,,,,Bayerische Motoren Werke AG,,,5756030,,"46,204","7,445,727",0.00%,
Listed Equity,,,,Bayerische Motoren Werke AG,,,5756029,,"231,241","37,932,155",0.01%,
Listed Equity,,,,BB Seguridade Participações SA,,,B9N3SQ0,,"805,651","7,970,147",0.00%,
Listed Equity,,,,"BCE, Inc.",,,B188TH2,,"37,006","1,343,165",0.00%,
Listed Equity,,,,"BDO Unibank, Inc.",,,B5VJH76,,"7,253,471","24,885,449",0.01%,
Listed Equity,,,,BE Semiconductor Industries NV,,,BG0SCK9,,"66,791","15,733,241",0.01%,
Listed Equity,,,,Beach Energy Ltd.,,,6088204,,"15,682,804","18,427,295",0.01%,
Listed Equity,,,,"Becton, Dickinson & Co.",,,2087807,,"107,988","31,427,204",0.01%,
Listed Equity,,,,Bega Cheese Ltd.,,,B56CQJ5,,"1,322,767","8,015,968",0.00%,
Listed Equity,,,,Beiersdorf AG,,,5107401,,"76,147","12,563,369",0.00%,
Listed Equity,,,,Beijer Ref AB,,,BP2NJ48,,"140,966","3,418,924",0.00%,
Listed Equity,,,,"Beijing Yanjing Brewery Co., Ltd.",,,BD5CKK1,,"4,813,193","11,612,683",0.00%,
Listed Equity,,,,BELIMO Holding AG,,,BP0QDP8,,"8,423","12,451,665",0.00%,
Listed Equity,,,,Bellevue Gold Ltd.,,,BFZ31P0,,"22,297,947","38,018,000",0.01%,
Listed Equity,,,,Bendigo & Adelaide Bank Ltd.,,,6091280,,"7,516,512","79,073,706",0.03%,
Listed Equity,,,,"Bentley Systems, Inc.",,,BMC1PR6,,"16,563","947,930",0.00%,
Listed Equity,,,,"Berkshire Hathaway, Inc.",,,2073390,,"375,635","283,141,535",0.10%,
Listed Equity,,,,"Best Buy Co., Inc.",,,2094670,,"239,935","24,423,465",0.01%,
Listed Equity,,,,Bharat Petroleum Corp. Ltd.,,,6099723,,"3,853,423","24,688,209",0.01%,
Listed Equity,,,,Bharti Airtel Ltd.,,,6442327,,"3,512,106","123,382,954",0.05%,
Listed Equity,,,,BHP Group Ltd.,,,6144690,,"60,858,956","2,768,473,908",1.03%,
Listed Equity,,,,"Bilibili, Inc.",,,BLF8533,,"427,440","15,885,625",0.01%,
Listed Equity,,,,BIM Birlesik Magazalar AS,,,B0D0006,,"136,867","2,562,923",0.00%,
Listed Equity,,,,"Biogen, Inc.",,,2455965,,"96,546","25,479,689",0.01%,
Listed Equity,,,,bioMérieux SA,,,BF0LBX7,,"25,326","4,919,813",0.00%,
Listed Equity,,,,BKW AG,,,B76D410,,"14,052","4,479,090",0.00%,
Listed Equity,,,,"BlackRock Finance, Inc.",,,BMZBBT7,,"71,759","115,178,118",0.04%,
Listed Equity,,,,"Blackstone, Inc.",,,BKF2SL7,,"199,501","46,113,945",0.02%,
Listed Equity,,,,"Block, Inc.",,,BYNZGK1,,"147,307","14,378,365",0.01%,
Listed Equity,,,,Bloom Energy Corp.,,,BDD1BB8,,"19,848","2,586,178",0.00%,
Listed Equity,,,,BlueScope Steel Ltd.,,,6533232,,"5,777,581","139,066,375",0.05%,
Listed Equity,,,,"BNK Financial Group, Inc.",,,B3S98W7,,"575,432","9,506,364",0.00%,
Listed Equity,,,,BNP Paribas SA,,,7309681,,"760,305","108,181,227",0.04%,
Listed Equity,,,,BOC Hong Kong (Holdings) Ltd.,,,6536112,,"2,819,889","21,416,354",0.01%,
Listed Equity,,,,Boliden AB,,,BPYTZ57,,"166,366","13,942,411",0.01%,
Listed Equity,,,,Bolloré SE,,,4572709,,"428,628","3,618,970",0.00%,
Listed Equity,,,,"Bombardier, Inc.",,,BN33PL2,,"33,254","8,494,628",0.00%,
Listed Equity,,,,"Booking Holdings, Inc.",,,BDRXDB4,,"8,828","70,895,784",0.03%,
Listed Equity,,,,Booz Allen Hamilton Holding Corp.,,,B5367T7,,"46,227","5,847,956",0.00%,
Listed Equity,,,,Bosch Ltd.,,,B01NFV3,,"16,633","10,001,544",0.00%,
Listed Equity,,,,Bosideng International Holdings Ltd.,,,B24FZ32,,"1,742,000","1,518,000",0.00%,
Listed Equity,,,,Boston Scientific Corp.,,,2113434,,"132,107","18,889,409",0.01%,
Listed Equity,,,,Bouygues SA,,,4002121,,"221,043","17,265,408",0.01%,
Listed Equity,,,,BP Plc,,,0798059,,"9,805,089","85,595,136",0.03%,
Listed Equity,,,,BPER Banca SpA,,,4116099,,"893,142","18,246,726",0.01%,
Listed Equity,,,,Brambles Ltd.,,,B1FJ0C0,,"17,815,121","409,035,178",0.15%,
Listed Equity,,,,Bravura Solutions Ltd.,,,BZBHBM3,,"10,366,988","26,643,159",0.01%,
Listed Equity,,,,Brenntag SE,,,B4YVF56,,"109,897","9,592,318",0.00%,
Listed Equity,,,,Breville Group Ltd.,,,6158709,,"1,891,913","55,754,676",0.02%,
Listed Equity,,,,Bridgestone Corp.,,,6132101,,"680,296","23,207,425",0.01%,
Listed Equity,,,,Bristol Myers Squibb Co.,,,2126335,,"1,093,199","88,426,414",0.03%,
Listed Equity,,,,Britannia Industries Ltd.,,,BGSQG47,,"241,584","24,309,116",0.01%,
Listed Equity,,,,Broadcom Inc.,,,BDZ78H9,,"2,144,148","1,112,828,406",0.41%,
Listed Equity,,,,"Broadridge Financial Solutions, Inc.",,,B1VP7R6,,"71,611","24,070,252",0.01%,
Listed Equity,,,,Brookfield Asset Management Ltd.,,,BPCPYH2,,"337,278","26,529,588",0.01%,
Listed Equity,,,,Brookfield Corp.,,,BPCPYT4,,"1,130,740","77,956,936",0.03%,
Listed Equity,,,,Brookfield Renewable Corp.,,,BSQLLY3,,"47,655","2,744,862",0.00%,
Listed Equity,,,,"Brown & Brown, Inc.",,,2692687,,"80,410","9,610,373",0.00%,
Listed Equity,,,,Brown-Forman Corp.,,,2146838,,"87,468","3,448,483",0.00%,
Listed Equity,,,,BSE Ltd.,,,BD3DWQ6,,"244,840","10,752,586",0.00%,
Listed Equity,,,,BT Group Plc,,,3091357,,"3,971,928","14,941,373",0.01%,
Listed Equity,,,,"Builders FirstSource, Inc.",,,B0BV2M7,,"74,006","11,418,576",0.00%,
Listed Equity,,,,"Bumrungrad Hospital Public Co., Ltd.",,,B0166J7,,"169,200","1,268,450",0.00%,
Listed Equity,,,,Bunge Global SA,,,BQ6BPG9,,"188,125","25,130,352",0.01%,
Listed Equity,,,,Bunzl Plc,,,B0744B3,,"305,690","12,921,968",0.00%,
Listed Equity,,,,Bureau Veritas SA,,,B28DTJ6,,"252,777","12,100,225",0.00%,
Listed Equity,,,,"Burlington Stores, Inc.",,,BF311Y5,,"5,203","2,253,710",0.00%,
Listed Equity,,,,Buzzi SpA,,,5782206,,"56,230","5,149,652",0.00%,
Listed Equity,,,,"BXP, Inc.",,,2019479,,"13,221","1,351,740",0.00%,
Listed Equity,,,,"BYD Co., Ltd.",,,BD5CQ69,,"124,500","2,613,800",0.00%,
Listed Equity,,,,"BYD Co., Ltd.",,,6536651,,"878,300","16,134,685",0.01%,
Listed Equity,,,,"C.H. Robinson Worldwide, Inc.",,,2116228,,"69,410","16,786,313",0.01%,
Listed Equity,,,,"Cadence Design Systems, Inc.",,,2302232,,"142,500","66,795,606",0.02%,
Listed Equity,,,,"CAE, Inc.",,,2162760,,"401,249","18,322,301",0.01%,
Listed Equity,,,,CaixaBank SA,,,B283W97,,"2,154,834","39,639,550",0.01%,
Listed Equity,,,,Caliway Biopharmaceuticals Co. Ltd.,,,BPDZ051,,"178,000","1,316,772",0.00%,
Listed Equity,,,,Cameco Corp.,,,2166160,,"167,012","22,962,938",0.01%,
Listed Equity,,,,Canadian Imperial Bank of Commerce,,,2170525,,"626,149","85,967,644",0.03%,
Listed Equity,,,,Canadian National Railway Co.,,,2180632,,"451,557","67,060,382",0.02%,
Listed Equity,,,,Canadian Pacific Kansas City Ltd.,,,BMBQR09,,"603,448","66,860,339",0.02%,
Listed Equity,,,,Canadian Tire Corp. Ltd.,,,2172286,,"40,128","7,635,906",0.00%,
Listed Equity,,,,Canadian Utilities Ltd.,,,2172639,,"237,269","11,091,429",0.00%,
Listed Equity,,,,Canara Bank,,,BS5WYP9,,"8,170,672","21,117,811",0.01%,
Listed Equity,,,,"Canon, Inc.",,,6172323,,"810,393","36,478,204",0.01%,
Listed Equity,,,,"Capcom Co., Ltd.",,,6173694,,"288,200","10,066,626",0.00%,
Listed Equity,,,,Capgemini SE,,,4163437,,"135,215","33,875,335",0.01%,
Listed Equity,,,,Capital One Financial Corp.,,,2654461,,"280,489","101,940,937",0.04%,
Listed Equity,,,,CapitaLand Ascendas REIT,,,6563875,,"2,334,419","7,703,643",0.00%,
Listed Equity,,,,CapitaLand Integrated Commercial Trust,,,6420129,,"3,484,957","9,712,392",0.00%,
Listed Equity,,,,CapitaLand Investment Ltd.,,,BNHXFJ6,,"1,337,000","4,225,047",0.00%,
Listed Equity,,,,Capitec Bank Holdings Ltd.,,,6440859,,"96,887","36,439,254",0.01%,
Listed Equity,,,,Capricorn Metals Ltd.,,,BDD98W2,,"2,276,444","32,735,265",0.01%,
Listed Equity,,,,CAR Group Ltd.,,,BW0BGZ3,,"4,213,627","129,611,167",0.05%,
Listed Equity,,,,"Cardinal Health, Inc.",,,2175672,,"21,156","6,519,544",0.00%,
Listed Equity,,,,"Carlisle Cos., Inc.",,,2176318,,"32,891","15,776,434",0.01%,
Listed Equity,,,,Carlsberg A/S,,,4169219,,"71,961","14,171,953",0.01%,
Listed Equity,,,,Carrefour SA,,,5641567,,"663,204","16,621,051",0.01%,
Listed Equity,,,,Carrier Global Corp.,,,BK4N0D7,,"207,628","16,452,071",0.01%,
Listed Equity,,,,Carvana Co.,,,BYQHPG3,,"11,693","7,399,985",0.00%,
Listed Equity,,,,Catalyst Metals Ltd.,,,B17P5V0,,"3,576,694","26,324,468",0.01%,
Listed Equity,,,,"Catcher Technology Co., Ltd.",,,6186669,,"281,000","2,825,531",0.00%,
Listed Equity,,,,"Caterpillar, Inc.",,,2180201,,"260,347","223,655,973",0.08%,
Listed Equity,,,,"Cathay Financial Holdings Co., Ltd.",,,6425663,,"1,836,627","6,644,295",0.00%,
Listed Equity,,,,"Cboe Global Markets, Inc.",,,B5834C5,,"60,675","22,837,857",0.01%,
Listed Equity,,,,"CBRE Group, Inc.",,,B6WVMH3,,"99,228","23,925,726",0.01%,
Listed Equity,,,,"CCL Industries, Inc.",,,2159795,,"116,347","11,035,395",0.00%,
Listed Equity,,,,CD Projekt SA,,,7302215,,"15,267","1,534,686",0.00%,
Listed Equity,,,,CDW Corp.,,,BBM5MD6,,"84,275","17,212,649",0.01%,
Listed Equity,,,,"Celestica, Inc.",,,BSCB6L9,,"102,498","45,526,654",0.02%,
Listed Equity,,,,Cellnex Telecom SA,,,BX90C05,,"178,139","8,605,800",0.00%,
Listed Equity,,,,CEMEX SAB de CV,,,2488671,,"1,620,734","27,925,671",0.01%,
Listed Equity,,,,"Cencora, Inc.",,,2795393,,"16,344","8,278,003",0.00%,
Listed Equity,,,,Cencosud SA,,,B00R3L2,,"1,757,997","8,465,189",0.00%,
Listed Equity,,,,Centene Corp.,,,2807061,,"294,462","18,170,670",0.01%,
Listed Equity,,,,"CenterPoint Energy, Inc.",,,2440637,,"63,784","3,667,209",0.00%,
Listed Equity,,,,Central Japan Railway Co.,,,6183552,,"617,300","25,613,200",0.01%,
Listed Equity,,,,Centrica Plc,,,B033F22,,"3,039,485","10,394,607",0.00%,
Listed Equity,,,,Centuria Capital Group,,,6518745,,"1,590,068","3,299,391",0.00%,
Listed Equity,,,,CEZ as,,,5624030,,"92,670","8,743,850",0.00%,
Listed Equity,,,,"CF Industries Holdings, Inc.",,,B0G4K50,,"94,730","10,986,606",0.00%,
Listed Equity,,,,"CGI, Inc.",,,BJ2L575,,"260,065","36,070,010",0.01%,
Listed Equity,,,,Challenger Ltd.,,,6726300,,"7,160,845","67,383,551",0.02%,
Listed Equity,,,,Champion Iron Ltd.,,,BLD1SB3,,"771,874","4,685,275",0.00%,
Listed Equity,,,,Chang Hwa Commercial Bank Ltd.,,,6187855,,"14,984,801","14,625,241",0.01%,
Listed Equity,,,,Charoen Pokphand Foods Public Co. Ltd.,,,B5L2DG6,,"853,554","885,686",0.00%,
Listed Equity,,,,Charoen Pokphand Foods Public Co. Ltd.,,,6410874,,"17,784,100","18,453,585",0.01%,
Listed Equity,,,,"Charter Communications, Inc.",,,BZ6VT82,,"61,968","19,398,395",0.01%,
Listed Equity,,,,Charter Hall Retail REIT,,,6225595,,"4,909,545","20,296,059",0.01%,
Listed Equity,,,,Check Point Software Technologies Ltd.,,,2181334,,"73,716","20,512,471",0.01%,
Listed Equity,,,,Chemical Works of Gedeon Richter Plc,,,BC9ZH86,,"85,483","3,868,297",0.00%,
Listed Equity,,,,"Cheng Shin Rubber Ind. Co., Ltd.",,,6190228,,"1,211,000","1,705,002",0.00%,
Listed Equity,,,,"Cheniere Energy, Inc.",,,2654364,,"20,406","5,948,448",0.00%,
Listed Equity,,,,Chevron Corp.,,,2838555,,"541,039","123,655,626",0.05%,
Listed Equity,,,,"Chicony Electronics Co., Ltd.",,,6140579,,"407,000","2,272,684",0.00%,
Listed Equity,,,,China Airlines Ltd.,,,6189657,,"11,025,000","10,628,910",0.00%,
Listed Equity,,,,China CITIC Bank Corp. Ltd.,,,B1W0JF2,,"10,775,000","14,407,004",0.01%,
Listed Equity,,,,China Construction Bank Corp.,,,B0LMTQ3,,"48,137,000","73,026,730",0.03%,
Listed Equity,,,,China Construction Bank Corp.,,,BP3R3L4,,"569,900","1,136,230",0.00%,
Listed Equity,,,,China Everbright Bank Co. Ltd.,,,BP3R2P1,,"915,000","686,066",0.00%,
Listed Equity,,,,China Everbright Bank Co. Ltd.,,,B5NRRJ0,,"5,018,000","3,519,078",0.00%,
Listed Equity,,,,China Feihe Ltd.,,,BK0SBL1,,"4,483,000","3,506,644",0.00%,
Listed Equity,,,,"China Galaxy Securities Co., Ltd.",,,B92NYF2,,"2,843,000","5,493,824",0.00%,
Listed Equity,,,,China Hongqiao Group Ltd.,,,B44ZV94,,"404,500","2,542,140",0.00%,
Listed Equity,,,,China Jushi Co. Ltd.,,,BP3RDW5,,"1,643,833","6,039,115",0.00%,
Listed Equity,,,,China Lesso Group Holdings Ltd.,,,BCDBKF8,,"2,048,000","1,830,817",0.00%,
Listed Equity,,,,China Life Insurance Co. Ltd.,,,6718976,,"5,730,000","30,226,299",0.01%,
Listed Equity,,,,"China Mengniu Dairy Co., Ltd.",,,B01B1L9,,"3,593,000","10,321,238",0.00%,
Listed Equity,,,,"China Merchants Bank Co., Ltd.",,,BP3R273,,"474,600","4,292,688",0.00%,
Listed Equity,,,,"China Merchants Bank Co., Ltd.",,,B1DYPZ5,,"309,000","3,143,325",0.00%,
Listed Equity,,,,"China Merchants Port Holdings Co., Ltd.",,,6416139,,"238,000","694,224",0.00%,
Listed Equity,,,,"China Merchants Securities Co., Ltd.",,,BP3R303,,"133,000","475,472",0.00%,
Listed Equity,,,,"China Minsheng Banking Corp., Ltd.",,,B57JY24,,"6,545,000","4,955,633",0.00%,
Listed Equity,,,,"China Minsheng Banking Corp., Ltd.",,,BP3R2C8,,"965,800","794,704",0.00%,
Listed Equity,,,,China Overseas Land & Investment Ltd.,,,6192150,,"357,500","843,741",0.00%,
Listed Equity,,,,"China Pacific Insurance (Group) Co., Ltd.",,,BP3R2K6,,"96,700","870,690",0.00%,
Listed Equity,,,,"China Pacific Insurance (Group) Co., Ltd.",,,B2Q5H56,,"1,076,800","7,302,551",0.00%,
Listed Equity,,,,China Reinsurance (Group) Corp.,,,BYYN347,,"14,692,000","4,755,401",0.00%,
Listed Equity,,,,China Resources Land Ltd.,,,6193766,,"168,500","883,010",0.00%,
Listed Equity,,,,China Resources Pharmaceutical Group Ltd.,,,BYNGG26,,"3,200,500","2,743,941",0.00%,
Listed Equity,,,,China Tourism Group Duty Free Corp. Ltd.,,,BP3R466,,"47,000","954,827",0.00%,
Listed Equity,,,,"Chipotle Mexican Grill, Inc.",,,B0X7DZ3,,"742,987","41,224,442",0.02%,
Listed Equity,,,,Chocoladefabriken Lindt & Sprüngli AG,,,5962280,,512,"11,232,153",0.00%,
Listed Equity,,,,Chocoladefabriken Lindt & Sprüngli AG,,,5962309,,62,"13,660,113",0.01%,
Listed Equity,,,,"Chongqing Rural Commercial Bank Co., Ltd.",,,B4Q1Y57,,"3,451,000","4,088,999",0.00%,
Listed Equity,,,,Chow Tai Fook Jewellery Group Ltd.,,,B4R39F7,,"1,222,000","2,917,020",0.00%,
Listed Equity,,,,"Chroma Ate, Inc.",,,6212100,,"50,000","1,849,398",0.00%,
Listed Equity,,,,Chubb Ltd.,,,B3BQMF6,,"244,711","114,891,160",0.04%,
Listed Equity,,,,"Chubu Electric Power Co., Inc.",,,6195609,,"480,400","11,085,581",0.00%,
Listed Equity,,,,"Chugai Pharmaceutical Co., Ltd.",,,6196408,,"549,500","43,925,659",0.02%,
Listed Equity,,,,"Church & Dwight Co., Inc.",,,2195841,,"118,688","14,923,879",0.01%,
Listed Equity,,,,Ciena Corp.,,,B1FLZ21,,"48,168","16,892,930",0.01%,
Listed Equity,,,,CIMB Group Holdings Bhd.,,,6075745,,"4,155,371","12,668,452",0.00%,
Listed Equity,,,,Cincinnati Financial Corp.,,,2196888,,"53,488","13,169,670",0.00%,
Listed Equity,,,,Cintas Corp.,,,2197137,,"209,869","59,188,817",0.02%,
Listed Equity,,,,"Cisco Systems, Inc.",,,2198163,,"3,852,434","445,007,110",0.16%,
Listed Equity,,,,CITIC Ltd.,,,6196152,,"7,134,000","16,575,908",0.01%,
Listed Equity,,,,"CITIC Securities Co., Ltd.",,,BP3R2J5,,"282,790","1,744,282",0.00%,
Listed Equity,,,,"Citigroup, Inc.",,,2297907,,"980,081","171,501,315",0.06%,
Listed Equity,,,,"Citizens Financial Group, Inc. (Rhode Island)",,,BQRX1X3,,"265,223","23,231,125",0.01%,
Listed Equity,,,,CJ Corp.,,,6189516,,"3,240","580,119",0.00%,
Listed Equity,,,,CK Asset Holdings Ltd.,,,BYZQ077,,"1,180,740","8,944,678",0.00%,
Listed Equity,,,,CK Hutchison Holdings Ltd.,,,BW9P816,,"2,252,500","22,978,818",0.01%,
Listed Equity,,,,CK Infrastructure Holdings Ltd.,,,BYVS6J1,,"524,000","5,815,013",0.00%,
Listed Equity,,,,Clarity Pharmaceuticals Ltd.,,,BMCHJF0,,"537,896","1,818,088",0.00%,
Listed Equity,,,,Cleanaway Waste Management Ltd.,,,BYQ8KW7,,"22,179,962","57,446,102",0.02%,
Listed Equity,,,,"Cloudflare, Inc.",,,BJXC5M2,,"27,968","8,268,563",0.00%,
Listed Equity,,,,"CME Group, Inc.",,,2965839,,"117,022","47,921,373",0.02%,
Listed Equity,,,,CMOC Group Ltd.,,,B1VRCG6,,"5,889,000","21,829,487",0.01%,
Listed Equity,,,,CMOC Group Ltd.,,,BP3R574,,"469,900","2,019,087",0.00%,
Listed Equity,,,,CMS Energy Corp.,,,2219224,,"132,982","13,945,312",0.01%,
Listed Equity,,,,CNH Industrial NV,,,BDX85Z1,,"817,826","11,307,424",0.00%,
Listed Equity,,,,CNOOC Energy Technology & Services Ltd.,,,BK4XS88,,"2,113,500","1,743,625",0.00%,
Listed Equity,,,,Coca-Cola Europacific Partners plc,,,BYQQ3P5,,"75,397","10,254,942",0.00%,
Listed Equity,,,,Cochlear Ltd.,,,6211798,,"816,836","212,916,472",0.08%,
Listed Equity,,,,Codan Ltd.,,,6712611,,"1,741,879","49,521,620",0.02%,
Listed Equity,,,,COG Financial Services Ltd.,,,BD2ZF42,,"4,928,150","10,299,834",0.00%,
Listed Equity,,,,Cognizant Technology Solutions Corp.,,,2257019,,"568,265","70,729,542",0.03%,
Listed Equity,,,,"Coinbase Global, Inc.",,,BMC9P69,,"18,340","6,219,401",0.00%,
Listed Equity,,,,Coles Group Ltd.,,,BYWR0T5,,"15,668,219","335,926,615",0.12%,
Listed Equity,,,,Colgate-Palmolive Co.,,,2209106,,"206,492","24,468,768",0.01%,
Listed Equity,,,,Coloplast A/S,,,B8FMRX8,,"76,487","9,854,631",0.00%,
Listed Equity,,,,Comcast Corp.,,,2044545,,"3,546,798","158,976,970",0.06%,
Listed Equity,,,,"Comfort Systems USA, Inc.",,,2036047,,"21,742","30,429,019",0.01%,
Listed Equity,,,,Commercial Bank of Qatar,,,6150448,,"277,591","480,182",0.00%,
Listed Equity,,,,Commercial International Bank - Egypt (CIB) SAE,,,6243898,,"544,776","1,764,041",0.00%,
Listed Equity,,,,Commercial International Bank - Egypt (CIB) SAE,,,5668287,,"1,182,519","3,794,842",0.00%,
Listed Equity,,,,Commerzbank AG,,,B90LKT4,,"373,530","23,748,662",0.01%,
Listed Equity,,,,Commonwealth Bank of Australia,,,6215035,,"20,258,899","3,252,971,412",1.20%,
Listed Equity,,,,Compagnie de Saint-Gobain SA,,,7380482,,"444,198","68,030,330",0.03%,
Listed Equity,,,,Compagnie Financière Richemont SA,,,BCRWZ18,,"293,333","95,526,795",0.04%,
Listed Equity,,,,Compagnie Générale des Établissements Michelin SCA,,,BPBPJ01,,"452,196","22,546,183",0.01%,
Listed Equity,,,,"Compal Electronics, Inc.",,,6225744,,"14,870,716","21,575,666",0.01%,
Listed Equity,,,,Companhia de Saneamento Basico do Estado de Sao Paulo SABESP,,,B1YCHL8,,"167,979","6,249,249",0.00%,
Listed Equity,,,,Companhia de Saneamento Basico do Estado de Sao Paulo SABESP,,,2945927,,"224,105","8,170,896",0.00%,
Listed Equity,,,,Companhia Energética de Minas Gerais SA,,,B1YBRG0,,"6,237,384","20,647,677",0.01%,
Listed Equity,,,,Companhia Paranaense de Energia,,,2192831,,"1,088,700","3,896,970",0.00%,
Listed Equity,,,,Compass Group Plc,,,BD6K457,,"1,301,165","62,042,622",0.02%,
Listed Equity,,,,"Compeq Manufacturing Co., Ltd.",,,6215273,,"426,000","1,892,858",0.00%,
Listed Equity,,,,Computershare Ltd.,,,6180412,,"7,012,045","239,391,216",0.09%,
Listed Equity,,,,ConocoPhillips,,,2685717,,"568,891","79,858,869",0.03%,
Listed Equity,,,,"Consolidated Edison, Inc.",,,2216850,,"188,346","28,052,073",0.01%,
Listed Equity,,,,"Constellation Brands, Inc.",,,2170473,,"64,093","13,259,759",0.00%,
Listed Equity,,,,Constellation Energy Corp.,,,BMH4FS1,,"85,752","45,427,921",0.02%,
Listed Equity,,,,"Constellation Software, Inc.",,,B15C4L6,,"11,224","40,554,560",0.02%,
Listed Equity,,,,"Constellation Software, Inc.",,,BR52TP7,,"9,682",0,0.00%,
Listed Equity,,,,Contact Energy Ltd.,,,6152529,,"488,883","3,899,636",0.00%,
Listed Equity,,,,Continental AG,,,4598589,,"106,066","12,695,097",0.00%,
Listed Equity,,,,"Copart, Inc.",,,2208073,,"476,803","27,992,558",0.01%,
Listed Equity,,,,"Corebridge Financial, Inc.",,,BMTX0G9,,"154,837","7,005,222",0.00%,
Listed Equity,,,,"CoreWeave, Inc.",,,BTTRKN7,,"15,355","1,648,904",0.00%,
Listed Equity,,,,"Corning, Inc.",,,2224701,,"614,679","80,709,745",0.03%,
Listed Equity,,,,Coromandel International Ltd.,,,B0VDZN5,,"250,640","9,477,605",0.00%,
Listed Equity,,,,"Corpay, Inc.",,,BMX5GK7,,"22,577","10,188,343",0.00%,
Listed Equity,,,,Corporación Inmobiliaria Vesta SAB de CV,,,B8F6ZF8,,"5,702,722","26,202,891",0.01%,
Listed Equity,,,,Corporate Travel Management Ltd.,,,B3R1D52,,"226,580","3,641,141",0.00%,
Listed Equity,,,,"Corteva, Inc.",,,BK73B42,,"268,435","26,982,377",0.01%,
Listed Equity,,,,COSCO SHIPPING Holdings Co. Ltd.,,,BP3R552,,"286,520","934,429",0.00%,
Listed Equity,,,,COSCO SHIPPING Holdings Co. Ltd.,,,B0B8Z18,,"4,865,500","12,889,233",0.00%,
Listed Equity,,,,"CoStar Group, Inc.",,,2262864,,"115,118","11,607,609",0.00%,
Listed Equity,,,,Costco Wholesale Corp.,,,2701271,,"238,749","308,739,316",0.11%,
Listed Equity,,,,"Coterra Energy, Inc.",,,2162340,,"508,154","20,056,404",0.01%,
Listed Equity,,,,Covivio SA,,,7745638,,"39,478","3,938,778",0.00%,
Listed Equity,,,,"COWAY Co., Ltd.",,,6173401,,"615,428","55,672,475",0.02%,
Listed Equity,,,,CP All Public Co. Ltd.,,,B08YDH1,,"1,845,600","3,821,371",0.00%,
Listed Equity,,,,CP All Public Co. Ltd.,,,B08YDF9,,"1,323,550","2,740,451",0.00%,
Listed Equity,,,,CP Axtra Public Co. Ltd.,,,BRXGJ06,,"926,800","692,593",0.00%,
Listed Equity,,,,CPFL Energia SA,,,B031NN3,,"1,088,300","15,871,042",0.01%,
Listed Equity,,,,Crédit Agricole SA,,,7262610,,"756,838","23,393,031",0.01%,
Listed Equity,,,,Credit Corp. Group Ltd.,,,6287658,,"219,711","3,089,137",0.00%,
Listed Equity,,,,Credo Technology Group Holding Ltd.,,,BLD13F2,,"57,492","12,405,374",0.00%,
Listed Equity,,,,CRH Plc,,,B01ZKD6,,"366,564","68,601,915",0.03%,
Listed Equity,,,,"CrowdStrike Holdings, Inc.",,,BJJP138,,"22,297","15,673,602",0.01%,
Listed Equity,,,,"Crown Castle, Inc.",,,BTGQCX1,,"39,597","5,277,027",0.00%,
Listed Equity,,,,"CSC Financial Co., Ltd.",,,BDZRFN4,,"103,000","592,386",0.00%,
Listed Equity,,,,CSL Ltd.,,,6185495,,"5,887,208","1,016,426,461",0.38%,
Listed Equity,,,,CSPC Pharmaceutical Group Ltd.,,,6191997,,"2,800,000","4,547,603",0.00%,
Listed Equity,,,,CSX Corp.,,,2160753,,"1,204,695","65,487,282",0.02%,
Listed Equity,,,,"CTBC Financial Holding Co., Ltd.",,,6527666,,"11,148,592","26,710,529",0.01%,
Listed Equity,,,,CTS Eventim AG & Co. KGaA,,,5881857,,"36,313","5,020,399",0.00%,
Listed Equity,,,,Cummins India Ltd.,,,6294863,,"332,844","24,625,626",0.01%,
Listed Equity,,,,"Cummins, Inc.",,,2240202,,"115,833","88,666,049",0.03%,
Listed Equity,,,,CVC Capital Partners Plc,,,BRX9808,,"187,397","4,719,599",0.00%,
Listed Equity,,,,CVS Health Corp.,,,2577609,,"738,378","87,872,352",0.03%,
Listed Equity,,,,CyberArk Software Ltd.,,,BQT3XY6,,"18,554","12,410,883",0.00%,
Listed Equity,,,,"D.R. Horton, Inc.",,,2250687,,"324,958","70,186,250",0.03%,
Listed Equity,,,,Dabur India Ltd.,,,6297356,,"116,599","979,698",0.00%,
Listed Equity,,,,"Dai Nippon Printing Co., Ltd.",,,6250906,,"291,730","7,518,944",0.00%,
Listed Equity,,,,"Daifuku Co., Ltd.",,,6250025,,"268,100","12,736,913",0.00%,
Listed Equity,,,,"Dai-ichi Life Holdings, Inc.",,,B601QS4,,"1,966,100","24,518,550",0.01%,
Listed Equity,,,,"Daiichi Sankyo Co., Ltd.",,,B0J7D91,,"1,075,235","34,440,305",0.01%,
Listed Equity,,,,DAIKIN INDUSTRIES Ltd.,,,6250724,,"147,720","28,377,959",0.01%,
Listed Equity,,,,Daimler Truck Holding AG,,,BP6VLQ4,,"498,876","32,789,945",0.01%,
Listed Equity,,,,Daito Trust Construction Co. Ltd.,,,6250508,,"356,600","10,187,070",0.00%,
Listed Equity,,,,"Daiwa House Industry Co., Ltd.",,,6251363,,"408,600","20,319,489",0.01%,
Listed Equity,,,,"Daiwa Securities Group, Inc.",,,6251448,,"497,800","6,526,977",0.00%,
Listed Equity,,,,Dalrymple Bay Infrastructure Ltd.,,,BNM6Z56,,"1,957,387","9,806,509",0.00%,
Listed Equity,,,,Danaher Corp.,,,2250870,,"174,237","59,896,663",0.02%,
Listed Equity,,,,Danone SA,,,B1Y9TB3,,"351,556","47,538,894",0.02%,
Listed Equity,,,,Danske Bank A/S,,,4588825,,"436,683","32,806,062",0.01%,
Listed Equity,,,,Dar Al Arkan Real Estate Development Co.,,,B2NC4X7,,"475,392","3,029,620",0.00%,
Listed Equity,,,,"Darden Restaurants, Inc.",,,2289874,,"57,115","15,761,119",0.01%,
Listed Equity,,,,Dassault Aviation SA,,,BMT9L19,,"15,329","7,391,860",0.00%,
Listed Equity,,,,Dassault Systèmes SE,,,BM8H5Y5,,"484,770","20,353,937",0.01%,
Listed Equity,,,,"Datadog, Inc.",,,BKT9Y49,,"27,367","5,580,923",0.00%,
Listed Equity,,,,Davide Campari-Milano NV,,,BMQ5W17,,"196,191","1,913,544",0.00%,
Listed Equity,,,,"DB HITEK Co., Ltd.",,,6407757,,"25,748","1,811,898",0.00%,
Listed Equity,,,,"DB Insurance Co., Ltd.",,,6155937,,"81,332","11,099,608",0.00%,
Listed Equity,,,,DBS Group Holdings Ltd.,,,6175203,,"1,309,224","86,043,054",0.03%,
Listed Equity,,,,DCC Plc,,,0242493,,"95,430","8,912,021",0.00%,
Listed Equity,,,,Deckers Outdoor Corp.,,,2267278,,"121,538","18,894,571",0.01%,
Listed Equity,,,,Deere & Co.,,,2261203,,"22,768","15,951,086",0.01%,
Listed Equity,,,,Delivery Hero SE,,,BZCNB42,,"61,194","2,448,633",0.00%,
Listed Equity,,,,"Dell Technologies, Inc.",,,BHKD3S6,,"205,575","38,806,000",0.01%,
Listed Equity,,,,"Delta Air Lines, Inc.",,,B1W9D46,,"135,291","14,079,921",0.01%,
Listed Equity,,,,Delta Electronics (Thailand) Public Co. Ltd.,,,BRJS8G5,,"333,551","2,746,633",0.00%,
Listed Equity,,,,Delta Electronics (Thailand) Public Co. Ltd.,,,6418931,,"363,300","2,991,602",0.00%,
Listed Equity,,,,"Delta Electronics, Inc.",,,6260734,,"1,745,774","80,236,700",0.03%,
Listed Equity,,,,Demant A/S,,,BZ01RF1,,"64,078","3,251,571",0.00%,
Listed Equity,,,,DENSO Corp.,,,6640381,,"1,059,300","21,869,989",0.01%,
Listed Equity,,,,Deterra Royalties Ltd.,,,BJP5T05,,"891,883","3,629,964",0.00%,
Listed Equity,,,,Deutsche Bank AG,,,5750355,,"1,328,354","77,460,350",0.03%,
Listed Equity,,,,Deutsche Börse AG,,,7021963,,"106,881","42,108,807",0.02%,
Listed Equity,,,,Deutsche Lufthansa AG,,,5287488,,"817,963","12,109,591",0.00%,
Listed Equity,,,,Deutsche Post AG,,,4617859,,"928,393","76,407,165",0.03%,
Listed Equity,,,,Deutsche Telekom AG,,,5842359,,"2,244,360","109,332,969",0.04%,
Listed Equity,,,,Devon Energy Corp.,,,2480677,,"456,721","25,087,636",0.01%,
Listed Equity,,,,"DexCom, Inc.",,,B0796X4,,"185,895","18,501,689",0.01%,
Listed Equity,,,,Diageo Plc,,,0237400,,"1,302,724","42,133,901",0.02%,
Listed Equity,,,,"Diamondback Energy, Inc.",,,B7Y8YR3,,"114,194","25,743,097",0.01%,
Listed Equity,,,,Dicker Data Ltd.,,,B3YPKQ7,,"341,747","3,516,577",0.00%,
Listed Equity,,,,"Dick's Sporting Goods, Inc.",,,2969637,,"58,126","17,256,061",0.01%,
Listed Equity,,,,D'Ieteren Group,,,4247494,,"14,014","3,798,457",0.00%,
Listed Equity,,,,"Digital Realty Trust, Inc.",,,B03GQS4,,"30,297","7,084,369",0.00%,
Listed Equity,,,,Dino Polska SA,,,BD0YVN2,,"3,467,552","59,806,349",0.02%,
Listed Equity,,,,DISCO Corp.,,,6270948,,"75,600","34,839,875",0.01%,
Listed Equity,,,,Discovery Ltd.,,,6177878,,"271,801","5,598,020",0.00%,
Listed Equity,,,,Divi's Laboratories Ltd.,,,6602518,,"12,198","1,300,981",0.00%,
Listed Equity,,,,DNB Bank ASA,,,BNG7113,,"328,212","13,735,647",0.01%,
Listed Equity,,,,"DocuSign, Inc.",,,BFYT7B7,,"99,078","10,162,608",0.00%,
Listed Equity,,,,Doha Bank,,,6273420,,"977,465","1,155,405",0.00%,
Listed Equity,,,,Dollar General Corp.,,,B5B1S13,,"56,851","11,319,048",0.00%,
Listed Equity,,,,"Dollar Tree, Inc.",,,2272476,,"66,329","12,235,331",0.00%,
Listed Equity,,,,"Dollarama, Inc.",,,B4TP9G2,,"155,605","34,921,067",0.01%,
Listed Equity,,,,"Dominion Energy, Inc.",,,2542049,,"352,555","30,975,778",0.01%,
Listed Equity,,,,Domino'S Pizza Enterprises Ltd.,,,B07SFG7,,"135,753","2,850,813",0.00%,
Listed Equity,,,,"Domino's Pizza, Inc.",,,B01SD70,,"9,395","5,872,421",0.00%,
Listed Equity,,,,"DoorDash, Inc.",,,BN13P03,,"103,877","35,279,393",0.01%,
Listed Equity,,,,"Doosan Bobcat, Inc.",,,BYX9GP8,,"144,463","8,677,127",0.00%,
Listed Equity,,,,Doosan Corp.,,,6661111,,"5,208","4,234,143",0.00%,
Listed Equity,,,,"Doosan Enerbility Co., Ltd.",,,6294670,,"9,682","758,933",0.00%,
Listed Equity,,,,Dover Corp.,,,2278407,,"84,429","24,719,079",0.01%,
Listed Equity,,,,"Dow, Inc.",,,BHXCF84,,"297,891","10,444,165",0.00%,
Listed Equity,,,,Downer EDI Ltd.,,,6465573,,"8,899,189","70,748,553",0.03%,
Listed Equity,,,,Dr. Lal PathLabs Ltd.,,,BYY2W03,,"32,232","797,302",0.00%,
Listed Equity,,,,Dr. Reddy's Laboratories Ltd.,,,BQ2KJW4,,"1,207,922","25,623,165",0.01%,
Listed Equity,,,,"DraftKings, Inc.",,,BLDDH12,,"42,360","2,188,986",0.00%,
Listed Equity,,,,DroneShield Ltd.,,,BYV1JW4,,"1,775,264","5,467,813",0.00%,
Listed Equity,,,,DSM-Firmenich AG,,,BPCPSD6,,"67,302","8,150,238",0.00%,
Listed Equity,,,,DSV A/S,,,B1WT5G2,,"74,912","28,527,647",0.01%,
Listed Equity,,,,DTE Energy Co.,,,2280220,,"82,372","16,076,035",0.01%,
Listed Equity,,,,Dubai Electricity & Water Authority,,,BJLTVJ4,,"790,517","894,033",0.00%,
Listed Equity,,,,Dubai Islamic Bank PJSC,,,6283452,,"2,576,499","9,751,523",0.00%,
Listed Equity,,,,Duke Energy Corp.,,,B7VD3F2,,"305,124","53,630,628",0.02%,
Listed Equity,,,,"DuPont de Nemours, Inc.",,,BK0VN47,,"189,673","11,434,138",0.00%,
Listed Equity,,,,"Dynatrace, Inc.",,,BJV2RD9,,"155,467","10,104,131",0.00%,
Listed Equity,,,,Dyno Nobel Ltd.,,,BVBH523,,"19,243,212","61,770,711",0.02%,
Listed Equity,,,,E.ON SE,,,4942904,,"821,060","23,317,451",0.01%,
Listed Equity,,,,"E.SUN Financial Holding Co., Ltd.",,,6433912,,"5,500,837","8,860,563",0.00%,
Listed Equity,,,,Eagers Automotive Ltd.,,,6296201,,"2,552,149","62,884,951",0.02%,
Listed Equity,,,,East Japan Railway Co.,,,6298542,,"360,100","14,235,135",0.01%,
Listed Equity,,,,"Eastroc Beverage (Group) Co., Ltd.",,,BP91NL0,,"79,358","4,558,851",0.00%,
Listed Equity,,,,Eaton Corp. Plc,,,B8KQN82,,"304,668","145,519,689",0.05%,
Listed Equity,,,,Ebara Corp.,,,6302700,,"344,500","12,224,965",0.00%,
Listed Equity,,,,"eBay, Inc.",,,2293819,,"411,080","53,692,836",0.02%,
Listed Equity,,,,EchoStar Corp.,,,B2NC471,,"12,542","2,044,411",0.00%,
Listed Equity,,,,"Ecolab, Inc.",,,2304227,,"69,125","27,288,230",0.01%,
Listed Equity,,,,"Ecopro BM Co., Ltd.",,,BJ321P7,,"36,132","5,514,034",0.00%,
Listed Equity,,,,EcoRodovias Infraestrutura e Logística SA,,,B5720R0,,"2,087,100","6,054,248",0.00%,
Listed Equity,,,,Edenred SE,,,B62G1B5,,"142,144","4,733,981",0.00%,
Listed Equity,,,,Edison International,,,2829515,,"221,929","19,974,775",0.01%,
Listed Equity,,,,EDP Renováveis SA,,,B39GNW2,,"98,056","2,079,252",0.00%,
Listed Equity,,,,EDP SA,,,4103596,,"2,084,899","14,375,509",0.01%,
Listed Equity,,,,Edwards Lifesciences Corp.,,,2567116,,"292,878","37,441,478",0.01%,
Listed Equity,,,,Eicher Motors Ltd.,,,BMW4CV8,,"193,480","23,605,523",0.01%,
Listed Equity,,,,Eiffage SA,,,B13X013,,"73,535","15,851,923",0.01%,
Listed Equity,,,,"Eisai Co., Ltd.",,,6307200,,"140,200","6,250,461",0.00%,
Listed Equity,,,,ELAN Microelectronics Corp.,,,6241513,,"147,000","831,370",0.00%,
Listed Equity,,,,Elbit Systems Ltd.,,,6308913,,"10,010","8,658,722",0.00%,
Listed Equity,,,,Elders Ltd.,,,6357852,,"401,294","2,748,864",0.00%,
Listed Equity,,,,"Electronic Arts, Inc.",,,2310194,,"149,922","45,937,711",0.02%,
Listed Equity,,,,Element Fleet Management Corp.,,,B7FNMQ2,,"317,584","12,570,159",0.00%,
Listed Equity,,,,"Elevance Health, Inc.",,,BSPHGL4,,"138,802","72,965,496",0.03%,
Listed Equity,,,,Elevra Lithium Ltd.,,,BVBM1M0,,"3,009,557","24,196,838",0.01%,
Listed Equity,,,,Eli Lilly & Co.,,,2516152,,"285,488","460,085,842",0.17%,
Listed Equity,,,,Elia Group SA/NV,,,B09M9F4,,"10,500","2,028,628",0.00%,
Listed Equity,,,,Elisa Oyj,,,5701513,,"120,531","8,011,376",0.00%,
Listed Equity,,,,Elm Co. (Saudi Arabia),,,BNYDSH8,,"8,346","2,495,904",0.00%,
Listed Equity,,,,Emaar Development PJSC,,,BDG1977,,"715,058","4,422,997",0.00%,
Listed Equity,,,,Emaar Properties PJSC,,,B01RM25,,"7,669,373","43,994,554",0.02%,
Listed Equity,,,,Embassy Office Parks REIT,,,BJH4V15,,"181,238","1,316,344",0.00%,
Listed Equity,,,,"EMCOR Group, Inc.",,,2474164,,"33,770","30,981,702",0.01%,
Listed Equity,,,,"Emera, Inc.",,,2650050,,"210,671","15,589,133",0.01%,
Listed Equity,,,,Emerald Resources NL,,,6107381,,"1,007,737","6,368,898",0.00%,
Listed Equity,,,,Emerson Electric Co.,,,2313405,,"239,827","47,731,633",0.02%,
Listed Equity,,,,Emirates NBD Bank PJSC,,,B28PFX8,,"1,979,461","22,507,895",0.01%,
Listed Equity,,,,Emirates Telecommunications Group Co. PJSC,,,6322173,,"1,276,296","9,556,821",0.00%,
Listed Equity,,,,Empire Co. Ltd.,,,2314000,,"183,276","9,567,966",0.00%,
Listed Equity,,,,EMS-Chemie Holding AG,,,7635610,,"7,708","8,017,132",0.00%,
Listed Equity,,,,"Enbridge, Inc.",,,2466149,,"845,607","60,759,658",0.02%,
Listed Equity,,,,Endeavour Group Ltd. (Australia),,,BNVS144,,"14,325,857","52,432,637",0.02%,
Listed Equity,,,,Endeavour Mining Plc,,,BL6K5J4,,"146,253","11,422,218",0.00%,
Listed Equity,,,,Endesa SA,,,5271782,,"218,175","11,769,511",0.00%,
Listed Equity,,,,Enel Américas SA,,,2299453,,"12,060,215","1,718,316",0.00%,
Listed Equity,,,,Enel Chile SA,,,BYMLZD6,,"94,028,573","11,571,852",0.00%,
Listed Equity,,,,Enel SpA,,,7144569,,"4,490,063","70,198,059",0.03%,
Listed Equity,,,,"ENEOS Holdings, Inc.",,,B627LW9,,"1,553,500","16,452,694",0.01%,
Listed Equity,,,,Energisa SA,,,B56XQT8,,"20,597","265,825",0.00%,
Listed Equity,,,,ENGIE Brasil Energia SA,,,BD1WX84,,"48,527","417,755",0.00%,
Listed Equity,,,,ENGIE SA,,,B0C2CQ3,,"1,425,680","56,269,151",0.02%,
Listed Equity,,,,Eni SpA,,,7145056,,"1,673,653","47,574,628",0.02%,
Listed Equity,,,,Entain Plc,,,B5VQMV6,,"293,688","4,541,144",0.00%,
Listed Equity,,,,"Entegris, Inc.",,,2599700,,"41,513","5,244,763",0.00%,
Listed Equity,,,,Entergy Corp.,,,2317087,,"194,794","26,999,789",0.01%,
Listed Equity,,,,"EOG Resources, Inc.",,,2318024,,"357,395","56,279,597",0.02%,
Listed Equity,,,,Epiroc AB,,,BMD58W3,,"294,281","8,937,252",0.00%,
Listed Equity,,,,Epiroc AB,,,BMD58R8,,"535,939","18,298,911",0.01%,
Listed Equity,,,,EQT AB,,,BJ7W9K4,,"266,900","15,794,603",0.01%,
Listed Equity,,,,EQT Corp.,,,2319414,,"158,489","12,739,012",0.00%,
Listed Equity,,,,"Equifax, Inc.",,,2319146,,"33,070","10,760,334",0.00%,
Listed Equity,,,,"Equinix, Inc.",,,BVLZX12,,"8,731","10,031,256",0.00%,
Listed Equity,,,,Equinor ASA,,,7133608,,"554,758","19,546,464",0.01%,
Listed Equity,,,,"Equitable Holdings, Inc.",,,BKRMR96,,"137,202","9,803,817",0.00%,
Listed Equity,,,,"Equity LifeStyle Properties, Inc.",,,2563125,,"16,962","1,554,776",0.00%,
Listed Equity,,,,Equity Residential,,,2319157,,"123,200","11,646,589",0.00%,
Listed Equity,,,,Erie Indemnity Co.,,,2311711,,"15,256","6,557,895",0.00%,
Listed Equity,,,,Erste Group Bank AG,,,5289837,,"169,149","30,654,290",0.01%,
Listed Equity,,,,"Essential Utilities, Inc.",,,BLCF3J9,,"107,527","6,185,403",0.00%,
Listed Equity,,,,"Essex Property Trust, Inc.",,,2316619,,"31,671","12,428,083",0.00%,
Listed Equity,,,,EssilorLuxottica SA,,,7212477,,"136,343","64,810,023",0.02%,
Listed Equity,,,,Essity AB,,,BF1K7P7,,"340,265","14,678,722",0.01%,
Listed Equity,,,,Etihad Etisalat Co.,,,B12LR51,,"902,030","23,801,967",0.01%,
Listed Equity,,,,Eurobank SA,,,BW9DW63,,"2,793,581","16,851,101",0.01%,
Listed Equity,,,,Eurofins Scientific SE,,,BNDPYV1,,"63,687","6,999,094",0.00%,
Listed Equity,,,,Euronext NV,,,BNBNSG0,,"27,422","6,181,808",0.00%,
Listed Equity,,,,EVA Airways Corp.,,,6186023,,"9,343,000","16,297,931",0.01%,
Listed Equity,,,,Everest Group Ltd.,,,2556868,,"37,738","19,204,304",0.01%,
Listed Equity,,,,Eversource Energy,,,BVVN4Q8,,"160,608","16,216,146",0.01%,
Listed Equity,,,,Evolution AB,,,BJXSCH4,,"121,416","12,438,730",0.00%,
Listed Equity,,,,Evolution Mining Ltd.,,,B3X0F91,,"25,155,889","318,976,673",0.12%,
Listed Equity,,,,Evonik Industries AG,,,B5ZQ9D3,,"270,649","6,368,239",0.00%,
Listed Equity,,,,EVT Ltd.,,,BDG0N49,,"241,931","3,038,653",0.00%,
Listed Equity,,,,Exelon Corp.,,,2670519,,"454,258","29,693,494",0.01%,
Listed Equity,,,,EXOR NV,,,BMJ1825,,"57,144","7,291,476",0.00%,
Listed Equity,,,,Expand Energy Corp.,,,BMZ5LZ5,,"62,971","10,421,353",0.00%,
Listed Equity,,,,"Expedia Group, Inc.",,,B748CK2,,"101,231","43,007,805",0.02%,
Listed Equity,,,,"Expeditors International of Washington, Inc.",,,2325507,,"90,980","20,329,804",0.01%,
Listed Equity,,,,Experian Plc,,,B19NLV4,,"758,766","51,468,916",0.02%,
Listed Equity,,,,"Extra Space Storage, Inc.",,,B02HWR9,,"18,353","3,583,906",0.00%,
Listed Equity,,,,Exxon Mobil Corp.,,,2326618,,"1,182,742","213,438,063",0.08%,
Listed Equity,,,,"F&G Annuities & Life, Inc.",,,BM9XCN0,,"7,251","335,437",0.00%,
Listed Equity,,,,"F5, Inc.",,,2427599,,"60,527","23,168,812",0.01%,
Listed Equity,,,,Fair Isaac Corp.,,,2330299,,"6,622","16,788,312",0.01%,
Listed Equity,,,,Fairfax Financial Holdings Ltd.,,,2566351,,"17,928","51,305,619",0.02%,
Listed Equity,,,,Falabella SA,,,2771672,,"2,141,669","22,385,073",0.01%,
Listed Equity,,,,FANUC Corp.,,,6356934,,"528,075","30,737,105",0.01%,
Listed Equity,,,,Far Eastern New Century Corp.,,,6331470,,"9,241,798","12,261,963",0.00%,
Listed Equity,,,,"Far EasTone Telecommunications Co., Ltd.",,,6421854,,"371,930","1,567,403",0.00%,
Listed Equity,,,,"Fast Retailing Co., Ltd.",,,6332439,,"148,827","81,073,204",0.03%,
Listed Equity,,,,Fastenal Co.,,,2332262,,"732,662","44,090,464",0.02%,
Listed Equity,,,,Fastighets AB Balder,,,BPMRNZ9,,"341,518","3,788,745",0.00%,
Listed Equity,,,,FDJ United,,,BG0SC10,,"90,249","3,754,298",0.00%,
Listed Equity,,,,FedEx Corp.,,,2142784,,"179,629","78,200,637",0.03%,
Listed Equity,,,,"Ferguson Enterprises, Inc.",,,BS6VHW3,,"115,200","38,459,888",0.01%,
Listed Equity,,,,Ferrari NV,,,BD6G507,,"106,029","59,513,183",0.02%,
Listed Equity,,,,Ferrovial SE,,,BRS7CF0,,"185,021","18,032,944",0.01%,
Listed Equity,,,,Fibra Uno Administración SA de CV,,,B671GT8,,"7,228,115","16,271,297",0.01%,
Listed Equity,,,,"Fidelity National Financial, Inc.",,,BNBRDD4,,"120,846","9,892,754",0.00%,
Listed Equity,,,,"Fidelity National Information Services, Inc.",,,2769796,,"174,794","17,420,423",0.01%,
Listed Equity,,,,Fifth Third Bancorp,,,2336747,,"326,954","23,146,882",0.01%,
Listed Equity,,,,Financière de Tubize SA,,,B0BN7W8,,"8,222","3,026,427",0.00%,
Listed Equity,,,,FinecoBank SpA,,,BNGN9Z1,,"469,994","18,376,032",0.01%,
Listed Equity,,,,First Abu Dhabi Bank PJSC,,,6624471,,"2,144,041","15,266,599",0.01%,
Listed Equity,,,,"First Citizens BancShares, Inc. (North Carolina)",,,2355582,,"2,473","7,959,066",0.00%,
Listed Equity,,,,"First Financial Holding Co., Ltd.",,,6580119,,"9,545,603","13,393,974",0.00%,
Listed Equity,,,,First Quantum Minerals Ltd.,,,2347608,,"329,583","13,268,634",0.00%,
Listed Equity,,,,"First Solar, Inc.",,,B1HMF22,,"96,723","37,890,004",0.01%,
Listed Equity,,,,FirstEnergy Corp.,,,2100920,,"158,229","10,622,947",0.00%,
Listed Equity,,,,FirstRand Ltd.,,,6606996,,"1,457,759","11,972,413",0.00%,
Listed Equity,,,,FirstService Corp.,,,BJMKSJ5,,"26,066","6,097,481",0.00%,
Listed Equity,,,,"Fiserv, Inc.",,,2342034,,"307,776","31,001,445",0.01%,
Listed Equity,,,,Fisher & Paykel Healthcare Corp. Ltd.,,,6340250,,"473,432","15,411,752",0.01%,
Listed Equity,,,,Flex Ltd.,,,2353058,,"312,952","28,355,042",0.01%,
Listed Equity,,,,Flight Centre Travel Group Ltd.,,,6352147,,"2,347,297","35,232,928",0.01%,
Listed Equity,,,,Flutter Entertainment Plc,,,BWZMZF4,,"61,027","19,679,457",0.01%,
Listed Equity,,,,Fomento Economico Mexicano SAB de CV,,,2242059,,"3,950,413","59,920,292",0.02%,
Listed Equity,,,,Ford Motor Co.,,,2615468,,"5,166,722","101,653,134",0.04%,
Listed Equity,,,,Fortescue Ltd.,,,6086253,,"20,439,999","449,884,378",0.17%,
Listed Equity,,,,"Fortinet, Inc.",,,B5B2106,,"478,859","57,023,608",0.02%,
Listed Equity,,,,Fortis Healthcare Ltd.,,,B1XC098,,"272,721","4,022,375",0.00%,
Listed Equity,,,,"Fortis, Inc.",,,2347200,,"399,407","31,180,575",0.01%,
Listed Equity,,,,Fortive Corp.,,,BYT3MK1,,"206,076","17,061,492",0.01%,
Listed Equity,,,,Fortum Oyj,,,5579550,,"248,577","7,959,051",0.00%,
Listed Equity,,,,Fosun International Ltd.,,,B1Z7FX0,,"1,169,000","986,474",0.00%,
Listed Equity,,,,Fox Corp.,,,BJJMGY5,,"101,298","9,863,206",0.00%,
Listed Equity,,,,Fox Corp.,,,BJJMGL2,,"196,667","21,549,760",0.01%,
Listed Equity,,,,"Foxconn Technology Co., Ltd.",,,6801779,,"345,000","1,015,928",0.00%,
Listed Equity,,,,Franco-Nevada Corp.,,,B29NF31,,"119,421","37,169,939",0.01%,
Listed Equity,,,,"Freeport-McMoRan, Inc.",,,2352118,,"391,286","29,801,928",0.01%,
Listed Equity,,,,Fresenius Medical Care AG,,,5129074,,"208,603","14,974,805",0.01%,
Listed Equity,,,,Fresenius SE & Co. KGaA,,,4352097,,"437,454","37,736,153",0.01%,
Listed Equity,,,,Fresnillo Plc,,,B2QPKJ1,,"215,558","14,495,728",0.01%,
Listed Equity,,,,"Fubon Financial Holding Co., Ltd.",,,6411673,,"914,051","4,192,302",0.00%,
Listed Equity,,,,"Fuji Electric Co., Ltd.",,,6356365,,"82,500","9,352,989",0.00%,
Listed Equity,,,,FUJIFILM Holdings Corp.,,,6356525,,"984,100","31,483,546",0.01%,
Listed Equity,,,,Fujikura Ltd.,,,6356707,,"199,800","33,336,508",0.01%,
Listed Equity,,,,Fujitsu Ltd.,,,6356945,,"1,190,000","49,284,765",0.02%,
Listed Equity,,,,Futu Holdings Ltd.,,,BGK4T39,,"45,938","11,312,108",0.00%,
Listed Equity,,,,GAIL (India) Ltd.,,,6133405,,"6,580,994","18,903,204",0.01%,
Listed Equity,,,,Galaxy Entertainment Group Ltd.,,,6465874,,"1,798,000","13,274,314",0.00%,
Listed Equity,,,,Galderma Group AG,,,BRC2T72,,"55,306","16,969,337",0.01%,
Listed Equity,,,,Galp Energia SGPS SA,,,B1FW751,,"328,371","8,460,881",0.00%,
Listed Equity,,,,"Gaming & Leisure Properties, Inc.",,,BFPK4S5,,"154,547","10,357,210",0.00%,
Listed Equity,,,,Garmin Ltd.,,,B3Z5T14,,"137,569","41,847,299",0.02%,
Listed Equity,,,,"Gartner, Inc.",,,2372763,,"36,642","13,862,254",0.01%,
Listed Equity,,,,Gazprom PJSC,,,B59L4L7,,"10,920,300",0,0.00%,
Listed Equity,,,,Gazprom PJSC,,,4364928,,"4,670,923",0,0.00%,
Listed Equity,,,,"G-Bits Network Technology (Xiamen) Co., Ltd.",,,BYZQW37,,"25,800","2,349,370",0.00%,
Listed Equity,,,,GE Aerospace,,,BL59CR9,,"310,649","143,662,061",0.05%,
Listed Equity,,,,"GE Healthcare Technologies, Inc.",,,BL6JPG8,,"210,246","25,859,454",0.01%,
Listed Equity,,,,"GE Vernova, Inc.",,,BP6H4Y1,,"88,667","86,901,239",0.03%,
Listed Equity,,,,GEA Group AG,,,4557104,,"141,305","14,384,402",0.01%,
Listed Equity,,,,Geberit AG,,,B1WGG93,,"31,564","37,018,008",0.01%,
Listed Equity,,,,Gecina SA,,,7742468,,"26,458","3,769,745",0.00%,
Listed Equity,,,,Geely Automobile Holdings Ltd.,,,6531827,,"6,426,000","22,161,067",0.01%,
Listed Equity,,,,"Gen Digital, Inc.",,,BJN4XN5,,"350,600","14,295,290",0.01%,
Listed Equity,,,,General Dynamics Corp.,,,2365161,,"185,752","93,777,114",0.03%,
Listed Equity,,,,"General Mills, Inc.",,,2367026,,"150,197","10,473,361",0.00%,
Listed Equity,,,,General Motors Co.,,,B665KZ5,,"1,758,616","214,457,004",0.08%,
Listed Equity,,,,Generation Development Group Ltd.,,,BF42CQ6,,"659,303","3,883,295",0.00%,
Listed Equity,,,,Genesis Minerals Ltd.,,,B23G0X1,,"9,879,289","71,624,845",0.03%,
Listed Equity,,,,"GeniuS Electronic Optical Co., Ltd.",,,B059SR4,,"220,000","4,719,664",0.00%,
Listed Equity,,,,Genmab A/S,,,4595739,,"51,977","24,843,169",0.01%,
Listed Equity,,,,Gentera SAB de CV,,,BHWQZW1,,"1,570,200","6,034,783",0.00%,
Listed Equity,,,,Genuine Parts Co.,,,2367480,,"37,110","6,900,006",0.00%,
Listed Equity,,,,George Weston Ltd.,,,2956662,,"112,675","11,708,725",0.00%,
Listed Equity,,,,Gerdau SA,,,2645517,,"1,969,986","10,992,373",0.00%,
Listed Equity,,,,Getac Holdings Corp.,,,6439620,,"578,000","3,227,546",0.00%,
Listed Equity,,,,Getlink SE,,,B292JQ9,,"115,301","3,194,245",0.00%,
Listed Equity,,,,"GFL Environmental, Inc.",,,BKDT649,,"170,966","11,027,596",0.00%,
Listed Equity,,,,"Gildan Activewear, Inc.",,,2254645,,"123,186","11,561,432",0.00%,
Listed Equity,,,,"Gilead Sciences, Inc.",,,2369174,,"529,733","97,502,329",0.04%,
Listed Equity,,,,Givaudan SA,,,5980613,,"5,404","32,179,824",0.01%,
Listed Equity,,,,Gjensidige Forsikring ASA,,,B4PH0C5,,"174,321","7,826,596",0.00%,
Listed Equity,,,,GlaxoSmithKline Pharmaceuticals Ltd.,,,6117982,,"73,932","3,051,221",0.00%,
Listed Equity,,,,Glenmark Pharmaceuticals Ltd.,,,6698755,,"443,122","15,046,728",0.01%,
Listed Equity,,,,"Global Payments, Inc.",,,2712013,,"149,438","17,344,982",0.01%,
Listed Equity,,,,GMR Airports Ltd.,,,B192HJ1,,"27,199,995","47,364,852",0.02%,
Listed Equity,,,,"GoDaddy, Inc.",,,BWFRFC6,,"37,940","7,059,451",0.00%,
Listed Equity,,,,Gold Fields Ltd.,,,6280215,,"233,845","15,358,207",0.01%,
Listed Equity,,,,Gold Fields Ltd.,,,2416326,,"675,768","44,243,879",0.02%,
Listed Equity,,,,Grab Holdings Ltd. (Singapore),,,BP6NH40,,"1,329,850","9,951,191",0.00%,
Listed Equity,,,,"Graco, Inc.",,,2380443,,"122,315","15,035,106",0.01%,
Listed Equity,,,,GrainCorp Ltd.,,,6102331,,"2,247,144","16,134,494",0.01%,
Listed Equity,,,,Grasim Industries Ltd.,,,BYQKH33,,"175,452","8,281,384",0.00%,
Listed Equity,,,,Great Eastern Shipping Co. Ltd.,,,B1GKL41,,"218,233","4,110,797",0.00%,
Listed Equity,,,,"Great Wall Motor Co., Ltd.",,,6718255,,"2,779,000","8,191,754",0.00%,
Listed Equity,,,,"Great-West Lifeco, Inc.",,,2384951,,"237,544","17,590,662",0.01%,
Listed Equity,,,,"Gree Electric Appliances, Inc. of Zhuhai",,,BD5CPN9,,"1,233,842","10,661,570",0.00%,
Listed Equity,,,,Grifols SA,,,BYY3DX6,,"222,126","4,185,907",0.00%,
Listed Equity,,,,Grifols SA,,,B8K7T65,,"10,438","146,353",0.00%,
Listed Equity,,,,Grifols SA,,,BYP0K57,,"2,061","28,385",0.00%,
Listed Equity,,,,Groupe Bruxelles Lambert SA,,,7097328,,"48,311","6,462,198",0.00%,
Listed Equity,,,,Growthpoint Properties Ltd.,,,BBGB5W0,,"2,274,635","3,532,469",0.00%,
Listed Equity,,,,Gruma SAB de CV,,,2392545,,"155,570","4,025,482",0.00%,
Listed Equity,,,,Grupa Kety SA,,,5216385,,"2,912","1,109,555",0.00%,
Listed Equity,,,,Grupo Aeroportuario del Pacífico SAB de CV,,,B0ZV104,,"1,689,495","66,660,316",0.02%,
Listed Equity,,,,Grupo Aeroportuario del Sureste SA de CV,,,2639349,,"73,875","3,568,661",0.00%,
Listed Equity,,,,Grupo Aeroportuario del Sureste SA de CV,,,2639361,,"8,470","4,107,667",0.00%,
Listed Equity,,,,Grupo Bimbo SAB de CV,,,2392471,,"140,858","694,561",0.00%,
Listed Equity,,,,Grupo Carso SAB de CV,,,2393452,,"77,325","760,633",0.00%,
Listed Equity,,,,Grupo Cibest SA,,,BTPR2M4,,"111,644","2,651,157",0.00%,
Listed Equity,,,,Grupo Cibest SA,,,BP6QXH4,,"186,307","5,117,865",0.00%,
Listed Equity,,,,Grupo Cibest SA,,,BSJN3Y0,,"50,213","4,789,756",0.00%,
Listed Equity,,,,Grupo Financiero Banorte SAB de CV,,,2421041,,"4,158,881","57,907,009",0.02%,
Listed Equity,,,,Grupo México S.A.B. de C.V.,,,2643674,,"3,044,530","43,175,765",0.02%,
Listed Equity,,,,GS Holdings Corp.,,,B01RJV3,,"143,449","8,407,162",0.00%,
Listed Equity,,,,GSK Plc,,,BN7SWP6,,"4,337,369","160,992,304",0.06%,
Listed Equity,,,,"GT Capital Holdings, Inc.",,,B77H110,,"42,370","642,584",0.00%,
Listed Equity,,,,Guangdong Investment Ltd.,,,6913168,,"650,000","850,315",0.00%,
Listed Equity,,,,"Gulf Development Public Co., Ltd.",,,BMTQG26,,"1,402,157","2,786,413",0.00%,
Listed Equity,,,,"Gulf Development Public Co., Ltd.",,,BMY3G88,,"2,000,900","3,976,255",0.00%,
Listed Equity,,,,"Guotai Haitong Securities Co., Ltd.",,,BYQDMZ9,,"380,000","1,677,703",0.00%,
Listed Equity,,,,"Guoyuan Securities Co., Ltd.",,,BD5CNY6,,"1,651,000","2,961,782",0.00%,
Listed Equity,,,,Guzman y Gomez Ltd.,,,BSLTT82,,"93,843","2,031,701",0.00%,
Listed Equity,,,,H&M Hennes & Mauritz AB,,,5687431,,"278,792","8,430,574",0.00%,
Listed Equity,,,,Haci Ömer Sabanci Holding AS,,,B03N0C7,,"563,884","1,658,161",0.00%,
Listed Equity,,,,"Haier Smart Home Co., Ltd.",,,BP3R3G9,,"146,700","822,288",0.00%,
Listed Equity,,,,"Haier Smart Home Co., Ltd.",,,BLD4QD0,,"212,600","994,509",0.00%,
Listed Equity,,,,Haitian International Holdings Ltd.,,,B1L2RC2,,"1,314,000","5,609,989",0.00%,
Listed Equity,,,,Haleon Plc,,,BMX86B7,,"4,942,831","37,366,777",0.01%,
Listed Equity,,,,Halliburton Co.,,,2405302,,"386,991","16,400,038",0.01%,
Listed Equity,,,,Halma Plc,,,0405207,,"289,629","20,724,815",0.01%,
Listed Equity,,,,"Hana Financial Group, Inc.",,,B0RNRF5,,"305,475","29,923,253",0.01%,
Listed Equity,,,,Hang Seng Bank Ltd.,,,6408374,,"562,600","16,638,149",0.01%,
Listed Equity,,,,HANJIN KAL Corp.,,,BCGD8Q8,,"11,070","1,428,936",0.00%,
Listed Equity,,,,"HANKOOK TIRE & TECHNOLOGY Co., Ltd.",,,B7T5KQ0,,"60,641","3,680,259",0.00%,
Listed Equity,,,,"Hankyu Hanshin Holdings, Inc.",,,6408664,,"104,400","3,938,269",0.00%,
Listed Equity,,,,"Hanmi Pharmaceutical Co., Ltd.",,,B613DJ9,,"3,965","1,865,628",0.00%,
Listed Equity,,,,Hannover Rück SE,,,4511809,,"45,122","21,154,504",0.01%,
Listed Equity,,,,Hansen Technologies Ltd.,,,6243252,,"4,338,887","22,909,323",0.01%,
Listed Equity,,,,"Hansoh Pharmaceutical Group Co., Ltd.",,,BJYKB72,,"2,160,000","15,014,718",0.01%,
Listed Equity,,,,"Hanwha Ocean Co., Ltd.",,,6211732,,"80,759","9,550,207",0.00%,
Listed Equity,,,,Harmony Gold Mining Co. Ltd.,,,6410562,,"711,140","21,693,890",0.01%,
Listed Equity,,,,Harvey Norman Holdings Ltd.,,,6173508,,"8,861,043","61,495,638",0.02%,
Listed Equity,,,,Havells India Ltd.,,,BQGZWP9,,"111,775","2,657,301",0.00%,
Listed Equity,,,,"HCA Healthcare, Inc.",,,B4MGBG6,,"67,304","47,119,360",0.02%,
Listed Equity,,,,HCL Technologies Ltd.,,,6294896,,"1,110,479","30,076,051",0.01%,
Listed Equity,,,,"HD HYUNDAI Co., Ltd.",,,BD4HFT1,,"79,472","15,594,412",0.01%,
Listed Equity,,,,"HD Hyundai Electric Co., Ltd.",,,BD4HFR9,,"34,408","27,723,234",0.01%,
Listed Equity,,,,"HD Korea Shipbuilding & Offshore Engineering Co., Ltd.",,,6446620,,"27,765","11,763,474",0.00%,
Listed Equity,,,,HDFC Asset Management Co. Ltd.,,,BG0R3M5,,"327,750","14,612,460",0.01%,
Listed Equity,,,,HDFC Bank Ltd.,,,BK1N461,,"10,456,688","172,928,717",0.06%,
Listed Equity,,,,HDFC Bank Ltd.,,,2781648,,"526,949","28,874,134",0.01%,
Listed Equity,,,,"Healthpeak Properties, Inc.",,,BJBLRK3,,"173,802","4,190,952",0.00%,
Listed Equity,,,,HEICO Corp.,,,2237561,,"6,731","2,547,959",0.00%,
Listed Equity,,,,HEICO Corp.,,,2419217,,"3,898","1,891,511",0.00%,
Listed Equity,,,,Heidelberg Materials AG,,,5120679,,"89,404","35,113,026",0.01%,
Listed Equity,,,,Heineken Holding NV,,,B0CCH46,,"83,706","9,199,148",0.00%,
Listed Equity,,,,Heineken NV,,,7792559,,"153,597","18,865,622",0.01%,
Listed Equity,,,,Helia Group Ltd.,,,BP5HL07,,"3,173,358","17,453,469",0.01%,
Listed Equity,,,,Hellenic Telecommunications Organization SA,,,5051605,,"47,159","1,400,324",0.00%,
Listed Equity,,,,Helvetia Baloise Holding Ltd.,,,BK6QWF0,,"30,582","12,109,806",0.00%,
Listed Equity,,,,Henderson Land Development Co. Ltd.,,,6420538,,"1,101,011","5,969,152",0.00%,
Listed Equity,,,,Henkel AG & Co. KGaA,,,5076705,,"151,510","18,566,591",0.01%,
Listed Equity,,,,Henkel AG & Co. KGaA,,,5002465,,"107,222","12,274,497",0.00%,
Listed Equity,,,,HENSOLDT AG,,,BN0SDX8,,"23,668","3,059,596",0.00%,
Listed Equity,,,,Hermes International SA,,,5253973,,"25,383","94,862,546",0.04%,
Listed Equity,,,,Hero MotoCorp Ltd.,,,6327327,,"251,066","24,174,119",0.01%,
Listed Equity,,,,Hewlett Packard Enterprise Co.,,,BYVYWS0,,"1,736,331","62,913,845",0.02%,
Listed Equity,,,,Hexagon AB,,,BNZFHC1,,"1,119,067","19,932,770",0.01%,
Listed Equity,,,,"Hikari Tsushin, Inc.",,,6416322,,"8,300","3,487,257",0.00%,
Listed Equity,,,,Hikma Pharmaceuticals Plc,,,B0LCW08,,"161,549","5,050,638",0.00%,
Listed Equity,,,,Hi-Lex Corp.,,,6643476,,0,"1,941",0.00%,
Listed Equity,,,,"Hilton Worldwide Holdings, Inc.",,,BYVMW06,,"21,091","9,085,086",0.00%,
Listed Equity,,,,"Himile Mechanical Science & Technology (Shandong) Co., Ltd.",,,BD5CFQ2,,"108,100","1,962,697",0.00%,
Listed Equity,,,,Hindustan Petroleum Corp. Ltd.,,,6100476,,"2,885,188","24,023,144",0.01%,
Listed Equity,,,,Hindustan Unilever Ltd.,,,6261674,,"187,872","7,259,280",0.00%,
Listed Equity,,,,Hitachi Energy India Ltd.,,,BK709V6,,"10,144","3,098,912",0.00%,
Listed Equity,,,,Hitachi Ltd.,,,6429104,,"2,574,160","120,722,158",0.04%,
Listed Equity,,,,HKT Trust & HKT Ltd.,,,B4TXDZ3,,"3,011,000","6,677,025",0.00%,
Listed Equity,,,,"HL Mando Co., Ltd.",,,BQJZQJ8,,"27,350","1,671,240",0.00%,
Listed Equity,,,,HMC Capital Ltd.,,,BJRBL61,,"536,144","2,123,130",0.00%,
Listed Equity,,,,Hochtief AG,,,5108664,,"6,402","3,799,724",0.00%,
Listed Equity,,,,Holcim Ltd.,,,7110753,,"448,501","66,012,970",0.02%,
Listed Equity,,,,Holmen AB,,,BDQQ1Q5,,"39,474","2,275,633",0.00%,
Listed Equity,,,,"Hologic, Inc.",,,2433530,,"95,882","10,710,430",0.00%,
Listed Equity,,,,"Hon Hai Precision Industry Co., Ltd.",,,6438564,,"9,496,091","104,465,899",0.04%,
Listed Equity,,,,"Honda Motor Co., Ltd.",,,6435145,,"2,775,943","40,792,461",0.02%,
Listed Equity,,,,"Honeywell International, Inc.",,,2020459,,"336,165","98,346,599",0.04%,
Listed Equity,,,,Hong Kong Exchanges & Clearing Ltd.,,,6267359,,"765,452","60,110,321",0.02%,
Listed Equity,,,,Hong Leong Bank Bhd.,,,6436892,,"200,644","1,641,586",0.00%,
Listed Equity,,,,Hongkong Land Holdings Ltd.,,,6434915,,"655,900","6,835,878",0.00%,
Listed Equity,,,,Horizon Robotics,,,BS5YNY7,,"1,844,400","3,077,301",0.00%,
Listed Equity,,,,Hormel Foods Corp.,,,2437264,,"133,466","4,743,412",0.00%,
Listed Equity,,,,"Howmet Aerospace, Inc.",,,BKLJ8V2,,"263,523","81,018,948",0.03%,
Listed Equity,,,,HOYA Corp.,,,6441506,,"282,249","63,956,390",0.02%,
Listed Equity,,,,"HP, Inc.",,,BYX4D52,,"955,151","32,342,070",0.01%,
Listed Equity,,,,HSBC Holdings Plc,,,0540528,,"10,300,572","243,874,136",0.09%,
Listed Equity,,,,"Hua Nan Financial Holdings Co., Ltd.",,,6411877,,"7,093,177","10,494,488",0.00%,
Listed Equity,,,,"Hua Xia Bank Co., Ltd.",,,BP3R2T5,,"293,600","433,344",0.00%,
Listed Equity,,,,"Huadong Medicine Co., Ltd.",,,BD5CM94,,"98,085","831,322",0.00%,
Listed Equity,,,,"Huatai Securities Co., Ltd.",,,BWVFT00,,"3,069,800","11,130,806",0.00%,
Listed Equity,,,,"Huatai Securities Co., Ltd.",,,BP3R3B4,,"169,400","858,541",0.00%,
Listed Equity,,,,"Huayu Automotive Systems Co., Ltd.",,,BP3R4T9,,"1,868,145","8,027,126",0.00%,
Listed Equity,,,,HUB24 Ltd.,,,BD4T5X1,,"1,153,413","111,016,001",0.04%,
Listed Equity,,,,"Hubbell, Inc.",,,BDFG6S3,,"31,058","20,684,064",0.01%,
Listed Equity,,,,"HubSpot, Inc.",,,BR4T3B3,,"14,169","8,526,685",0.00%,
Listed Equity,,,,"Hulic Co., Ltd.",,,6805317,,"331,600","5,529,078",0.00%,
Listed Equity,,,,"Humana, Inc.",,,2445063,,"60,050","23,144,261",0.01%,
Listed Equity,,,,"Huntington Bancshares, Inc.",,,2445966,,"695,206","18,249,353",0.01%,
Listed Equity,,,,Hyatt Hotels Corp.,,,B5B82X4,,"3,745","900,350",0.00%,
Listed Equity,,,,Hydro One Ltd.,,,BYYXJY9,,"225,928","13,504,993",0.01%,
Listed Equity,,,,Hyosung Heavy Industries Corp.,,,BD83175,,"9,882","18,364,850",0.01%,
Listed Equity,,,,"Hyundai GLOVIS Co., Ltd.",,,B0V3XR5,,"89,676","16,859,220",0.01%,
Listed Equity,,,,"Hyundai Mobis Co., Ltd.",,,6449544,,"64,889","25,195,525",0.01%,
Listed Equity,,,,"Hyundai Motor Co., Ltd.",,,6451022,,"15,530","3,330,291",0.00%,
Listed Equity,,,,"Hyundai Motor Co., Ltd.",,,6148272,,"23,871","5,280,476",0.00%,
Listed Equity,,,,"Hyundai Motor Co., Ltd.",,,6451055,,"12,017","3,709,063",0.00%,
Listed Equity,,,,Hyundai Motor India Ltd.,,,BR4TRD3,,"100,121","3,838,724",0.00%,
Listed Equity,,,,Hyundai Steel Co.,,,6461850,,"89,218","2,883,750",0.00%,
Listed Equity,,,,"iA Financial Corp., Inc.",,,BJ2ZH37,,"89,542","17,419,891",0.01%,
Listed Equity,,,,Iberdrola SA,,,B288C92,,"3,448,194","112,136,617",0.04%,
Listed Equity,,,,ICICI Bank Ltd.,,,BSZ2BY7,,"1,272,499","28,511,023",0.01%,
Listed Equity,,,,ICICI Bank Ltd.,,,2569286,,"631,787","28,233,115",0.01%,
Listed Equity,,,,ICICI Lombard General Insurance Co. Ltd.,,,BYXH7P9,,"39,330","1,287,528",0.00%,
Listed Equity,,,,ICL Group Ltd.,,,6455530,,"424,630","3,656,267",0.00%,
Listed Equity,,,,"Idemitsu Kosan Co., Ltd.",,,B1FF8P7,,"533,715","6,040,492",0.00%,
Listed Equity,,,,IDEX Corp.,,,2456612,,"27,950","7,458,084",0.00%,
Listed Equity,,,,"IDEXX Laboratories, Inc.",,,2459202,,"49,549","50,268,254",0.02%,
Listed Equity,,,,IDP Education Ltd.,,,BDB6DD1,,"499,475","2,886,966",0.00%,
Listed Equity,,,,"IGM Financial, Inc.",,,2469375,,"55,763","3,804,984",0.00%,
Listed Equity,,,,IGO Ltd.,,,6439567,,"6,559,448","53,787,474",0.02%,
Listed Equity,,,,IHI Corp.,,,6466985,,"576,200","15,184,279",0.01%,
Listed Equity,,,,Illinois Tool Works Inc.,,,2457552,,"160,546","59,685,025",0.02%,
Listed Equity,,,,"Illumina, Inc.",,,2613990,,"40,927","8,049,764",0.00%,
Listed Equity,,,,Iluka Resources Ltd.,,,6957575,,"873,570","5,057,970",0.00%,
Listed Equity,,,,"iM Financial Group Co., Ltd.",,,B68N347,,"150,504","2,436,250",0.00%,
Listed Equity,,,,IMCD NV,,,BNCBD46,,"32,172","4,382,164",0.00%,
Listed Equity,,,,Imdex Ltd.,,,6462154,,"3,004,056","10,333,953",0.00%,
Listed Equity,,,,Impala Platinum Holdings Ltd.,,,B1FFT76,,"534,314","12,669,141",0.00%,
Listed Equity,,,,Imperial Oil Ltd.,,,2454241,,"164,525","21,434,444",0.01%,
Listed Equity,,,,Incyte Corp.,,,2471950,,"81,002","11,997,552",0.00%,
Listed Equity,,,,Indian Oil Corp. Ltd.,,,6253767,,"8,215,532","22,816,933",0.01%,
Listed Equity,,,,Indian Railway Catering & Tourism Corp. Ltd.,,,BL6C482,,"213,629","2,440,106",0.00%,
Listed Equity,,,,Indus Towers Ltd.,,,B92P9G4,,"826,329","5,773,238",0.00%,
Listed Equity,,,,Industria de Diseño Textil SA,,,BP9DL90,,"881,748","87,491,885",0.03%,
Listed Equity,,,,Industrial & Commercial Bank of China Ltd.,,,B1G1QD8,,"31,372,000","38,865,289",0.01%,
Listed Equity,,,,Industrial & Commercial Bank of China Ltd.,,,BP3R217,,"1,234,400","2,103,045",0.00%,
Listed Equity,,,,"Industrial Bank Co., Ltd.",,,BP3R295,,"109,500","495,441",0.00%,
Listed Equity,,,,Industrial Bank of Korea,,,6462972,,"464,478","10,129,609",0.00%,
Listed Equity,,,,Industrias Peñoles SAB de CV,,,2448200,,"256,590","20,261,178",0.01%,
Listed Equity,,,,Industries of Qatar Co.,,,6673570,,"264,090","1,297,608",0.00%,
Listed Equity,,,,Industrivärden AB,,,B1VSK54,,"91,099","6,149,774",0.00%,
Listed Equity,,,,Industrivärden AB,,,B1VSK10,,"70,102","4,736,901",0.00%,
Listed Equity,,,,Indutrade AB,,,B0LDBX7,,"201,902","7,895,371",0.00%,
Listed Equity,,,,Infineon Technologies AG,,,5889505,,"1,055,968","70,168,794",0.03%,
Listed Equity,,,,Informa Plc,,,BMJ6DW5,,"476,593","8,497,873",0.00%,
Listed Equity,,,,Infosys Ltd.,,,6205122,,"3,284,484","88,523,567",0.03%,
Listed Equity,,,,Infosys Ltd.,,,2398822,,"1,254,422","33,521,482",0.01%,
Listed Equity,,,,Infrastrutture Wireless Italiane SpA,,,BZ0P4R4,,"116,550","1,618,529",0.00%,
Listed Equity,,,,Infratil Ltd.,,,B6923R6,,"1,294,742","12,610,787",0.00%,
Listed Equity,,,,Infratil Ltd.,,,6459286,,"352,606","3,369,046",0.00%,
Listed Equity,,,,ING Groep NV,,,BZ57390,,"1,640,892","69,387,079",0.03%,
Listed Equity,,,,Ingenia Communities Group,,,B84GSC7,,"6,255,407","32,340,454",0.01%,
Listed Equity,,,,"Ingersoll Rand, Inc.",,,BL5GZ82,,"110,452","13,121,403",0.00%,
Listed Equity,,,,Inghams Group Ltd.,,,BZCNHW2,,"1,418,178","3,531,263",0.00%,
Listed Equity,,,,InnoCare Pharma Ltd.,,,BK8K0W3,,"346,000","819,933",0.00%,
Listed Equity,,,,"Innovent Biologics, Inc.",,,BGR6KX5,,"1,329,000","19,523,683",0.01%,
Listed Equity,,,,INPEX Corp.,,,B10RB15,,"693,600","21,048,464",0.01%,
Listed Equity,,,,InPost SA,,,BN4N9C0,,"130,183","2,400,531",0.00%,
Listed Equity,,,,Insignia Financial Ltd.,,,6714394,,"2,502,575","11,411,742",0.00%,
Listed Equity,,,,"Insmed, Inc.",,,2614487,,"18,955","4,947,032",0.00%,
Listed Equity,,,,Insulet Corp.,,,B1XGNW4,,"6,085","2,593,687",0.00%,
Listed Equity,,,,Insurance Australia Group Ltd.,,,6271026,,"30,062,833","239,901,407",0.09%,
Listed Equity,,,,Intact Financial Corp.,,,B04YJV1,,"100,897","31,538,984",0.01%,
Listed Equity,,,,Integral Diagnostics Ltd.,,,BYV2ZK7,,"9,753,009","24,772,643",0.01%,
Listed Equity,,,,Intel Corp.,,,2463247,,"4,091,483","226,401,324",0.08%,
Listed Equity,,,,Inter RAO UES PJSC,,,B5B2VL7,,"38,379,552",0,0.00%,
Listed Equity,,,,"Interactive Brokers Group, Inc.",,,B1WT4X2,,"118,341","11,412,626",0.00%,
Listed Equity,,,,Interconexion Eléctrica SA ESP,,,2205706,,"308,679","3,021,717",0.00%,
Listed Equity,,,,"Intercontinental Exchange, Inc.",,,BFSSDS9,,"155,739","37,824,831",0.01%,
Listed Equity,,,,InterContinental Hotels Group Plc,,,BHJYC05,,"53,167","11,217,192",0.00%,
Listed Equity,,,,InterGlobe Aviation Ltd.,,,BYYZ7D0,,"66,836","5,641,956",0.00%,
Listed Equity,,,,International Business Machines Corp.,,,2005973,,"536,492","238,305,909",0.09%,
Listed Equity,,,,International Consolidated Airlines Group SA,,,B5282K0,,"1,172,887","9,809,905",0.00%,
Listed Equity,,,,"International Container Terminal Services, Inc.",,,6455819,,"1,469,080","21,231,616",0.01%,
Listed Equity,,,,"International Flavors & Fragrances, Inc.",,,2464165,,"45,444","4,619,703",0.00%,
Listed Equity,,,,"International Games System Co., Ltd.",,,6744807,,"241,000","8,292,988",0.00%,
Listed Equity,,,,International Paper Co.,,,2465254,,"232,575","13,737,916",0.01%,
Listed Equity,,,,Intertek Group Plc,,,3163836,,"131,871","12,304,536",0.00%,
Listed Equity,,,,Intesa Sanpaolo SpA,,,4076836,,"8,978,327","93,626,099",0.03%,
Listed Equity,,,,"Intuit, Inc.",,,2459020,,"140,092","139,161,345",0.05%,
Listed Equity,,,,"Intuitive Surgical, Inc.",,,2871301,,"176,544","149,939,956",0.06%,
Listed Equity,,,,Investec Ltd.,,,B17BBR6,,"610,904","6,754,954",0.00%,
Listed Equity,,,,Investment AB Latour,,,BZ404X1,,"100,852","3,697,736",0.00%,
Listed Equity,,,,Investor AB,,,BMV7PQ4,,"978,104","52,568,129",0.02%,
Listed Equity,,,,"Invitation Homes, Inc.",,,BD81GW9,,"161,507","6,803,227",0.00%,
Listed Equity,,,,IOI Corp. Bhd.,,,B1Y3WG1,,"141,900","209,750",0.00%,
Listed Equity,,,,"IonQ, Inc.",,,BP484B3,,"26,280","1,768,289",0.00%,
Listed Equity,,,,IperionX Ltd.,,,BMCB2H5,,"540,882","3,028,939",0.00%,
Listed Equity,,,,IPH Ltd.,,,BS7K5S1,,"5,473,331","19,266,125",0.01%,
Listed Equity,,,,Ipsen SA,,,B0R7JF1,,"40,001","8,383,479",0.00%,
Listed Equity,,,,"IQVIA Holdings, Inc.",,,BDR73G1,,"45,671","15,437,805",0.01%,
Listed Equity,,,,Iress Ltd.,,,6297497,,"5,290,712","44,918,145",0.02%,
Listed Equity,,,,"Iron Mountain, Inc.",,,BVFTF03,,"26,363","3,313,472",0.00%,
Listed Equity,,,,Israel Discount Bank Ltd.,,,6451271,,"863,325","13,738,017",0.01%,
Listed Equity,,,,Isuzu Motors Ltd.,,,6467104,,"380,300","8,875,755",0.00%,
Listed Equity,,,,Itaú Unibanco Holding SA,,,B037HR3,,"3,650,548","39,566,840",0.01%,
Listed Equity,,,,Itaú Unibanco Holding SA,,,2849739,,"2,528,784","27,417,307",0.01%,
Listed Equity,,,,Itausa SA,,,2458771,,"4,111,638","13,187,110",0.00%,
Listed Equity,,,,ITOCHU Corp.,,,6467803,,"3,799,775","71,796,476",0.03%,
Listed Equity,,,,Ivanhoe Mines Ltd.,,,BD73C40,,"356,716","6,091,708",0.00%,
Listed Equity,,,,J Sainsbury Plc,,,B019KW7,,"1,920,376","12,588,672",0.00%,
Listed Equity,,,,"J.B. Hunt Transport Services, Inc.",,,2445416,,"56,889","16,579,153",0.01%,
Listed Equity,,,,"Jabil, Inc.",,,2471789,,"112,577","38,494,125",0.01%,
Listed Equity,,,,"Jack Henry & Associates, Inc.",,,2469193,,"43,341","11,860,037",0.00%,
Listed Equity,,,,"Jacobs Solutions, Inc.",,,BNGC0D3,,"62,538","12,422,259",0.00%,
Listed Equity,,,,"Japan Airlines Co., Ltd.",,,B8BRV46,,"115,000","3,196,113",0.00%,
Listed Equity,,,,"Japan Exchange Group, Inc.",,,6743882,,"616,600","9,886,798",0.00%,
Listed Equity,,,,"Japan Post Bank Co., Ltd.",,,BYT8165,,"1,177,200","24,878,496",0.01%,
Listed Equity,,,,"Japan Post Holdings Co., Ltd.",,,BYT8143,,"1,455,200","22,978,219",0.01%,
Listed Equity,,,,"JAPAN POST INSURANCE Co., Ltd.",,,BYT8154,,"123,400","5,562,866",0.00%,
Listed Equity,,,,Jarir Marketing Co.,,,B128FM5,,"537,756","2,747,667",0.00%,
Listed Equity,,,,"JB Financial Group Co., Ltd.",,,BB96Z33,,"69,579","1,857,843",0.00%,
Listed Equity,,,,JB Hi-Fi Ltd.,,,6702623,,"1,551,206","149,257,041",0.06%,
Listed Equity,,,,"JD Health International, Inc.",,,BMW8R04,,"1,543,100","16,500,001",0.01%,
Listed Equity,,,,"JD Logistics, Inc.",,,BNMBPD9,,"3,198,800","7,038,014",0.00%,
Listed Equity,,,,JD Sports Fashion Plc,,,BM8Q5M0,,"2,212,728","3,769,549",0.00%,
Listed Equity,,,,"JD.com, Inc.",,,BKPQZT6,,"1,308,521","28,134,669",0.01%,
Listed Equity,,,,"JD.com, Inc.",,,BMM27D9,,"74,335","3,199,242",0.00%,
Listed Equity,,,,JDE Peet's NV,,,BMC4ZZ3,,"163,542","9,176,594",0.00%,
Listed Equity,,,,Jerónimo Martins SGPS SA,,,B1Y1SQ7,,"156,598","5,587,687",0.00%,
Listed Equity,,,,"JFE Holdings, Inc.",,,6543792,,"551,800","10,545,001",0.00%,
Listed Equity,,,,"Jiangsu Hengrui Pharmaceuticals Co., Ltd.",,,BP3R369,,"916,989","11,735,761",0.00%,
Listed Equity,,,,"Jinan Acetate Chemical Co., Ltd.",,,BYRP845,,"1,383,000","3,425,692",0.00%,
Listed Equity,,,,Jindal Stainless Ltd.,,,6743257,,"280,262","3,924,346",0.00%,
Listed Equity,,,,Jio Financial Services Ltd.,,,BQPG2F3,,"444,294","2,186,405",0.00%,
Listed Equity,,,,Johnson & Johnson,,,2475833,,"1,384,706","429,729,185",0.16%,
Listed Equity,,,,Johnson Controls International Plc,,,BY7QL61,,"534,293","96,266,483",0.04%,
Listed Equity,,,,"Joincare Pharmaceutical Group Industry Co., Ltd.",,,BP3RBV0,,"1,668,687","4,140,725",0.00%,
Listed Equity,,,,JPMorgan Chase & Co.,,,2190385,,"751,076","362,917,761",0.13%,
Listed Equity,,,,Judo Capital Holdings Ltd.,,,BMW7F41,,"4,048,115","6,982,998",0.00%,
Listed Equity,,,,Julius Bär Gruppe AG,,,B4R2R50,,"108,577","12,824,252",0.00%,
Listed Equity,,,,JX Advanced Metals Corp.,,,6543770,,"306,300","5,743,561",0.00%,
Listed Equity,,,,Kajima Corp.,,,6481320,,"276,805","15,452,293",0.01%,
Listed Equity,,,,Kakao Corp.,,,6194037,,"192,352","12,034,130",0.00%,
Listed Equity,,,,Kanzhun Ltd.,,,BM91SH0,,"410,587","12,548,194",0.00%,
Listed Equity,,,,Kao Corp.,,,6483809,,"262,646","15,906,449",0.01%,
Listed Equity,,,,Karoon Energy Ltd.,,,B00SV00,,"8,985,400","13,837,516",0.01%,
Listed Equity,,,,Kasikornbank Public Co. Ltd.,,,6888794,,"380,600","3,523,553",0.00%,
Listed Equity,,,,Kawasaki Heavy Industries Ltd.,,,6484620,,"86,200","8,560,177",0.00%,
Listed Equity,,,,"Kawasaki Kisen Kaisha, Ltd.",,,6484686,,"286,500","5,978,035",0.00%,
Listed Equity,,,,"KB Financial Group, Inc.",,,B3DF0Y6,,"322,346","41,843,908",0.02%,
Listed Equity,,,,KBC Group NV,,,4497749,,"126,852","24,854,429",0.01%,
Listed Equity,,,,KDDI Corp.,,,6248990,,"2,283,722","59,176,629",0.02%,
Listed Equity,,,,Kelsian Group Ltd.,,,BPBKR80,,"524,101","2,227,429",0.00%,
Listed Equity,,,,"Kenvue, Inc.",,,BQ84ZQ6,,"172,358","4,458,537",0.00%,
Listed Equity,,,,Keppel Ltd.,,,B1VQ5C0,,"495,800","5,983,809",0.00%,
Listed Equity,,,,Kering SA,,,5505072,,"40,430","21,432,690",0.01%,
Listed Equity,,,,Kerry Group Plc,,,4519579,,"84,585","11,619,686",0.00%,
Listed Equity,,,,Kesko Oyj,,,4490005,,"160,761","5,450,268",0.00%,
Listed Equity,,,,"Keurig Dr Pepper, Inc.",,,BD3W133,,"772,616","32,452,537",0.01%,
Listed Equity,,,,KeyCorp,,,2490911,,"419,164","12,973,750",0.00%,
Listed Equity,,,,KEYENCE Corp.,,,6490995,,"117,663","63,804,000",0.02%,
Listed Equity,,,,Keyera Corp.,,,B3SGMV5,,"262,913","12,655,472",0.00%,
Listed Equity,,,,"Keysight Technologies, Inc.",,,BQZJ0Q9,,"56,257","17,141,576",0.01%,
Listed Equity,,,,KGHM Polska Miedz SA,,,5263251,,"120,244","14,083,458",0.01%,
Listed Equity,,,,"KGI Financial Holding Co., Ltd.",,,6431756,,"4,221,131","3,475,175",0.00%,
Listed Equity,,,,Kia Corp.,,,6490928,,"319,109","40,460,370",0.01%,
Listed Equity,,,,Kikkoman Corp.,,,6490809,,"537,900","7,317,779",0.00%,
Listed Equity,,,,Kimberly-Clark Corp.,,,2491839,,"90,140","13,807,904",0.01%,
Listed Equity,,,,Kimberly-Clark de México SAB de CV,,,2491914,,"3,401,100","10,892,934",0.00%,
Listed Equity,,,,Kimco Realty Corp.,,,2491594,,"158,040","4,803,885",0.00%,
Listed Equity,,,,"Kinder Morgan, Inc.",,,B3NQ4P8,,"510,482","21,043,938",0.01%,
Listed Equity,,,,"King Slide Works Co., Ltd.",,,B01H720,,"74,000","13,244,078",0.00%,
Listed Equity,,,,Kingfisher plc,,,3319521,,"1,892,452","11,936,117",0.00%,
Listed Equity,,,,Kingsoft Corp. Ltd.,,,B27WRM3,,"864,200","4,735,227",0.00%,
Listed Equity,,,,Kingspan Group Plc,,,4491235,,"120,543","15,741,989",0.01%,
Listed Equity,,,,Kinross Gold Corp.,,,B03Z841,,"1,222,443","51,701,611",0.02%,
Listed Equity,,,,Kioxia Holdings Corp.,,,BMGYJ02,,"95,400","9,523,991",0.00%,
Listed Equity,,,,"Kirin Holdings Co., Ltd.",,,6493745,,"405,900","9,247,223",0.00%,
Listed Equity,,,,"KKR & Co., Inc.",,,BG1FRR1,,"55,339","10,579,014",0.00%,
Listed Equity,,,,KLA Corp.,,,2480138,,"77,407","141,044,759",0.05%,
Listed Equity,,,,Klépierre SA,,,7582556,,"176,330","10,477,984",0.00%,
Listed Equity,,,,Knorr-Bremse AG,,,BD2P9X9,,"52,152","8,739,492",0.00%,
Listed Equity,,,,"Kobe Bussan Co., Ltd.",,,B14RJB7,,"80,600","2,940,903",0.00%,
Listed Equity,,,,Komatsu Ltd.,,,6496584,,"741,861","35,487,115",0.01%,
Listed Equity,,,,Komercní banka as,,,4519449,,"52,648","4,457,402",0.00%,
Listed Equity,,,,KONAMI Group Corp.,,,6496681,,"84,300","17,202,698",0.01%,
Listed Equity,,,,Kone Oyj,,,B09M9D2,,"309,769","33,039,257",0.01%,
Listed Equity,,,,Kongsberg Gruppen ASA,,,BSTRB82,,"308,920","11,876,564",0.00%,
Listed Equity,,,,Koninklijke Ahold Delhaize NV,,,BD0Q398,,"848,644","52,117,544",0.02%,
Listed Equity,,,,Koninklijke Philips NV,,,5986622,,"558,726","22,868,699",0.01%,
Listed Equity,,,,"Korea Investment Holdings Co., Ltd.",,,6654586,,"56,384","9,490,944",0.00%,
Listed Equity,,,,Kotak Mahindra Bank Ltd.,,,6135661,,"80,058","2,940,060",0.00%,
Listed Equity,,,,KPIT Technologies Ltd.,,,BFMX0X4,,"162,469","3,178,301",0.00%,
Listed Equity,,,,"KRAFTON, Inc",,,BMBP900,,"31,193","7,987,958",0.00%,
Listed Equity,,,,"Krung Thai Bank Public Co., Ltd.",,,6492838,,"626,119","841,914",0.00%,
Listed Equity,,,,"Krung Thai Bank Public Co., Ltd.",,,6361466,,"15,446,784","20,770,592",0.01%,
Listed Equity,,,,KT Corp.,,,2419875,,"341,580","9,716,987",0.00%,
Listed Equity,,,,Kuaishou Technology,,,BLC90T0,,"1,984,500","24,450,546",0.01%,
Listed Equity,,,,Kuala Lumpur Kepong Bhd.,,,6497446,,"675,175","4,990,064",0.00%,
Listed Equity,,,,Kubota Corp.,,,6497509,,"655,677","14,045,014",0.01%,
Listed Equity,,,,Kühne + Nagel International AG,,,B142S60,,"42,269","13,701,312",0.01%,
Listed Equity,,,,Kumba Iron Ore Ltd.,,,B1G4262,,"341,757","10,857,957",0.00%,
Listed Equity,,,,Kuwait Finance House KSC,,,6503138,,"12,083,033","47,788,510",0.02%,
Listed Equity,,,,Kwality Wall’s (India) Ltd.,,,BVMVC90,,"240,500","161,307",0.00%,
Listed Equity,,,,Kyocera Corp.,,,6499260,,"958,204","20,135,728",0.01%,
Listed Equity,,,,"Kyowa Kirin Co., Ltd.",,,6499550,,"186,100","4,547,214",0.00%,
Listed Equity,,,,"L&K Engineering Co., Ltd.",,,6432607,,"319,000","8,404,048",0.00%,
Listed Equity,,,,L1 Group Ltd.,,,BSPVFM0,,"20,333,238","21,654,898",0.01%,
Listed Equity,,,,"L3Harris Technologies, Inc.",,,BK9DTN5,,"116,700","51,375,300",0.02%,
Listed Equity,,,,Laboratory Corporation of America Holdings,,,BSBK800,,"42,942","16,155,491",0.01%,
Listed Equity,,,,Lam Research Corp.,,,BSML4N7,,"930,216","239,142,537",0.09%,
Listed Equity,,,,Land Securities Group Plc,,,BYW0PQ6,,"564,717","7,301,283",0.00%,
Listed Equity,,,,"LARGAN Precision Co., Ltd.",,,6451668,,"25,000","2,976,935",0.00%,
Listed Equity,,,,Las Vegas Sands Corp.,,,B02T2J7,,"30,225","2,950,207",0.00%,
Listed Equity,,,,Lasertec Corp.,,,6506267,,"56,800","16,173,904",0.01%,
Listed Equity,,,,LATAM Airlines Group SA,,,BRXG0D6,,"112,307","9,248,563",0.00%,
Listed Equity,,,,LATAM Airlines Group SA,,,2518932,,"54,313,058","2,203,363",0.00%,
Listed Equity,,,,Laurus Labs Ltd.,,,BMZ1CH2,,"293,922","5,433,548",0.00%,
Listed Equity,,,,LE Lundbergföretagen AB,,,4538002,,"40,299","3,353,029",0.00%,
Listed Equity,,,,"LEENO INDUSTRIAL, Inc.",,,6430139,,"40,294","2,636,266",0.00%,
Listed Equity,,,,LEG Immobilien SE,,,B9G6L89,,"44,634","4,893,410",0.00%,
Listed Equity,,,,Legal & General Group Plc,,,0560399,,"2,101,532","11,101,504",0.00%,
Listed Equity,,,,Legend Holdings Corp.,,,BYMW733,,"660,900","1,130,695",0.00%,
Listed Equity,,,,Legrand SA,,,B11ZRK9,,"199,902","44,800,347",0.02%,
Listed Equity,,,,"Leidos Holdings, Inc.",,,BDV82B8,,"95,145","25,739,159",0.01%,
Listed Equity,,,,Lendlease Group,,,6512004,,"6,880,193","35,777,004",0.01%,
Listed Equity,,,,Lennar Corp.,,,2511920,,"289,376","44,609,512",0.02%,
Listed Equity,,,,"Lennox International, Inc.",,,2442053,,"19,038","13,900,010",0.01%,
Listed Equity,,,,Lenovo Group Ltd.,,,6218089,,"6,168,000","11,004,043",0.00%,
Listed Equity,,,,LG Chem Ltd.,,,6346913,,"32,714","11,340,218",0.00%,
Listed Equity,,,,LG Corp.,,,6537030,,"62,049","5,212,569",0.00%,
Listed Equity,,,,"LG Display Co., Ltd.",,,B01VZN9,,"737,970","9,072,607",0.00%,
Listed Equity,,,,"LG Electronics, Inc.",,,6520739,,"159,715","15,279,344",0.01%,
Listed Equity,,,,"LG Innotek Co., Ltd.",,,B39Z8G8,,"20,522","5,789,386",0.00%,
Listed Equity,,,,LG Uplus Corp.,,,6290902,,"1,049,711","16,085,000",0.01%,
Listed Equity,,,,"Li Auto, Inc.",,,BMW5M00,,"314,000","3,923,165",0.00%,
Listed Equity,,,,Liberty Media Corp.,,,BPLYVN5,,"18,081","2,671,004",0.00%,
Listed Equity,,,,LIC Housing Finance Ltd.,,,6101026,,"896,716","8,072,319",0.00%,
Listed Equity,,,,Lifco AB,,,BL6K7K9,,"189,228","10,834,915",0.00%,
Listed Equity,,,,"Life360, Inc.",,,BJMXQ67,,"508,329","17,044,271",0.01%,
Listed Equity,,,,Linde Plc,,,BNZHB81,,"363,538","232,449,528",0.09%,
Listed Equity,,,,Link Real Estate Investment Trust,,,B0PB4M7,,"1,035,272","6,929,170",0.00%,
Listed Equity,,,,Liontown Ltd.,,,B1J89V5,,"5,030,060","7,922,345",0.00%,
Listed Equity,,,,Lite-On Technology Corp.,,,6519481,,"2,536,613","19,793,870",0.01%,
Listed Equity,,,,"Live Nation Entertainment, Inc.",,,B0T7YX2,,"13,937","2,978,215",0.00%,
Listed Equity,,,,Lloyds Banking Group Plc,,,0870612,,"35,802,884","70,944,162",0.03%,
Listed Equity,,,,Loblaw Cos. Ltd.,,,2521800,,"400,196","27,166,153",0.01%,
Listed Equity,,,,Lockheed Martin Corp.,,,2522096,,"18,774","13,616,886",0.01%,
Listed Equity,,,,Loews Corp.,,,2523022,,"105,195","16,612,560",0.01%,
Listed Equity,,,,Logitech International SA,,,B18ZRK2,,"139,305","21,500,424",0.01%,
Listed Equity,,,,Lojas Renner SA,,,B0CGYD6,,"927,180","3,470,491",0.00%,
Listed Equity,,,,London Stock Exchange Group plc,,,B0SWJX3,,"169,501","30,605,722",0.01%,
Listed Equity,,,,Lonking Holdings Ltd.,,,B0MSW50,,"4,669,000","2,662,640",0.00%,
Listed Equity,,,,Lonza Group AG,,,7333378,,"25,696","26,157,482",0.01%,
Listed Equity,,,,L'Oréal SA,,,4057808,,"187,692","121,183,829",0.04%,
Listed Equity,,,,"LOTTE Fine Chemical Co., Ltd.",,,6496432,,"26,346","1,221,816",0.00%,
Listed Equity,,,,Lotus Bakeries NV,,,4224992,,278,"3,843,447",0.00%,
Listed Equity,,,,Lovisa Holdings Ltd.,,,BT9PVP0,,"901,682","26,428,299",0.01%,
Listed Equity,,,,"Lowe's Companies, Inc.",,,2536763,,"150,053","54,265,249",0.02%,
Listed Equity,,,,"LPL Financial Holdings, Inc.",,,B75JX34,,"26,808","14,358,571",0.01%,
Listed Equity,,,,LPP SA,,,7127979,,251,"2,178,686",0.00%,
Listed Equity,,,,"lululemon athletica, Inc.",,,B23FN39,,"64,091","19,972,634",0.01%,
Listed Equity,,,,"Lundin Gold, Inc.",,,BTKSSY6,,"102,790","12,821,697",0.00%,
Listed Equity,,,,Lundin Mining Corp.,,,2866857,,"541,609","17,479,198",0.01%,
Listed Equity,,,,Lupin Ltd.,,,6143761,,"651,335","22,924,276",0.01%,
Listed Equity,,,,LVMH Moët Hennessy Louis Vuitton SE,,,4061412,,"185,152","210,326,778",0.08%,
Listed Equity,,,,LY Corp.,,,6084848,,"2,077,100","8,290,483",0.00%,
Listed Equity,,,,Lynas Rare Earths Ltd.,,,6121176,,"10,691,568","133,003,106",0.05%,
Listed Equity,,,,LyondellBasell Industries NV,,,B3SPXZ3,,"232,169","15,075,231",0.01%,
Listed Equity,,,,M&G Plc,,,BKFB1C6,,"969,316","5,599,493",0.00%,
Listed Equity,,,,M&T Bank Corp.,,,2340168,,"83,614","25,262,876",0.01%,
Listed Equity,,,,"M3, Inc.",,,B02K2M3,,"274,400","5,549,671",0.00%,
Listed Equity,,,,MAAS Group Holdings Ltd.,,,BLD4919,,"251,562","1,368,497",0.00%,
Listed Equity,,,,Macmahon Holdings Ltd.,,,6551160,,"31,111,684","20,689,270",0.01%,
Listed Equity,,,,Macquarie Group Ltd.,,,B28YTC2,,"4,257,865","865,198,168",0.32%,
Listed Equity,,,,Macquarie Technology Group Ltd.,,,6175054,,"25,190","1,675,135",0.00%,
Listed Equity,,,,Mader Group Ltd.,,,BHNG8Z4,,"190,390","1,450,772",0.00%,
Listed Equity,,,,Magellan Financial Group Ltd.,,,B015YX4,,"1,849,063","18,453,649",0.01%,
Listed Equity,,,,"Magna International, Inc.",,,2554475,,"232,029","18,573,294",0.01%,
Listed Equity,,,,Magnit PJSC,,,B1393X4,,"93,950",0,0.00%,
Listed Equity,,,,Mahindra & Mahindra Ltd.,,,6100186,,"888,502","54,985,773",0.02%,
Listed Equity,,,,Makita Corp.,,,6555805,,"142,500","6,457,976",0.00%,
Listed Equity,,,,Malayan Banking Bhd.,,,6556325,,"4,812,017","18,635,808",0.01%,
Listed Equity,,,,Manulife Financial Corp.,,,2492519,,"1,263,036","68,866,398",0.03%,
Listed Equity,,,,Mapfre SA,,,B1G40S0,,"501,828","3,784,496",0.00%,
Listed Equity,,,,Marathon Petroleum Corp.,,,B3K3L40,,"89,021","21,710,258",0.01%,
Listed Equity,,,,Marico Ltd.,,,B1S34K5,,"1,730,456","21,671,092",0.01%,
Listed Equity,,,,Marimaca Copper Corp.,,,BPBK2X0,,"1,048,963","13,374,278",0.00%,
Listed Equity,,,,"Markel Group, Inc.",,,2566436,,"4,351","14,025,834",0.01%,
Listed Equity,,,,Marks & Spencer Group Plc,,,3127489,,"1,201,359","8,025,525",0.00%,
Listed Equity,,,,"Marriott International, Inc.",,,2210614,,"20,721","9,640,074",0.00%,
Listed Equity,,,,"Marsh & McLennan Cos., Inc.",,,2567741,,"245,770","68,374,073",0.03%,
Listed Equity,,,,"Martin Marietta Materials, Inc.",,,2572079,,"5,467","5,104,720",0.00%,
Listed Equity,,,,Marubeni Corp.,,,6569464,,"1,001,700","41,716,175",0.02%,
Listed Equity,,,,Maruti Suzuki India Ltd.,,,6633712,,"408,680","113,850,124",0.04%,
Listed Equity,,,,"Marvell Technology, Inc.",,,BNKJSM5,,"236,171","30,096,441",0.01%,
Listed Equity,,,,Masco Corp.,,,2570200,,"67,775","6,449,729",0.00%,
Listed Equity,,,,"Mastercard, Inc.",,,B121557,,"440,819","377,378,347",0.14%,
Listed Equity,,,,MatsukiyoCocokara & Co.,,,B249GC0,,"259,700","6,738,136",0.00%,
Listed Equity,,,,Max Healthcare Institute Ltd.,,,BMB2291,,"442,744","7,720,087",0.00%,
Listed Equity,,,,Maxis Bhd.,,,B5387L5,,"723,100","1,012,739",0.00%,
Listed Equity,,,,"McCormick & Co., Inc.",,,2550161,,"65,111","6,697,104",0.00%,
Listed Equity,,,,McDonald's Corp.,,,2550707,,"63,346","29,032,673",0.01%,
Listed Equity,,,,McKesson Corp.,,,2378534,,"11,038","13,591,381",0.01%,
Listed Equity,,,,McMillan Shakespeare Ltd.,,,B00G1Q0,,"103,163","1,758,929",0.00%,
Listed Equity,,,,"MediaTek, Inc.",,,6372480,,"882,822","60,251,510",0.02%,
Listed Equity,,,,Medibank Private Ltd.,,,BRTNNQ5,,"38,153,844","182,756,913",0.07%,
Listed Equity,,,,Medtronic Plc,,,BTN1Y11,,"860,407","124,858,042",0.05%,
Listed Equity,,,,Meeka Metals Ltd.,,,BNYGMT7,,"79,794,234","21,145,472",0.01%,
Listed Equity,,,,"Mega Financial Holding Co., Ltd.",,,6444066,,"2,942,155","5,616,740",0.00%,
Listed Equity,,,,Megaport Ltd.,,,BZ5ZWZ3,,"331,192","4,030,607",0.00%,
Listed Equity,,,,Megaworld Corp.,,,6563648,,"15,687,400","831,704",0.00%,
Listed Equity,,,,"Meitu, Inc.",,,BYYNH90,,"1,996,000","2,691,879",0.00%,
Listed Equity,,,,Meituan,,,BGJW376,,"1,568,670","31,219,707",0.01%,
Listed Equity,,,,Melrose Industries Plc,,,BNGDN82,,"1,481,724","17,585,320",0.01%,
Listed Equity,,,,"MercadoLibre, Inc.",,,B23X1H3,,"19,038","57,505,409",0.02%,
Listed Equity,,,,Mercedes-Benz Group AG,,,5529027,,"662,828","70,123,717",0.03%,
Listed Equity,,,,"Merck & Co., Inc.",,,2778844,,"1,818,087","289,296,261",0.11%,
Listed Equity,,,,Merck KGaA,,,4741844,,"97,895","21,137,685",0.01%,
Listed Equity,,,,Meridian Energy Ltd.,,,BWFD052,,"660,190","3,188,118",0.00%,
Listed Equity,,,,"MERITZ Financial Group, Inc.",,,B4WRJD2,,"18,999","2,236,850",0.00%,
Listed Equity,,,,Mesaieed Petrochemical Holding Co. QSC,,,BK4Z0B1,,"1,765,817","794,908",0.00%,
Listed Equity,,,,Mesoblast Ltd.,,,B04SF48,,"2,052,370","5,582,446",0.00%,
Listed Equity,,,,"Meta Platforms, Inc.",,,B7TL820,,"1,255,498","1,242,770,750",0.46%,
Listed Equity,,,,Metcash Ltd.,,,B0744W4,,"16,643,080","56,885,936",0.02%,
Listed Equity,,,,"MetLife, Inc.",,,2573209,,"347,277","41,109,764",0.02%,
Listed Equity,,,,Metro Mining Ltd.,,,BTDBK35,,"159,963,223","12,157,205",0.00%,
Listed Equity,,,,"Metro, Inc.",,,2583952,,"120,061","12,975,633",0.00%,
Listed Equity,,,,Metropolitan Bank & Trust Co.,,,6514442,,"2,374,384","4,145,683",0.00%,
Listed Equity,,,,Metso Corp.,,,B1FN8X9,,"492,762","13,000,363",0.00%,
Listed Equity,,,,"Mettler-Toledo International, Inc.",,,2126249,,"5,583","11,672,434",0.00%,
Listed Equity,,,,"Microchip Technology, Inc.",,,2592174,,"144,795","13,835,701",0.01%,
Listed Equity,,,,"Micron Technology, Inc.",,,2588184,,"1,098,816","470,479,776",0.17%,
Listed Equity,,,,Microsoft Corp.,,,2588173,,"2,708,312","1,964,150,633",0.73%,
Listed Equity,,,,"Mid-America Apartment Communities, Inc.",,,2589132,,"64,044","13,340,859",0.00%,
Listed Equity,,,,Midea Group Co. Ltd.,,,BD5CPP1,,"110,800","1,860,323",0.00%,
Listed Equity,,,,Midea Group Co. Ltd.,,,BQB7ZL7,,"151,700","2,482,824",0.00%,
Listed Equity,,,,"Minebea Mitsumi, Inc.",,,6642406,,"222,600","6,689,155",0.00%,
Listed Equity,,,,Mineral Resources Ltd.,,,B17ZL56,,"1,713,366","93,172,843",0.03%,
Listed Equity,,,,Mining & Metallurgical Company NORILSK NICKEL PJSC,,,B5B1TX2,,"4,513,400",0,0.00%,
Listed Equity,,,,Mining & Metallurgical Company NORILSK NICKEL PJSC,,,BYSW6D0,,8,0,0.00%,
Listed Equity,,,,"Mirae Asset Securities Co., Ltd.",,,6249658,,"372,356","9,050,837",0.00%,
Listed Equity,,,,MISC Bhd.,,,6557997,,"1,682,200","4,848,775",0.00%,
Listed Equity,,,,Mitsubishi Chemical Group Corp.,,,B0JQTJ0,,"949,100","8,309,190",0.00%,
Listed Equity,,,,Mitsubishi Corp.,,,6596785,,"2,115,385","72,573,464",0.03%,
Listed Equity,,,,Mitsubishi Electric Corp.,,,6597045,,"1,181,400","51,822,034",0.02%,
Listed Equity,,,,"Mitsubishi Estate Co., Ltd.",,,6596729,,"395,600","14,461,438",0.01%,
Listed Equity,,,,Mitsubishi HC Capital Inc.,,,6268976,,"530,000","6,647,475",0.00%,
Listed Equity,,,,"Mitsubishi Heavy Industries, Ltd.",,,6597067,,"1,210,600","44,474,394",0.02%,
Listed Equity,,,,"Mitsubishi UFJ Financial Group, Inc.",,,6335171,,"4,949,500","118,048,848",0.04%,
Listed Equity,,,,"Mitsui & Co., Ltd.",,,6597302,,"1,658,400","73,665,835",0.03%,
Listed Equity,,,,"Mitsui Fudosan Co., Ltd.",,,6597603,,"1,487,200","25,333,168",0.01%,
Listed Equity,,,,"Mitsui O.S.K. Lines, Ltd.",,,6597584,,"279,800","12,608,016",0.00%,
Listed Equity,,,,Mizrahi Tefahot Bank Ltd.,,,6916703,,"89,513","9,366,925",0.00%,
Listed Equity,,,,"Mizuho Financial Group, Inc.",,,6591014,,"1,560,310","85,087,133",0.03%,
Listed Equity,,,,Mobile Telecommunications Co. Saudi Arabia,,,B2QG180,,"1,071,847","4,469,563",0.00%,
Listed Equity,,,,Mobile TeleSystems PJSC,,,B59FPS3,,"1,048,134",0,0.00%,
Listed Equity,,,,MOL Hungarian Oil & Gas Plc,,,BD5ZXH8,,"254,388","3,430,733",0.00%,
Listed Equity,,,,Momentum Group Ltd.,,,BK9S758,,"2,023,412","7,002,475",0.00%,
Listed Equity,,,,Monadelphous Group Ltd.,,,6600471,,"913,511","24,217,177",0.01%,
Listed Equity,,,,Moncler SpA,,,BGLP232,,"177,695","17,187,479",0.01%,
Listed Equity,,,,monday.com Ltd.,,,BMHRYX8,,"15,766","3,488,687",0.00%,
Listed Equity,,,,"Mondelez International, Inc.",,,B8CKK03,,"345,806","28,173,712",0.01%,
Listed Equity,,,,"MONETA Money Bank, a.s.",,,BD3CQ16,,"193,968","2,733,256",0.00%,
Listed Equity,,,,"MongoDB, Inc.",,,BF2FJ99,,"7,189","4,524,483",0.00%,
Listed Equity,,,,"Monolithic Power Systems, Inc.",,,B01Z7J1,,"29,911","40,723,994",0.02%,
Listed Equity,,,,"MonotaRO Co., Ltd.",,,B1GHR88,,"199,700","4,804,818",0.00%,
Listed Equity,,,,Monster Beverage Corp.,,,BZ07BW4,,"393,286","45,217,422",0.02%,
Listed Equity,,,,"Montage Technology Co., Ltd.",,,BK71F77,,"205,341","5,196,854",0.00%,
Listed Equity,,,,Moody's Corp.,,,2252058,,"87,288","66,868,223",0.02%,
Listed Equity,,,,Morgan Stanley,,,2262314,,"327,305","87,135,723",0.03%,
Listed Equity,,,,Moscow Exchange MICEX-RTS PJSC,,,B8J4DK9,,"895,928",0,0.00%,
Listed Equity,,,,Moscow Exchange MICEX-RTS PJSC,,,B9GFHQ6,,"908,353",0,0.00%,
Listed Equity,,,,Motiva Infraestrutura de Mobilidade SA,,,BV8BRB1,,"245,602","1,012,204",0.00%,
Listed Equity,,,,"Motorola Solutions, Inc.",,,B5BKPQ4,,"14,870","8,574,584",0.00%,
Listed Equity,,,,Mouwasat Medical Services Co.,,,B403QG4,,"22,806","607,711",0.00%,
Listed Equity,,,,Mowi ASA,,,B02L486,,"169,629","6,133,099",0.00%,
Listed Equity,,,,Mphasis Ltd.,,,6151593,,"164,383","7,655,253",0.00%,
Listed Equity,,,,MRF Ltd.,,,6214128,,"1,705","4,348,262",0.00%,
Listed Equity,,,,"MS&AD Insurance Group Holdings, Inc.",,,B2Q4CS1,,"1,074,700","37,867,542",0.01%,
Listed Equity,,,,"MSCI, Inc.",,,B2972D2,,"21,323","18,345,422",0.01%,
Listed Equity,,,,MTN Group Ltd.,,,6563206,,"1,971,754","30,246,266",0.01%,
Listed Equity,,,,MTR Corp. Ltd.,,,6290054,,"859,513","4,934,755",0.00%,
Listed Equity,,,,MTU Aero Engines AG,,,B09DHL9,,"34,906","21,842,470",0.01%,
Listed Equity,,,,Münchener Rückversicherungs-Gesellschaft AG,,,5294121,,"102,064","101,057,808",0.04%,
Listed Equity,,,,Murata Manufacturing Co. Ltd.,,,6610403,,"1,443,917","44,840,339",0.02%,
Listed Equity,,,,Muthoot Finance Ltd.,,,B40MFF3,,"360,456","22,923,591",0.01%,
Listed Equity,,,,Nahdi Medical Co.,,,BMZPZG4,,"139,953","5,315,618",0.00%,
Listed Equity,,,,Nanosonics Ltd.,,,B1WF979,,"568,203","2,255,766",0.00%,
Listed Equity,,,,Nanya Technology Corp.,,,6283601,,"287,000","2,643,613",0.00%,
Listed Equity,,,,Narayana Hrudayalaya Ltd.,,,BD0CSH9,,"124,037","3,915,471",0.00%,
Listed Equity,,,,"Nasdaq, Inc.",,,2965107,,"126,542","18,431,468",0.01%,
Listed Equity,,,,Naspers Ltd.,,,BV2FFX7,,"543,070","54,284,369",0.02%,
Listed Equity,,,,NATCO Pharma Ltd.,,,BZ3D550,,"151,466","2,282,121",0.00%,
Listed Equity,,,,"Natera, Inc.",,,BYQRG48,,"11,455","3,935,257",0.00%,
Listed Equity,,,,National Aluminium Co. Ltd.,,,6139447,,"2,447,169","12,832,758",0.00%,
Listed Equity,,,,National Australia Bank Ltd.,,,6624608,,"37,136,289","1,571,236,388",0.58%,
Listed Equity,,,,National Bank of Canada,,,2077303,,"225,023","42,797,186",0.02%,
Listed Equity,,,,National Bank of Greece SA,,,BG087C6,,"1,162,789","26,622,615",0.01%,
Listed Equity,,,,National Bank of Kuwait SAK,,,6889526,,"7,584,274","37,541,077",0.01%,
Listed Equity,,,,National Grid Plc,,,BDR05C0,,"2,056,639","48,315,978",0.02%,
Listed Equity,,,,National Storage REIT,,,BGP6479,,"13,867,611","38,690,635",0.01%,
Listed Equity,,,,Naturgy Energy Group SA,,,5650422,,"133,404","6,089,902",0.00%,
Listed Equity,,,,NatWest Group Plc,,,BM8PJY7,,"4,859,506","63,887,630",0.02%,
Listed Equity,,,,NAVER Corp.,,,6560393,,"175,515","44,306,708",0.02%,
Listed Equity,,,,NCC Ltd.,,,B0FXGP0,,"274,597","735,055",0.00%,
Listed Equity,,,,Nebius Group NV,,,BMCLR03,,"54,973",0,0.00%,
Listed Equity,,,,Nebius Group NV,,,B5BSZB3,,"77,359","9,710,332",0.00%,
Listed Equity,,,,NEC Corp.,,,6640400,,"997,765","50,687,507",0.02%,
Listed Equity,,,,Nedbank Group Ltd.,,,6628008,,"102,837","2,478,019",0.00%,
Listed Equity,,,,Nemetschek SE,,,5633962,,"54,115","8,844,476",0.00%,
Listed Equity,,,,Neste Corp.,,,B06YV46,,"184,792","6,317,062",0.00%,
Listed Equity,,,,Nestlé (Malaysia) Bhd.,,,6629335,,"46,000","1,937,860",0.00%,
Listed Equity,,,,Nestlé SA,,,7123870,,"1,507,074","224,615,434",0.08%,
Listed Equity,,,,"NetApp, Inc.",,,2630643,,"206,744","33,201,192",0.01%,
Listed Equity,,,,"NetEase Cloud Music, Inc.",,,BP2TRS6,,"74,650","2,675,098",0.00%,
Listed Equity,,,,"NetEase, Inc.",,,BM93SF4,,"1,017,100","42,052,351",0.02%,
Listed Equity,,,,"NetEase, Inc.",,,2606440,,"8,469","1,747,775",0.00%,
Listed Equity,,,,"Netflix, Inc.",,,2857817,,"2,434,230","342,255,987",0.13%,
Listed Equity,,,,Netmarble Corp.,,,BF2S426,,"52,625","2,643,218",0.00%,
Listed Equity,,,,Netwealth Group Ltd.,,,BF52PL1,,"1,778,733","45,660,076",0.02%,
Listed Equity,,,,Neuren Pharmaceuticals Ltd.,,,B04LVF0,,"1,158,900","21,567,129",0.01%,
Listed Equity,,,,"Neurocrine Biosciences, Inc.",,,2623911,,"52,925","11,256,434",0.00%,
Listed Equity,,,,"New China Life Insurance Co., Ltd.",,,B5730Z1,,"1,706,200","17,865,962",0.01%,
Listed Equity,,,,New Hope Corp. Ltd.,,,6681960,,"7,485,267","30,165,626",0.01%,
Listed Equity,,,,Newmont Corp.,,,2636607,,"725,636","108,652,253",0.04%,
Listed Equity,,,,News Corp.,,,BBGVT40,,"175,580","6,877,333",0.00%,
Listed Equity,,,,Nexi SpA,,,BJ1F880,,"371,068","2,758,515",0.00%,
Listed Equity,,,,"NEXON Co., Ltd.",,,B63QM77,,"130,300","4,804,346",0.00%,
Listed Equity,,,,Next Plc,,,3208986,,"104,506","29,019,561",0.01%,
Listed Equity,,,,NextDC Ltd.,,,B5LMKP4,,"6,289,407","78,806,270",0.03%,
Listed Equity,,,,Nexteer Automotive Group Ltd.,,,BBPD5F0,,"2,460,000","3,038,016",0.00%,
Listed Equity,,,,"NextEra Energy, Inc.",,,2328915,,"184,365","22,195,130",0.01%,
Listed Equity,,,,"NH Investment & Securities Co., Ltd.",,,6537085,,"546,450","12,002,629",0.00%,
Listed Equity,,,,NIB Holdings Ltd.,,,B28ZM60,,"4,383,317","30,069,555",0.01%,
Listed Equity,,,,NIBE Industrier AB,,,BN7BZM3,,"855,269","4,955,575",0.00%,
Listed Equity,,,,NICE Ltd. (Israel),,,6647133,,"64,932","10,910,001",0.00%,
Listed Equity,,,,Nick Scali Ltd.,,,B00VZV8,,"1,340,926","31,605,626",0.01%,
Listed Equity,,,,Nickel Industries Ltd.,,,BZ7NDP2,,"4,158,816","3,472,611",0.00%,
Listed Equity,,,,NIDEC Corp.,,,6640682,,"509,500","10,392,249",0.00%,
Listed Equity,,,,"NIKE, Inc.",,,2640147,,"570,162","54,819,539",0.02%,
Listed Equity,,,,Nine Entertainment Co. Holdings Ltd.,,,BGQV183,,"15,495,579","17,200,093",0.01%,
Listed Equity,,,,"Nintendo Co., Ltd.",,,6639550,,"652,800","66,169,713",0.02%,
Listed Equity,,,,"Nippon Building Fund, Inc.",,,6396800,,"2,977","4,131,983",0.00%,
Listed Equity,,,,"Nippon Paint Holdings Co., Ltd.",,,6640507,,"380,400","3,838,377",0.00%,
Listed Equity,,,,Nippon Sanso Holdings Corp.,,,6640541,,"107,200","4,787,445",0.00%,
Listed Equity,,,,NIPPON STEEL CORP.,,,6642569,,"3,776,100","23,185,760",0.01%,
Listed Equity,,,,Nippon Yusen KK,,,6643960,,"353,900","17,192,990",0.01%,
Listed Equity,,,,"NiSource, Inc.",,,2645409,,"188,231","11,787,548",0.00%,
Listed Equity,,,,"Nissan Motor Co., Ltd.",,,6642860,,"1,432,400","5,345,870",0.00%,
Listed Equity,,,,"Nitori Holdings Co., Ltd.",,,6644800,,"232,500","6,100,251",0.00%,
Listed Equity,,,,Nitto Denko Corp.,,,6641801,,"551,000","19,583,421",0.01%,
Listed Equity,,,,NMDC Ltd.,,,6148119,,"15,310,532","21,245,583",0.01%,
Listed Equity,,,,NN Group NV,,,BNG8PQ9,,"212,915","24,651,446",0.01%,
Listed Equity,,,,Nokia Oyj,,,5902941,,"5,512,793","54,099,000",0.02%,
Listed Equity,,,,"Nomura Holdings, Inc.",,,6643108,,"2,002,900","24,929,565",0.01%,
Listed Equity,,,,Nomura Research Institute Ltd.,,,6390921,,"217,200","12,511,420",0.00%,
Listed Equity,,,,"Nongfu Spring Co., Ltd.",,,BMGWW30,,"396,400","3,577,235",0.00%,
Listed Equity,,,,Nordea Bank Abp,,,BFM0SV9,,"1,543,871","43,735,946",0.02%,
Listed Equity,,,,Nordea Bank Abp,,,BYZF9J9,,"155,075","4,387,970",0.00%,
Listed Equity,,,,Nordson Corp.,,,2641838,,"16,023","5,796,729",0.00%,
Listed Equity,,,,Norfolk Southern Corp.,,,2641894,,"103,797","44,940,046",0.02%,
Listed Equity,,,,Norsk Hydro ASA,,,B11HK39,,"1,378,435","16,025,416",0.01%,
Listed Equity,,,,Northern Star Resources Ltd.,,,6717456,,"17,113,421","457,441,743",0.17%,
Listed Equity,,,,Northern Trust Corp.,,,2648668,,"82,033","16,901,123",0.01%,
Listed Equity,,,,Northrop Grumman Corp.,,,2648806,,"73,386","62,750,890",0.02%,
Listed Equity,,,,Nova Ltd.,,,6534161,,"25,145","12,613,213",0.00%,
Listed Equity,,,,Novartis AG,,,7103065,,"1,579,140","327,597,663",0.12%,
Listed Equity,,,,NOVATEK JSC,,,B59HPK1,,"47,500",0,0.00%,
Listed Equity,,,,Novatek Microelectronics Corp.,,,6346333,,"128,000","2,284,759",0.00%,
Listed Equity,,,,Novo Nordisk A/S,,,BP6KMJ1,,"2,861,613","219,467,514",0.08%,
Listed Equity,,,,Novolipetsk Steel,,,B59FPC7,,"3,011,298",0,0.00%,
Listed Equity,,,,Novolipetsk Steel,,,4578741,,"574,315",0,0.00%,
Listed Equity,,,,Novonesis (Novozymes A/S),,,B798FW0,,"127,809","12,289,966",0.00%,
Listed Equity,,,,"NRG Energy, Inc.",,,2212922,,"53,790","12,844,747",0.00%,
Listed Equity,,,,NRW Holdings Ltd.,,,B23XW70,,"3,596,924","18,524,159",0.01%,
Listed Equity,,,,"NTT, Inc.",,,6641373,,"24,636,250","37,169,305",0.01%,
Listed Equity,,,,Nu Holdings Ltd.,,,BN6NP19,,"1,677,694","42,115,315",0.02%,
Listed Equity,,,,Nucor Corp.,,,2651086,,"124,516","30,560,896",0.01%,
Listed Equity,,,,"Nutanix, Inc.",,,BYQBFT8,,"22,320","1,730,105",0.00%,
Listed Equity,,,,Nutrien Ltd.,,,BDRJLN0,,"359,360","33,600,218",0.01%,
Listed Equity,,,,NVIDIA Corp.,,,2379504,,"7,534,692","2,107,250,593",0.78%,
Listed Equity,,,,"NVR, Inc.",,,2637785,,"2,853","31,200,829",0.01%,
Listed Equity,,,,NXP Semiconductors NV,,,B505PN7,,"241,304","78,903,004",0.03%,
Listed Equity,,,,Obayashi Corp.,,,6656407,,"448,597","14,029,734",0.01%,
Listed Equity,,,,OBIC Co. Ltd.,,,6136749,,"199,600","9,398,971",0.00%,
Listed Equity,,,,Objective Corp. Ltd.,,,6283407,,"104,326","1,722,422",0.00%,
Listed Equity,,,,Occidental Petroleum Corp.,,,2655408,,"348,740","21,611,095",0.01%,
Listed Equity,,,,Oil Company LUKOIL PJSC,,,B59SNS8,,"398,968",0,0.00%,
Listed Equity,,,,Oil Company LUKOIL PJSC,,,4560588,,"37,484",0,0.00%,
Listed Equity,,,,"Oklo, Inc.",,,BMD78K7,,"51,565","5,548,931",0.00%,
Listed Equity,,,,"Okta, Inc.",,,BDFZSP1,,"94,477","12,250,770",0.00%,
Listed Equity,,,,"Old Dominion Freight Line, Inc.",,,2656423,,"115,427","27,140,967",0.01%,
Listed Equity,,,,Old Mutual Ltd.,,,BDVPYN5,,"9,589,323","12,930,745",0.00%,
Listed Equity,,,,Olympus Corp.,,,6658801,,"826,200","15,686,080",0.01%,
Listed Equity,,,,"Omnicom Group, Inc.",,,2279303,,"160,751","19,658,460",0.01%,
Listed Equity,,,,OMV AG,,,4651459,,"167,743","14,038,713",0.01%,
Listed Equity,,,,ON Semiconductor Corp.,,,2583576,,"338,459","27,483,774",0.01%,
Listed Equity,,,,"ONEOK, Inc.",,,2130109,,"55,662","6,135,048",0.00%,
Listed Equity,,,,oOh!media Ltd.,,,BSXN8D0,,"14,667,056","19,067,173",0.01%,
Listed Equity,,,,Ooredoo QPSC,,,6158174,,"1,546,806","8,301,019",0.00%,
Listed Equity,,,,Open Text Corp.,,,2260824,,"382,732","18,716,124",0.01%,
Listed Equity,,,,Ora Banda Mining Ltd.,,,BKDX544,,"2,449,802","3,748,197",0.00%,
Listed Equity,,,,Oracle Corp Japan,,,6141680,,"27,300","3,444,971",0.00%,
Listed Equity,,,,Oracle Corp.,,,2661568,,"249,672","72,975,286",0.03%,
Listed Equity,,,,Oracle Financial Services Software Ltd.,,,6528443,,"18,651","2,392,052",0.00%,
Listed Equity,,,,Orange Polska SA,,,5552551,,"254,302","1,080,868",0.00%,
Listed Equity,,,,Orange SA,,,5176177,,"1,499,260","37,494,861",0.01%,
Listed Equity,,,,"O'Reilly Automotive, Inc.",,,B65LWX6,,"233,250","31,903,325",0.01%,
Listed Equity,,,,Orica Ltd.,,,6458001,,"6,238,305","151,466,045",0.06%,
Listed Equity,,,,Orient Overseas (International) Ltd.,,,6659116,,"234,500","5,665,488",0.00%,
Listed Equity,,,,"Oriental Land Co., Ltd.",,,6648891,,"407,100","11,288,924",0.00%,
Listed Equity,,,,Origin Energy Ltd.,,,6214861,,"19,225,148","220,896,951",0.08%,
Listed Equity,,,,Orion Oyj,,,B17NY40,,"101,357","11,362,100",0.00%,
Listed Equity,,,,ORIX Corp.,,,6661144,,"758,240","33,035,270",0.01%,
Listed Equity,,,,Orkla ASA,,,B1VQF42,,"625,095","10,454,778",0.00%,
Listed Equity,,,,ORLEN SA,,,5810066,,"170,828","6,848,200",0.00%,
Listed Equity,,,,Orora Ltd.,,,BH4TCW7,,"2,609,120","5,766,155",0.00%,
Listed Equity,,,,Ørsted A/S,,,BYT16L4,,"269,772","7,782,926",0.00%,
Listed Equity,,,,"Osaka Gas Co., Ltd.",,,6661768,,"217,100","11,278,148",0.00%,
Listed Equity,,,,Otis Worldwide Corp.,,,BK531S8,,"34,625","4,535,493",0.00%,
Listed Equity,,,,OTP Bank Nyrt,,,7320154,,"151,267","24,355,345",0.01%,
Listed Equity,,,,OTSUKA CORP.,,,6267058,,"195,500","6,112,332",0.00%,
Listed Equity,,,,"Otsuka Holdings Co., Ltd.",,,B5LTM93,,"444,780","38,024,766",0.01%,
Listed Equity,,,,OUTsurance Group Ltd.,,,BN6QSM0,,"281,648","1,826,555",0.00%,
Listed Equity,,,,Oversea-Chinese Banking Corp. Ltd.,,,B0F9V20,,"2,213,762","51,009,227",0.02%,
Listed Equity,,,,"PACCAR, Inc.",,,2665861,,"310,927","51,713,149",0.02%,
Listed Equity,,,,Packaging Corporation of America,,,2504566,,"47,713","14,845,157",0.01%,
Listed Equity,,,,Page Industries Ltd.,,,B1VJS64,,"1,423","855,779",0.00%,
Listed Equity,,,,PagSeguro Digital Ltd.,,,BFWK4R7,,"834,816","12,068,121",0.00%,
Listed Equity,,,,Paladin Energy Ltd.,,,6668468,,"3,796,112","36,404,714",0.01%,
Listed Equity,,,,"Palantir Technologies, Inc.",,,BN78DQ4,,"620,169","165,307,100",0.06%,
Listed Equity,,,,"Palo Alto Networks, Inc.",,,B87ZMX0,,"60,581","16,733,928",0.01%,
Listed Equity,,,,Pan American Silver Corp.,,,2669272,,"187,130","14,567,766",0.01%,
Listed Equity,,,,Pan Pacific International Holdings Corp.,,,6269861,,"1,044,600","9,344,149",0.00%,
Listed Equity,,,,Panasonic Holdings Corp.,,,6572707,,"1,856,307","35,936,118",0.01%,
Listed Equity,,,,Pandora AS,,,B44XTX8,,"69,142","11,536,440",0.00%,
Listed Equity,,,,"Parade Technologies, Ltd.",,,B6RV676,,"166,000","4,626,789",0.00%,
Listed Equity,,,,Parker-Hannifin Corp.,,,2671501,,"64,686","85,261,163",0.03%,
Listed Equity,,,,Partners Group Holding AG,,,B119QG0,,"19,685","36,604,407",0.01%,
Listed Equity,,,,"Paychex, Inc.",,,2674458,,"199,439","33,550,374",0.01%,
Listed Equity,,,,"Paycom Software, Inc.",,,BL95MY0,,"35,779","8,550,261",0.00%,
Listed Equity,,,,"PayPal Holdings, Inc.",,,BYW36M8,,"526,354","46,080,148",0.02%,
Listed Equity,,,,"PDD Holdings, Inc.",,,BYVW0F7,,"295,357","50,221,984",0.02%,
Listed Equity,,,,Pearson Plc,,,0677608,,"327,068","6,926,880",0.00%,
Listed Equity,,,,Pegatron Corp.,,,B4PLX17,,"1,719,247","5,628,869",0.00%,
Listed Equity,,,,Pembina Pipeline Corp.,,,B4PT2P8,,"278,439","15,928,039",0.01%,
Listed Equity,,,,Pentair plc,,,BLS09M3,,"145,472","22,717,934",0.01%,
Listed Equity,,,,Pepkor Holdings Ltd.,,,BFXG366,,"1,130,074","2,705,091",0.00%,
Listed Equity,,,,"PepsiCo, Inc.",,,2681511,,"630,332","137,002,394",0.05%,
Listed Equity,,,,Perenti Ltd.,,,BKRKNV4,,"14,505,056","40,469,106",0.01%,
Listed Equity,,,,Pernod Ricard SA,,,4682329,,"130,682","16,824,400",0.01%,
Listed Equity,,,,Perpetual Ltd.,,,6682394,,"440,207","8,214,263",0.00%,
Listed Equity,,,,Perseus Mining Ltd.,,,B02FBC1,,"10,114,890","57,452,575",0.02%,
Listed Equity,,,,Persistent Systems Ltd.,,,BLC87W9,,"96,467","10,094,772",0.00%,
Listed Equity,,,,Petróleo Brasileiro SA,,,2682365,,"923,368","8,468,411",0.00%,
Listed Equity,,,,Petróleo Brasileiro SA,,,2684532,,"1,376,772","11,967,336",0.00%,
Listed Equity,,,,Petróleo Brasileiro SA,,,2683410,,"1,647,431","28,718,029",0.01%,
Listed Equity,,,,Petróleo Brasileiro SA,,,2616580,,"799,093","14,624,815",0.01%,
Listed Equity,,,,Petronas Dagangan Bhd.,,,6695938,,"273,400","2,016,596",0.00%,
Listed Equity,,,,Petronet LNG Ltd.,,,B00KT68,,"1,735,246","8,225,153",0.00%,
Listed Equity,,,,PEXA Group Ltd.,,,BMD0WJ3,,"298,801","4,012,897",0.00%,
Listed Equity,,,,Pfizer Inc.,,,2684703,,"3,207,441","119,764,986",0.04%,
Listed Equity,,,,PG&E Corp.,,,2689560,,"1,165,046","28,163,067",0.01%,
Listed Equity,,,,PharmaEssentia Corp.,,,BJTCKZ4,,"146,640","3,289,342",0.00%,
Listed Equity,,,,"PharmaResearch Co., Ltd.",,,BYMXFQ5,,"16,946","7,125,612",0.00%,
Listed Equity,,,,Phillips 66,,,B78C4Y8,,"114,718","22,198,711",0.01%,
Listed Equity,,,,Phison Electronics Corp.,,,6728469,,"113,000","7,848,523",0.00%,
Listed Equity,,,,Phoenix Financial Ltd.,,,6460590,,"144,465","8,958,890",0.00%,
Listed Equity,,,,Phoenix Group Holdings Plc,,,BGXQNP2,,"248,956","3,700,841",0.00%,
Listed Equity,,,,PhosAgro PJSC,,,B6Q70J5,,"16,289",0,0.00%,
Listed Equity,,,,PI Industries Ltd.,,,B992PT3,,"63,229","3,416,109",0.00%,
Listed Equity,,,,"PICC Property & Casualty Co., Ltd.",,,6706250,,"2,482,000","7,823,156",0.00%,
Listed Equity,,,,Pidilite Industries Ltd.,,,B0JJV59,,"207,696","5,136,949",0.00%,
Listed Equity,,,,"Ping An Bank Co., Ltd.",,,BD5CPS4,,"538,700","1,320,542",0.00%,
Listed Equity,,,,Ping An Insurance (Group) Co. of China Ltd.,,,BP3R284,,"248,948","3,658,342",0.00%,
Listed Equity,,,,Ping An Insurance (Group) Co. of China Ltd.,,,B01FLR7,,"1,669,000","20,949,211",0.01%,
Listed Equity,,,,Pinnacle Investment Management Group Ltd.,,,BD0F7H1,,"336,445","5,770,032",0.00%,
Listed Equity,,,,"Pinterest, Inc.",,,BJ2Z0H2,,"201,816","7,835,370",0.00%,
Listed Equity,,,,Piraeus Bank SA,,,BVLKBV3,,"1,734,670","20,756,248",0.01%,
Listed Equity,,,,PKO Bank Polski SA,,,B03NGS5,,"475,954","16,906,333",0.01%,
Listed Equity,,,,PLS Group Ltd.,,,B2368L5,,"32,918,305","138,915,247",0.05%,
Listed Equity,,,,PNB Housing Finance Ltd.,,,BD6FGZ6,,"115,084","1,826,987",0.00%,
Listed Equity,,,,Polycab India Ltd.,,,BHKDY38,,"130,825","16,630,312",0.01%,
Listed Equity,,,,Polyus PJSC,,,B57R0L9,,"241,510",0,0.00%,
Listed Equity,,,,Pop Mart International Group Ltd.,,,BN6PP37,,"379,400","13,720,139",0.01%,
Listed Equity,,,,Porsche AG,,,BJN59B8,,"60,470","4,858,494",0.00%,
Listed Equity,,,,Porsche Automobil Holding SE,,,7101069,,"146,398","10,292,767",0.00%,
Listed Equity,,,,Porto Seguro SA,,,B0498T7,,"955,900","13,112,303",0.00%,
Listed Equity,,,,"Postal Savings Bank of China Co., Ltd.",,,BL61XF9,,"628,300","735,670",0.00%,
Listed Equity,,,,Poste Italiane SpA,,,BYYN701,,"291,521","11,028,351",0.00%,
Listed Equity,,,,Pou Chen Corp.,,,6696157,,"9,439,000","13,582,260",0.01%,
Listed Equity,,,,Power Assets Holdings Ltd.,,,6435327,,"1,070,392","11,373,268",0.00%,
Listed Equity,,,,Power Corp. of Canada,,,2697701,,"424,407","34,154,869",0.01%,
Listed Equity,,,,Power Finance Corp. Ltd.,,,B1S7225,,"1,024,396","6,074,310",0.00%,
Listed Equity,,,,Power Grid Corp. of India Ltd.,,,B233HS6,,"4,253,787","18,779,207",0.01%,
Listed Equity,,,,"Powertech Technology, Inc.",,,6599676,,"185,000","1,527,484",0.00%,
Listed Equity,,,,Powszechny Zaklad Ubezpieczen SA,,,B63DG21,,"1,102,840","30,700,645",0.01%,
Listed Equity,,,,PPB Group Bhd.,,,6681669,,"563,600","2,303,488",0.00%,
Listed Equity,,,,"PPG Industries, Inc.",,,2698470,,"102,642","15,770,712",0.01%,
Listed Equity,,,,PPL Corp.,,,2680905,,0,"129,092",0.00%,
Listed Equity,,,,Premier Investments Ltd.,,,6699781,,"1,445,276","20,962,695",0.01%,
Listed Equity,,,,Primax Electronics Ltd.,,,B5M70F8,,"1,445,000","5,296,486",0.00%,
Listed Equity,,,,"Principal Financial Group, Inc.",,,2803014,,"116,276","15,380,829",0.01%,
Listed Equity,,,,PRIO SA,,,BYY0144,,"591,400","6,703,514",0.00%,
Listed Equity,,,,Pro Medicus Ltd.,,,6292782,,"797,144","176,065,195",0.07%,
Listed Equity,,,,Procter & Gamble Co.,,,2704407,,"1,244,061","267,356,050",0.10%,
Listed Equity,,,,Progressive Corp.,,,2705024,,"288,333","98,461,709",0.04%,
Listed Equity,,,,"Prologis, Inc.",,,B44WZD7,,"251,533","48,152,812",0.02%,
Listed Equity,,,,Promotora y Operadora de Infraestructura SA,,,2393388,,"446,765","9,961,788",0.00%,
Listed Equity,,,,Prosus NV,,,BJDS7L3,,"705,514","65,668,497",0.02%,
Listed Equity,,,,"Prudential Financial, Inc.",,,2819118,,"221,261","37,453,613",0.01%,
Listed Equity,,,,Prudential Plc,,,0709954,,"1,929,543","44,543,112",0.02%,
Listed Equity,,,,Prysmian SpA,,,B1W4V69,,"155,599","23,671,537",0.01%,
Listed Equity,,,,PT Aneka Tambang Tbk,,,6053859,,"27,344,200","7,746,076",0.00%,
Listed Equity,,,,PT Bank Central Asia Tbk,,,B01C1P6,,"131,940,100","95,813,198",0.04%,
Listed Equity,,,,PT Bank Mandiri (Persero) Tbk,,,6651048,,"14,292,900","6,555,360",0.00%,
Listed Equity,,,,PT Bank Negara Indonesia (Persero) Tbk,,,6727121,,"23,019,332","9,046,491",0.00%,
Listed Equity,,,,PT Bank Rakyat Indonesia (Persero) Tbk,,,6709099,,"38,048,254","12,921,843",0.00%,
Listed Equity,,,,PT Bumi Resources Minerals Tbk,,,B3R5893,,"20,987,900","2,076,193",0.00%,
Listed Equity,,,,PT Charoen Pokphand Indonesia Tbk,,,6315344,,"2,010,500","815,430",0.00%,
Listed Equity,,,,PT GoTo Gojek Tokopedia Tbk,,,BQ3R601,,"638,164,400","3,672,980",0.00%,
Listed Equity,,,,PT Indofood CBP Sukses Makmur Tbk,,,B4LD3M8,,"923,200","680,794",0.00%,
Listed Equity,,,,PT Kalbe Farma Tbk,,,B7311V6,,"19,019,200","2,061,035",0.00%,
Listed Equity,,,,PT Perusahaan Gas Negara (Persero) Tbk,,,6719764,,"27,472,500","4,718,865",0.00%,
Listed Equity,,,,PT Telkom Indonesia (Persero) Tbk,,,BD4T6W7,,"130,754,064","40,920,454",0.02%,
Listed Equity,,,,PT Unilever Indonesia Tbk,,,6687184,,"1,634,000","382,060",0.00%,
Listed Equity,,,,PT United Tractors Tbk,,,6230845,,"4,272,700","11,335,232",0.00%,
Listed Equity,,,,"PTC, Inc.",,,B95N910,,"10,481","2,738,090",0.00%,
Listed Equity,,,,Public Bank Bhd.,,,B012W42,,"941,405","1,579,400",0.00%,
Listed Equity,,,,"Public Service Enterprise Group, Inc.",,,2707677,,"144,229","17,367,607",0.01%,
Listed Equity,,,,Public Storage,,,2852533,,"109,238","42,509,201",0.02%,
Listed Equity,,,,Publicis Groupe SA,,,4380429,,"196,160","30,616,014",0.01%,
Listed Equity,,,,"PulteGroup, Inc.",,,2708841,,"284,064","50,061,035",0.02%,
Listed Equity,,,,Punjab National Bank,,,BTDV035,,"10,004,309","20,627,518",0.01%,
Listed Equity,,,,"Pure Storage, Inc.",,,BYZ62T3,,"102,423","10,292,217",0.00%,
Listed Equity,,,,Qantas Airways Ltd.,,,6710347,,"20,761,362","215,502,938",0.08%,
Listed Equity,,,,Qatar Fuel-Woqod QSC,,,6516556,,"302,674","1,891,089",0.00%,
Listed Equity,,,,Qatar International Islamic Bank,,,6571544,,"145,686","685,828",0.00%,
Listed Equity,,,,Qatar Islamic Bank,,,6713982,,"1,756,011","17,321,437",0.01%,
Listed Equity,,,,Qatar National Bank QPSC,,,6148197,,"3,146,413","24,181,238",0.01%,
Listed Equity,,,,QBE Insurance Group Ltd.,,,6715740,,"19,734,329","392,515,804",0.15%,
Listed Equity,,,,"Qfin Holdings, Inc.",,,BFMV9Y2,,"26,410","763,171",0.00%,
Listed Equity,,,,QIAGEN NV,,,BNXJZX2,,"134,183","9,182,287",0.00%,
Listed Equity,,,,"Qnity Electronics, Inc.",,,BW1P234,,"107,135","13,117,752",0.00%,
Listed Equity,,,,Qoria Ltd.,,,BMXLP20,,"23,969,227","14,021,998",0.01%,
Listed Equity,,,,"QUALCOMM, Inc.",,,2714923,,"1,106,512","283,825,264",0.11%,
Listed Equity,,,,Quálitas Controladora SAB de CV,,,BYMXF65,,"878,007","13,668,479",0.01%,
Listed Equity,,,,"Quanta Computer, Inc.",,,6141011,,"220,000","2,855,948",0.00%,
Listed Equity,,,,"Quanta Services, Inc.",,,2150204,,"41,084","26,002,719",0.01%,
Listed Equity,,,,Qube Holdings Ltd.,,,B1L4BC6,,"16,093,059","76,763,891",0.03%,
Listed Equity,,,,"Quest Diagnostics, Inc.",,,2702791,,"57,425","14,943,331",0.01%,
Listed Equity,,,,Radiant Opto-Electronics Corp.,,,6520278,,"856,000","5,065,872",0.00%,
Listed Equity,,,,Radico Khaitan Ltd.,,,B0VY3T0,,"42,778","2,354,157",0.00%,
Listed Equity,,,,Raia Drogasil SA,,,B7FQV64,,"285,812","1,858,206",0.00%,
Listed Equity,,,,"Rakuten Group, Inc.",,,6229597,,"569,900","5,474,072",0.00%,
Listed Equity,,,,Ramelius Resources Ltd.,,,6586872,,"27,360,001","113,817,604",0.04%,
Listed Equity,,,,Ramsay Health Care Ltd.,,,6041995,,"1,848,382","63,510,406",0.02%,
Listed Equity,,,,Randstad NV,,,5228658,,"98,198","5,598,244",0.00%,
Listed Equity,,,,Rational AG,,,5910609,,"4,424","5,154,083",0.00%,
Listed Equity,,,,"Raymond James Financial, Inc.",,,2718992,,"103,274","24,870,318",0.01%,
Listed Equity,,,,"RB Global, Inc.",,,BMWGTH9,,"70,261","10,861,776",0.00%,
Listed Equity,,,,REA Group Ltd.,,,6198578,,"654,574","120,042,326",0.04%,
Listed Equity,,,,Realtek Semiconductor Corp.,,,6051422,,"823,202","19,212,064",0.01%,
Listed Equity,,,,Realty Income Corp.,,,2724193,,"216,502","18,388,953",0.01%,
Listed Equity,,,,REC Ltd.,,,B2Q7WL3,,"781,316","4,651,181",0.00%,
Listed Equity,,,,Reckitt Benckiser Group Plc,,,B24CGK7,,"410,206","49,660,181",0.02%,
Listed Equity,,,,Recordati SpA,,,B07DRZ5,,"61,616","5,267,442",0.00%,
Listed Equity,,,,"Recruit Holdings Co., Ltd.",,,BQRRZ00,,"1,155,800","97,826,578",0.04%,
Listed Equity,,,,"Reddit, Inc.",,,BMVNLY2,,"26,777","9,230,305",0.00%,
Listed Equity,,,,Rede D'Or São Luiz SA,,,BNDQ8P6,,"6,473,729","73,630,728",0.03%,
Listed Equity,,,,Redefine Properties Ltd.,,,BMP3858,,"10,075,706","5,471,118",0.00%,
Listed Equity,,,,Redeia Corporacion SA,,,BD6FXN3,,"255,928","6,837,697",0.00%,
Listed Equity,,,,Redington Ltd. (India),,,B1R3S15,,"585,473","2,660,394",0.00%,
Listed Equity,,,,Redox Ltd.,,,BQ81P89,,"327,462","995,484",0.00%,
Listed Equity,,,,Reece Ltd.,,,6728801,,"2,416,389","32,379,613",0.01%,
Listed Equity,,,,Regency Centers Corp.,,,2726177,,"68,577","7,176,495",0.00%,
Listed Equity,,,,"Regeneron Pharmaceuticals, Inc.",,,2730190,,"63,997","74,075,676",0.03%,
Listed Equity,,,,Regions Financial Corp.,,,B01R311,,"464,120","19,045,728",0.01%,
Listed Equity,,,,Regis Healthcare Ltd.,,,BQV68F9,,"5,253,368","36,510,908",0.01%,
Listed Equity,,,,Regis Resources Ltd.,,,6476542,,"6,039,285","45,596,602",0.02%,
Listed Equity,,,,Reinet Investments SCA,,,BF52QF2,,"55,688","2,923,068",0.00%,
Listed Equity,,,,Reliance Industries Ltd.,,,6099626,,"3,241,924","84,942,452",0.03%,
Listed Equity,,,,Reliance Worldwide Corp. Ltd.,,,BD1DM79,,"9,438,553","36,432,815",0.01%,
Listed Equity,,,,"Reliance, Inc.",,,2729068,,"23,118","10,014,391",0.00%,
Listed Equity,,,,RELX Plc,,,B2B0DG9,,"1,104,421","67,274,711",0.02%,
Listed Equity,,,,RELX Plc,,,BYWLC68,,"449,588","27,459,991",0.01%,
Listed Equity,,,,Renault SA,,,4712798,,"171,725","10,712,443",0.00%,
Listed Equity,,,,Renesas Electronics Corp.,,,6635677,,"1,389,300","28,778,768",0.01%,
Listed Equity,,,,Rentokil Initial Plc,,,B082RF1,,"1,125,653","10,160,331",0.00%,
Listed Equity,,,,Repsol SA,,,5669354,,"1,170,797","32,837,304",0.01%,
Listed Equity,,,,"Republic Services, Inc.",,,2262530,,"69,386","22,051,398",0.01%,
Listed Equity,,,,"ResMed, Inc.",,,2732903,,"83,375","30,115,523",0.01%,
Listed Equity,,,,"Resona Holdings, Inc.",,,6421553,,"901,100","12,870,960",0.00%,
Listed Equity,,,,"Restaurant Brands International, Inc.",,,BTF8CF0,,"112,468","11,628,394",0.00%,
Listed Equity,,,,Rexel SA,,,B1VP0K0,,"194,872","11,528,317",0.00%,
Listed Equity,,,,Rhb Bank Bhd.,,,6244675,,"6,557,755","18,683,979",0.01%,
Listed Equity,,,,Rheinmetall AG,,,5334588,,"26,660","73,294,181",0.03%,
Listed Equity,,,,Ridley Corp. Ltd.,,,6738929,,"8,678,578","22,998,232",0.01%,
Listed Equity,,,,Rio Tinto Ltd.,,,6220103,,"4,211,269","618,298,515",0.23%,
Listed Equity,,,,Rio Tinto Plc,,,0718875,,"978,901","118,349,331",0.04%,
Listed Equity,,,,"Rivian Automotive, Inc.",,,BL98841,,"70,131","2,072,853",0.00%,
Listed Equity,,,,Riyad Bank,,,B12LZW4,,"1,954,819","21,211,156",0.01%,
Listed Equity,,,,"Robinhood Markets, Inc.",,,BP0TQN6,,"65,023","11,028,119",0.00%,
Listed Equity,,,,Roblox Corp.,,,BMWBC20,,"52,020","6,321,033",0.00%,
Listed Equity,,,,Roche Holding AG,,,7108918,,"21,091","13,381,685",0.00%,
Listed Equity,,,,Roche Holding AG,,,7110388,,"619,561","384,886,125",0.14%,
Listed Equity,,,,"Rocket Cos., Inc.",,,BMD6Y84,,"81,349","2,361,725",0.00%,
Listed Equity,,,,Rocket Lab Corp.,,,BT6C8Z3,,"40,615","4,248,785",0.00%,
Listed Equity,,,,"Rockwell Automation, Inc.",,,2754060,,"57,474","33,532,892",0.01%,
Listed Equity,,,,ROCKWOOL A/S,,,BRJCHK4,,"77,718","4,130,642",0.00%,
Listed Equity,,,,"Rogers Communications, Inc.",,,2169051,,"241,515","13,810,975",0.01%,
Listed Equity,,,,"Rollins, Inc.",,,2747305,,"204,586","18,413,814",0.01%,
Listed Equity,,,,Rolls-Royce Holdings Plc,,,B63H849,,"3,059,218","70,960,810",0.03%,
Listed Equity,,,,"Roper Technologies, Inc.",,,2749602,,"49,871","33,289,463",0.01%,
Listed Equity,,,,Rosneft Oil Co.,,,B17KP48,,"443,725",0,0.00%,
Listed Equity,,,,Rosneft Oil Co.,,,B59SS16,,"981,476",0,0.00%,
Listed Equity,,,,"Ross Stores, Inc.",,,2746711,,"87,764","23,708,191",0.01%,
Listed Equity,,,,Royal Bank of Canada,,,2754383,,"777,768","199,095,285",0.07%,
Listed Equity,,,,Royal KPN NV,,,5956078,,"2,268,691","15,886,498",0.01%,
Listed Equity,,,,Royalty Pharma Plc,,,BMVP7Y0,,"416,302","24,122,230",0.01%,
Listed Equity,,,,"RPM International, Inc.",,,2756174,,"61,597","9,606,490",0.00%,
Listed Equity,,,,RTX Corp.,,,BM5M5Y3,,"119,279","32,804,632",0.01%,
Listed Equity,,,,"Rubrik, Inc.",,,BSLQK57,,"25,768","2,955,292",0.00%,
Listed Equity,,,,RWE AG,,,4768962,,"611,461","48,740,475",0.02%,
Listed Equity,,,,Ryanair Holdings Plc,,,BYTBXV3,,"458,680","23,871,172",0.01%,
Listed Equity,,,,"Ryohin Keikaku Co., Ltd.",,,6758455,,"276,400","7,356,535",0.00%,
Listed Equity,,,,"S&P Global, Inc.",,,BYV2325,,"27,865","21,836,950",0.01%,
Listed Equity,,,,Saab AB,,,BPXZH27,,"119,489","10,449,238",0.00%,
Listed Equity,,,,SABIC Agri-Nutrients Co.,,,B1323K0,,"531,017","23,501,954",0.01%,
Listed Equity,,,,Safran SA,,,B058TZ6,,"129,578","67,870,130",0.03%,
Listed Equity,,,,Sagax AB,,,B9M3PK4,,"101,635","3,266,839",0.00%,
Listed Equity,,,,Sahara International Petrochemical Co.,,,B1C1NH5,,"387,338","2,322,894",0.00%,
Listed Equity,,,,"Salesforce, Inc.",,,2310525,,"260,343","103,585,164",0.04%,
Listed Equity,,,,SalMar ASA,,,B1W5NW2,,"20,961","1,924,267",0.00%,
Listed Equity,,,,Sampo Oyj,,,BMXX645,,"1,330,948","24,214,074",0.01%,
Listed Equity,,,,"Samsara, Inc.",,,BPK3058,,"30,824","1,638,616",0.00%,
Listed Equity,,,,"SAMSUNG BIOLOGICS Co., Ltd.",,,BYNJCV6,,"5,864","10,346,827",0.00%,
Listed Equity,,,,Samsung C&T Corp.,,,BSXN8K7,,"60,353","15,185,776",0.01%,
Listed Equity,,,,"Samsung E&A Co., Ltd.",,,6765239,,"594,434","15,229,176",0.01%,
Listed Equity,,,,"Samsung Electro-Mechanics Co., Ltd.",,,6771689,,"5,188","1,385,421",0.00%,
Listed Equity,,,,"Samsung Electronics Co., Ltd.",,,6771720,,"3,938,681","492,866,920",0.18%,
Listed Equity,,,,"Samsung Electronics Co., Ltd.",,,6773812,,"568,178","52,758,540",0.02%,
Listed Equity,,,,"Samsung Heavy Industries Co., Ltd.",,,6772217,,"1,104,118","27,699,762",0.01%,
Listed Equity,,,,"Samsung Life Insurance Co., Ltd.",,,B12C0T9,,"21,951","3,601,256",0.00%,
Listed Equity,,,,"Samsung SDS Co., Ltd.",,,BRS2KY0,,"6,508","1,178,563",0.00%,
Listed Equity,,,,"Samsung Securities Co., Ltd.",,,6408448,,"20,216","1,586,756",0.00%,
Listed Equity,,,,Sandfire Resources Ltd.,,,6739739,,"6,889,035","123,451,507",0.05%,
Listed Equity,,,,Sandoz Group AG,,,BLPLD38,,"150,162","16,439,853",0.01%,
Listed Equity,,,,Sands China Ltd.,,,B5B23W2,,"1,070,000","4,040,515",0.00%,
Listed Equity,,,,Sandvik Aktiebolag,,,B1VQ252,,"830,783","40,623,190",0.02%,
Listed Equity,,,,Sanlam Ltd.,,,B0L6750,,"3,341,260","29,781,855",0.01%,
Listed Equity,,,,Sanofi,,,5671735,,"878,225","127,944,838",0.05%,
Listed Equity,,,,"Sanrio Co., Ltd.",,,6776349,,"109,000","5,127,490",0.00%,
Listed Equity,,,,Santander Bank Polska SA,,,7153639,,"13,631","3,100,928",0.00%,
Listed Equity,,,,Santos Ltd.,,,6776703,,"38,629,566","238,344,422",0.09%,
Listed Equity,,,,SAP SE,,,4846288,,"784,722","287,949,137",0.11%,
Listed Equity,,,,"Saputo, Inc.",,,2112226,,"209,242","9,456,222",0.00%,
Listed Equity,,,,Sartorius AG,,,5843329,,"9,937","4,326,236",0.00%,
Listed Equity,,,,Sartorius Stedim Biotech SA,,,BYZ2QP5,,"11,218","4,148,978",0.00%,
Listed Equity,,,,Sasol Ltd.,,,6777450,,"512,758","4,928,177",0.00%,
Listed Equity,,,,Saudi Arabian Mining Co.,,,B3C8VY3,,"873,253","21,279,515",0.01%,
Listed Equity,,,,Saudi Arabian Oil Co.,,,BJTM270,,"1,675,367","15,961,803",0.01%,
Listed Equity,,,,Saudi Awwal Bank,,,B12LSY7,,"1,783,348","23,086,648",0.01%,
Listed Equity,,,,Saudi Basic Industries Corp.,,,B1324D0,,"29,210","599,097",0.00%,
Listed Equity,,,,Saudi Electricity Co.,,,B132NM2,,"1,187,812","6,672,245",0.00%,
Listed Equity,,,,Saudi National Bank,,,BSHYYN1,,"3,011,552","45,608,761",0.02%,
Listed Equity,,,,Saudi Telecom Co.,,,B12M7Q5,,"1,925,827","33,092,655",0.01%,
Listed Equity,,,,Savola Group,,,B133RS9,,"269,085","2,354,958",0.00%,
Listed Equity,,,,SBA Communications Corp.,,,BZ6TS23,,"9,864","2,861,203",0.00%,
Listed Equity,,,,Sberbank Russia PJSC,,,B56CB23,,"1,109,898",0,0.00%,
Listed Equity,,,,Sberbank Russia PJSC,,,B56C9L8,,"2,352,677",0,0.00%,
Listed Equity,,,,Sberbank Russia PJSC,,,4767981,,"9,051,796",0,0.00%,
Listed Equity,,,,"SBI Holdings, Inc.",,,6309466,,"238,400","7,697,650",0.00%,
Listed Equity,,,,SCB X Public Co. Ltd.,,,BPH0728,,"1,253,300","8,292,055",0.00%,
Listed Equity,,,,SCB X Public Co. Ltd.,,,BPH0717,,"197,104","1,304,075",0.00%,
Listed Equity,,,,Schindler Holding AG,,,B11TCY0,,"37,262","21,102,668",0.01%,
Listed Equity,,,,Schindler Holding AG,,,B11WWH2,,"22,603","12,043,538",0.00%,
Listed Equity,,,,Schneider Electric SE,,,4834108,,"411,804","170,364,862",0.06%,
Listed Equity,,,,Schroders Plc,,,BP9LHF2,,"581,085","4,770,285",0.00%,
Listed Equity,,,,Scout24 SE,,,BYT9340,,"59,658","9,014,931",0.00%,
Listed Equity,,,,"SCREEN Holdings Co., Ltd.",,,6251028,,"75,900","11,066,362",0.00%,
Listed Equity,,,,SD Guthrie Bhd,,,BF6RHY2,,"9,255,088","19,597,243",0.01%,
Listed Equity,,,,Sea Ltd. (Singapore),,,BYWD7L4,,"210,015","40,176,372",0.01%,
Listed Equity,,,,Seagate Technology Holdings Plc,,,BKVD2N4,,"117,416","48,619,750",0.02%,
Listed Equity,,,,"SECOM Co., Ltd.",,,6791591,,"329,100","17,546,685",0.01%,
Listed Equity,,,,Securitas AB,,,5554041,,"433,372","10,376,864",0.00%,
Listed Equity,,,,SEEK Ltd.,,,B0767Y3,,"3,489,804","80,684,268",0.03%,
Listed Equity,,,,SEGRO PLC,,,B5ZN1N8,,"686,140","9,970,036",0.00%,
Listed Equity,,,,"Seibu Holdings, Inc.",,,BKY6H35,,"128,200","5,278,839",0.00%,
Listed Equity,,,,"Sekisui Chemical Co., Ltd.",,,6793821,,"259,500","6,541,783",0.00%,
Listed Equity,,,,"Sekisui House, Ltd.",,,6793906,,"371,800","12,442,491",0.00%,
Listed Equity,,,,Sembcorp Industries Ltd.,,,B08X163,,"874,300","6,137,448",0.00%,
Listed Equity,,,,Sempra,,,2138158,,"238,552","31,803,507",0.01%,
Listed Equity,,,,Service Stream Ltd.,,,B04KLG8,,"9,693,114","21,712,575",0.01%,
Listed Equity,,,,"ServiceNow, Inc.",,,B80NXX8,,"98,785","22,693,071",0.01%,
Listed Equity,,,,"Seven & i Holdings Co., Ltd.",,,B0FS5D6,,"1,361,100","29,305,369",0.01%,
Listed Equity,,,,Severn Trent Plc,,,B1FH8J7,,"99,918","5,722,432",0.00%,
Listed Equity,,,,Severstal PAO,,,B1G4YH7,,"37,024",0,0.00%,
Listed Equity,,,,Severstal PAO,,,B0561N2,,"45,715",0,0.00%,
Listed Equity,,,,Severstal PAO,,,B5B9C59,,"420,862",0,0.00%,
Listed Equity,,,,"SG Holdings Co., Ltd.",,,BFFY885,,"168,600","2,312,243",0.00%,
Listed Equity,,,,SGH Ltd.,,,BR858V2,,"2,623,052","121,840,765",0.05%,
Listed Equity,,,,Shandong Weigao Group Medical Polymer Co. Ltd.,,,6742340,,"704,800","681,658",0.00%,
Listed Equity,,,,"Shanghai Allist Pharmaceuticals Co., Ltd.",,,BNHPNM1,,"51,145","1,144,411",0.00%,
Listed Equity,,,,"Shanghai Construction Group Co., Ltd.",,,BP3R6J3,,"7,635,000","4,346,848",0.00%,
Listed Equity,,,,"Shanghai Pudong Development Bank Co., Ltd.",,,BP3R2B7,,"1,599,800","4,275,684",0.00%,
Listed Equity,,,,"Shanghai Tunnel Engineering Co., Ltd.",,,BP3R7J0,,"3,064,598","4,273,048",0.00%,
Listed Equity,,,,"Shanjin International Gold Co., Ltd.",,,BD5CF40,,"2,153,100","11,254,491",0.00%,
Listed Equity,,,,Shell Plc,,,BP6MXD8,,"3,538,859","195,579,854",0.07%,
Listed Equity,,,,"Shenzhen Inovance Technology Co., Ltd.",,,BD5CMN8,,"89,500","1,448,473",0.00%,
Listed Equity,,,,Shimadzu Corp.,,,6804369,,"198,100","7,899,331",0.00%,
Listed Equity,,,,"Shimano, Inc.",,,6804820,,"41,300","6,593,572",0.00%,
Listed Equity,,,,"Shin-Etsu Chemical Co., Ltd.",,,6804585,,"1,327,800","61,902,362",0.02%,
Listed Equity,,,,"Shinhan Financial Group Co., Ltd.",,,6397502,,"292,742","23,434,456",0.01%,
Listed Equity,,,,"Shionogi & Co., Ltd.",,,6804682,,"847,437","23,033,334",0.01%,
Listed Equity,,,,"Shiseido Co., Ltd.",,,6805265,,"223,400","4,907,194",0.00%,
Listed Equity,,,,"Shopify, Inc.",,,BX865C7,,"666,311","161,095,298",0.06%,
Listed Equity,,,,Shoprite Holdings Ltd.,,,6801575,,"53,115","1,298,973",0.00%,
Listed Equity,,,,Shree Cement Ltd.,,,6100357,,"1,189","527,190",0.00%,
Listed Equity,,,,Shriram Finance Ltd.,,,BS4DBX0,,"1,468,490","24,407,832",0.01%,
Listed Equity,,,,"Sichuan Road & Bridge Co., Ltd.",,,BP3RBG5,,"887,531","1,897,257",0.00%,
Listed Equity,,,,Siemens AG,,,5727973,,"417,674","175,919,618",0.07%,
Listed Equity,,,,Siemens Energy AG,,,BMTVQK9,,"279,535","59,274,668",0.02%,
Listed Equity,,,,Siemens Energy India Ltd.,,,BTWMYX7,,"25,030","1,069,127",0.00%,
Listed Equity,,,,Siemens Healthineers AG,,,BD594Y4,,"124,119","9,819,389",0.00%,
Listed Equity,,,,Siemens Ltd.,,,B15T569,,"18,376","939,187",0.00%,
Listed Equity,,,,Sigma Foods SAB de CV,,,2043423,,"9,374,804","12,307,254",0.00%,
Listed Equity,,,,Sigma Healthcare Ltd.,,,BF13K02,,"49,204,244","144,660,477",0.05%,
Listed Equity,,,,Sika AG,,,BF2DSG3,,"91,380","28,124,273",0.01%,
Listed Equity,,,,Sime Darby Bhd.,,,B29TTR1,,"11,078,100","8,801,639",0.00%,
Listed Equity,,,,"Simon Property Group, Inc.",,,2812452,,"165,043","45,814,066",0.02%,
Listed Equity,,,,Sims Ltd.,,,B0LCW75,,"2,116,495","38,075,745",0.01%,
Listed Equity,,,,Singapore Airlines Ltd.,,,6811734,,"888,934","6,634,075",0.00%,
Listed Equity,,,,Singapore Exchange Ltd.,,,6303866,,"773,500","15,297,380",0.01%,
Listed Equity,,,,Singapore Technologies Engineering Ltd.,,,6043214,,"1,576,900","15,482,715",0.01%,
Listed Equity,,,,Singapore Telecommunications Ltd.,,,B02PY11,,"4,477,730","23,757,469",0.01%,
Listed Equity,,,,Sino Biopharmaceutical Ltd.,,,B00XSF9,,"13,808,000","16,440,543",0.01%,
Listed Equity,,,,Sino Land Co. Ltd.,,,6810429,,"2,752,131","5,418,972",0.00%,
Listed Equity,,,,"Sinolink Securities Co., Ltd.",,,BP3R4V1,,"628,100","1,254,964",0.00%,
Listed Equity,,,,"SinoPac Financial Holdings Co., Ltd.",,,6525875,,"1,371,323","1,871,822",0.00%,
Listed Equity,,,,"SITC International Holdings Co., Ltd.",,,B61X7R5,,"1,564,000","8,394,885",0.00%,
Listed Equity,,,,SiteMinder Ltd.,,,BLH35X6,,"584,117","3,551,431",0.00%,
Listed Equity,,,,Sitronix Technology Corp.,,,6718772,,"345,000","2,955,577",0.00%,
Listed Equity,,,,"SK Biopharmaceuticals Co., Ltd.",,,BLF9YV7,,"76,455","9,916,706",0.00%,
Listed Equity,,,,"SK hynix, Inc.",,,6450267,,"413,435","280,176,517",0.10%,
Listed Equity,,,,SK Square Co. Ltd.,,,BMG3GS6,,"66,993","25,663,787",0.01%,
Listed Equity,,,,"SK Telecom Co., Ltd.",,,6224871,,"22,663","1,262,161",0.00%,
Listed Equity,,,,"SK, Inc.",,,B39Z8L3,,"23,941","6,392,536",0.00%,
Listed Equity,,,,Skandinaviska Enskilda Banken AB,,,4813345,,"824,837","26,177,180",0.01%,
Listed Equity,,,,Skanska AB,,,7142091,,"301,699","12,381,936",0.00%,
Listed Equity,,,,SKF AB,,,B1Q3J35,,"358,495","14,333,836",0.01%,
Listed Equity,,,,SM Investments Corp.,,,B068DB9,,"131,708","2,348,305",0.00%,
Listed Equity,,,,Smartgroup Corp. Ltd.,,,BNB5WS6,,"3,068,856","28,049,344",0.01%,
Listed Equity,,,,SMC Corp. (Japan),,,6763965,,"31,700","16,516,387",0.01%,
Listed Equity,,,,Smith & Nephew plc,,,0922320,,"522,414","13,050,319",0.00%,
Listed Equity,,,,Smiths Group Plc,,,B1WY233,,"400,459","18,997,903",0.01%,
Listed Equity,,,,Smurfit WestRock Plc,,,BRK49M5,,"311,493","18,063,184",0.01%,
Listed Equity,,,,SNAM SpA,,,7251470,,"1,392,144","13,867,559",0.01%,
Listed Equity,,,,"Snap, Inc.",,,BD8DJ71,,"104,959","1,270,179",0.00%,
Listed Equity,,,,"Snap-On, Inc.",,,2818740,,"48,992","25,317,003",0.01%,
Listed Equity,,,,"Snowflake, Inc.",,,BN134B7,,"28,789","9,470,128",0.00%,
Listed Equity,,,,Société Générale SA,,,5966516,,"617,933","74,787,839",0.03%,
Listed Equity,,,,Sodexo SA,,,7062713,,"50,656","3,898,691",0.00%,
Listed Equity,,,,"SoFi Technologies, Inc.",,,BM8J4C2,,"108,053","4,242,075",0.00%,
Listed Equity,,,,Sofina SA,,,4820301,,"10,938","4,758,185",0.00%,
Listed Equity,,,,SoftBank Corp.,,,BF5M0K5,,"10,926,800","22,454,605",0.01%,
Listed Equity,,,,SoftBank Group Corp.,,,6770620,,"1,844,736","77,654,217",0.03%,
Listed Equity,,,,Solventum Corp.,,,BMTQB43,,"80,378","9,551,103",0.00%,
Listed Equity,,,,"Sompo Holdings, Inc.",,,B62G7K6,,"605,700","30,920,858",0.01%,
Listed Equity,,,,Sonic Healthcare Ltd.,,,6821120,,"4,955,959","112,054,233",0.04%,
Listed Equity,,,,Sonova Holding AG,,,7156036,,"40,269","15,785,580",0.01%,
Listed Equity,,,,"Sony Financial Group, Inc.",,,B249SN5,,"2,398,600","3,809,290",0.00%,
Listed Equity,,,,Sony Group Corp.,,,6821506,,"3,424,600","131,839,628",0.05%,
Listed Equity,,,,"Soochow Securities Co., Ltd.",,,BP3R6Z9,,"1,140,300","2,219,560",0.00%,
Listed Equity,,,,South32 Ltd.,,,BWSW5D9,,"61,692,302","219,624,595",0.08%,
Listed Equity,,,,Spirax Group Plc,,,BWFGQN1,,"58,675","8,071,380",0.00%,
Listed Equity,,,,Spotify Technology SA,,,BFZ1K46,,"85,191","74,186,497",0.03%,
Listed Equity,,,,SRF Ltd.,,,6374947,,"105,970","5,436,755",0.00%,
Listed Equity,,,,SRG Global Ltd.,,,BFMZB82,,"10,950,178","32,850,534",0.01%,
Listed Equity,,,,"SS&C Technologies Holdings, Inc.",,,B58YSC6,,"156,666","20,537,965",0.01%,
Listed Equity,,,,SSE Plc,,,0790873,,"711,678","31,586,061",0.01%,
Listed Equity,,,,Standard Bank Group Ltd.,,,B030GJ7,,"334,890","8,801,326",0.00%,
Listed Equity,,,,Standard Chartered Plc,,,0408284,,"1,290,736","47,434,693",0.02%,
Listed Equity,,,,Stanmore Resources Ltd.,,,B4KDPZ6,,"1,459,350","3,385,692",0.00%,
Listed Equity,,,,"Stantec, Inc.",,,2854238,,"77,164","10,952,644",0.00%,
Listed Equity,,,,Starbucks Corp.,,,2842255,,"308,257","38,926,778",0.01%,
Listed Equity,,,,State Bank of India,,,BSQCB24,,"1,176,026","19,272,077",0.01%,
Listed Equity,,,,State Street Corp.,,,2842040,,"152,069","29,419,542",0.01%,
Listed Equity,,,,Steadfast Group Ltd. (Australia),,,BCT5FD7,,"14,175,491","74,846,592",0.03%,
Listed Equity,,,,"Steel Dynamics, Inc.",,,2849472,,"74,286","18,932,152",0.01%,
Listed Equity,,,,Stellantis NV,,,BMD8KX7,,"1,879,959","31,325,057",0.01%,
Listed Equity,,,,STERIS Plc (Ireland),,,BFY8C75,,"53,049","20,167,928",0.01%,
Listed Equity,,,,STMicroelectronics NV,,,5962332,,"714,122","28,222,905",0.01%,
Listed Equity,,,,Stora Enso Oyj,,,5072673,,"499,849","9,423,928",0.00%,
Listed Equity,,,,"Strategy, Inc.",,,2974329,,"87,685","19,980,109",0.01%,
Listed Equity,,,,Straumann Holding AG,,,BQ7ZV06,,"89,010","15,746,143",0.01%,
Listed Equity,,,,Stryker Corp.,,,2853688,,"160,492","84,800,714",0.03%,
Listed Equity,,,,Subaru Corp.,,,6356406,,"473,808","15,389,351",0.01%,
Listed Equity,,,,Sumitomo Corp.,,,6858946,,"813,200","42,104,964",0.02%,
Listed Equity,,,,Sumitomo Electric Industries Ltd.,,,6858708,,"499,600","30,231,598",0.01%,
Listed Equity,,,,Sumitomo Metal Mining Co. Ltd.,,,6858849,,"148,600","9,037,518",0.00%,
Listed Equity,,,,"Sumitomo Mitsui Financial Group, Inc.",,,6563024,,"2,289,300","110,407,239",0.04%,
Listed Equity,,,,"Sumitomo Mitsui Trust Group, Inc.",,,6431897,,"396,700","18,129,907",0.01%,
Listed Equity,,,,"Sumitomo Realty & Development Co., Ltd.",,,6858902,,"336,000","12,639,530",0.00%,
Listed Equity,,,,"Sun Communities, Inc.",,,2860257,,"11,266","2,110,950",0.00%,
Listed Equity,,,,Sun Hung Kai Properties Ltd.,,,6859927,,"1,191,584","21,740,601",0.01%,
Listed Equity,,,,"Sun Life Financial, Inc.",,,2566124,,"337,259","31,612,338",0.01%,
Listed Equity,,,,Sun TV Network Ltd.,,,B128WL3,,"384,452","3,768,761",0.00%,
Listed Equity,,,,Suncorp Group Ltd.,,,6585084,,"14,606,278","257,800,807",0.10%,
Listed Equity,,,,Sundaram Finance Ltd.,,,B0L4LR4,,"16,829","1,483,318",0.00%,
Listed Equity,,,,"Sunny Optical Technology (Group) Co., Ltd.",,,B1YBT08,,"301,000","3,801,335",0.00%,
Listed Equity,,,,Suntory Beverage & Food Ltd.,,,BBD7Q84,,"107,019","4,895,057",0.00%,
Listed Equity,,,,Sunway Bhd.,,,B6VGS93,,"1,934,700","4,017,998",0.00%,
Listed Equity,,,,"Super Micro Computer, Inc.",,,BRC3N73,,"213,271","9,361,089",0.00%,
Listed Equity,,,,Super Retail Group Ltd.,,,B01C7R0,,"2,504,483","40,146,862",0.01%,
Listed Equity,,,,Supply Network Ltd.,,,6580993,,"519,223","16,853,979",0.01%,
Listed Equity,,,,Surgutneftegas PJSC,,,B5BHQP1,,"9,438,563",0,0.00%,
Listed Equity,,,,Surgutneftegas PJSC,,,B5BHR47,,"9,306,953",0,0.00%,
Listed Equity,,,,Surgutneftegas PJSC,,,5005884,,"3,653,072",0,0.00%,
Listed Equity,,,,Surgutneftegas PJSC,,,4851732,,"2,882,600",0,0.00%,
Listed Equity,,,,Suzuki Motor Corp.,,,6865504,,"1,345,200","30,044,078",0.01%,
Listed Equity,,,,Svenska Cellulosa AB SCA,,,B1VVGZ5,,"329,885","6,578,858",0.00%,
Listed Equity,,,,Svenska Handelsbanken AB,,,BXDZ9Q1,,"803,831","17,567,092",0.01%,
Listed Equity,,,,Swedbank AB,,,4846523,,"458,622","23,954,805",0.01%,
Listed Equity,,,,Swedish Orphan Biovitrum AB,,,B1CC9H0,,"141,355","7,652,299",0.00%,
Listed Equity,,,,Swiggy Ltd.,,,BSF1LT9,,"605,372","3,901,238",0.00%,
Listed Equity,,,,Swire Pacific Ltd.,,,6867748,,"682,867","8,248,986",0.00%,
Listed Equity,,,,Swiss Life Holding AG,,,7437805,,"10,141","17,598,068",0.01%,
Listed Equity,,,,Swiss Prime Site AG,,,B083BH4,,"27,600","6,436,198",0.00%,
Listed Equity,,,,Swiss Re AG,,,B545MG5,,"161,005","40,486,527",0.01%,
Listed Equity,,,,Swisscom AG,,,5533976,,"14,652","15,960,697",0.01%,
Listed Equity,,,,Syensqo NV,,,BPSLYH4,,"66,482","8,027,519",0.00%,
Listed Equity,,,,Symrise AG,,,B1JB4K8,,"71,655","8,692,528",0.00%,
Listed Equity,,,,Synchrony Financial,,,BP96PS6,,"206,634","25,852,103",0.01%,
Listed Equity,,,,Synnex Technology International Corp.,,,6868439,,"619,452","1,711,768",0.00%,
Listed Equity,,,,"Synopsys, Inc.",,,2867719,,"50,784","35,771,554",0.01%,
Listed Equity,,,,Sysco Corp.,,,2868165,,"42,288","4,673,019",0.00%,
Listed Equity,,,,Sysmex Corp.,,,6883807,,"401,200","5,920,580",0.00%,
Listed Equity,,,,"T&D Holdings, Inc.",,,6744294,,"266,000","9,199,582",0.00%,
Listed Equity,,,,"T. Rowe Price Group, Inc.",,,2702337,,"150,306","23,076,146",0.01%,
Listed Equity,,,,"Ta Chen Stainless Pipe Co., Ltd.",,,6873109,,"3,457,786","5,874,986",0.00%,
Listed Equity,,,,Tabcorp Holdings Ltd.,,,6873262,,"10,621,603","10,515,387",0.00%,
Listed Equity,,,,TAISEI Corp.,,,6870100,,"56,800","8,061,466",0.00%,
Listed Equity,,,,Taiwan Business Bank,,,6098816,,"4,817,801","3,678,981",0.00%,
Listed Equity,,,,"Taiwan Semiconductor Manufacturing Co., Ltd.",,,6889106,,"19,578,733","1,452,326,332",0.54%,
Listed Equity,,,,"Takeda Pharmaceutical Co., Ltd.",,,6870445,,"1,137,278","52,606,724",0.02%,
Listed Equity,,,,"Take-Two Interactive Software, Inc.",,,2122117,,"16,683","6,405,261",0.00%,
Listed Equity,,,,Talaat Moustafa Group Holding,,,B2989Q7,,"189,682","477,056",0.00%,
Listed Equity,,,,Talanx AG,,,B8F0TD6,,"38,407","7,697,667",0.00%,
Listed Equity,,,,"Tapestry, Inc.",,,BF09HX3,,"71,986","13,792,684",0.01%,
Listed Equity,,,,Targa Resources Corp.,,,B55PZY3,,"18,661","5,163,012",0.00%,
Listed Equity,,,,Target Corp.,,,2259101,,"254,545","37,312,400",0.01%,
Listed Equity,,,,Tata Consumer Products Ltd.,,,6121488,,"95,525","1,899,787",0.00%,
Listed Equity,,,,Tata Motors Ltd.,,,BSNRFT7,,"2,359,615","16,357,761",0.01%,
Listed Equity,,,,Tata Motors Passenger Vehicles Ltd.,,,B611LV1,,"4,030,388","24,702,367",0.01%,
Listed Equity,,,,Tata Steel Ltd.,,,BPQWCZ3,,"3,422,293","10,282,397",0.00%,
Listed Equity,,,,Tatneft PJSC,,,B59BXN2,,"1,164,546",0,0.00%,
Listed Equity,,,,Tatneft PJSC,,,5452208,,"629,273",0,0.00%,
Listed Equity,,,,TC Energy Corp.,,,BJMY6G0,,"425,979","35,617,682",0.01%,
Listed Equity,,,,TDK Corp.,,,6869302,,"1,475,250","31,205,598",0.01%,
Listed Equity,,,,TE Connectivity Plc,,,BRC3N84,,"393,553","134,268,941",0.05%,
Listed Equity,,,,Tech Mahindra Ltd.,,,BWFGD63,,"539,701","14,325,434",0.01%,
Listed Equity,,,,Technology One Ltd.,,,6302410,,"4,234,941","118,408,950",0.04%,
Listed Equity,,,,"Techtronic Industries Co., Ltd.",,,B0190C7,,"2,618,000","45,344,670",0.02%,
Listed Equity,,,,Teck Resources Limited,,,2879327,,"316,151","22,726,870",0.01%,
Listed Equity,,,,Tele2 AB,,,B97C733,,"324,522","8,158,505",0.00%,
Listed Equity,,,,Telecom Italia SpA,,,7634394,,"9,120,017","8,252,703",0.00%,
Listed Equity,,,,"Teledyne Technologies, Inc.",,,2503477,,"35,284","27,023,465",0.01%,
Listed Equity,,,,Telefonaktiebolaget LM Ericsson,,,5959378,,"2,626,364","38,706,203",0.01%,
Listed Equity,,,,Telefonica Brasil SA,,,BMDB207,,"962,143","17,485,667",0.01%,
Listed Equity,,,,Telefonica Brasil SA,,,B6XFBX3,,"170,440","1,630,299",0.00%,
Listed Equity,,,,Telefónica SA,,,5732524,,"2,703,613","16,632,195",0.01%,
Listed Equity,,,,Telekom Malaysia Bhd.,,,6868398,,"3,444,980","10,248,077",0.00%,
Listed Equity,,,,Telenor ASA,,,4732495,,"350,226","7,638,266",0.00%,
Listed Equity,,,,Telia Co. AB,,,5978384,,"1,244,100","7,969,452",0.00%,
Listed Equity,,,,Telix Pharmaceuticals Ltd.,,,BF7M092,,"2,486,136","27,844,723",0.01%,
Listed Equity,,,,Telstra Group Ltd.,,,6087289,,"142,595,782","694,441,458",0.26%,
Listed Equity,,,,TELUS Corp.,,,B2R9BG6,,"279,559","5,660,515",0.00%,
Listed Equity,,,,Temple & Webster Group Ltd.,,,BZ1MWM5,,"350,092","4,789,259",0.00%,
Listed Equity,,,,Tenaga Nasional Bhd.,,,6904612,,"2,480,600","12,576,814",0.00%,
Listed Equity,,,,Tenaris SA,,,BMHVLR3,,"301,368","8,762,957",0.00%,
Listed Equity,,,,Tencent Music Entertainment Group,,,BFZYWR2,,"388,812","10,221,001",0.00%,
Listed Equity,,,,"Teradyne, Inc.",,,2884183,,"93,690","27,194,476",0.01%,
Listed Equity,,,,TERNA Rete Elettrica Nazionale SpA,,,B01BN57,,"792,164","12,631,707",0.00%,
Listed Equity,,,,Terumo Corp.,,,6885074,,"750,300","16,294,422",0.01%,
Listed Equity,,,,Tesco Plc,,,BLGZ986,,"5,159,194","45,974,590",0.02%,
Listed Equity,,,,"Tesla, Inc.",,,B616C79,,"769,715","519,091,595",0.19%,
Listed Equity,,,,Teva Pharmaceutical Industries Ltd.,,,2883878,,"998,932","46,752,145",0.02%,
Listed Equity,,,,Texas Instruments Incorporated,,,2885409,,"469,803","122,225,572",0.05%,
Listed Equity,,,,Texas Pacific Land Corp.,,,BM99VY2,,"34,494","14,856,964",0.01%,
Listed Equity,,,,"Textron, Inc.",,,2885937,,"203,566","26,616,060",0.01%,
Listed Equity,,,,"TFI International, Inc.",,,BDRXBF4,,"59,044","9,205,506",0.00%,
Listed Equity,,,,Thai Union Group Public Co. Ltd.,,,6422727,,"6,097,300","3,714,838",0.00%,
Listed Equity,,,,Thales SA,,,4162791,,"33,191","13,433,117",0.00%,
Listed Equity,,,,"Thanachart Capital Public Co., Ltd.",,,6361994,,"1,100,800","3,052,086",0.00%,
Listed Equity,,,,The a2 Milk Co. Ltd.,,,BWSRTS7,,"9,712,354","89,450,780",0.03%,
Listed Equity,,,,The Allstate Corp.,,,2019952,,"132,477","41,543,622",0.02%,
Listed Equity,,,,The Bank of New York Mellon Corp.,,,B1Z77F6,,"376,037","65,463,201",0.02%,
Listed Equity,,,,The Bank of Nova Scotia,,,2076281,,"887,072","98,238,498",0.04%,
Listed Equity,,,,The Boeing Co.,,,2108601,,"69,589","22,657,515",0.01%,
Listed Equity,,,,The Carlyle Group Inc.,,,BKRTG56,,"58,037","5,144,436",0.00%,
Listed Equity,,,,The Charles Schwab Corp.,,,2779397,,"470,320","70,465,129",0.03%,
Listed Equity,,,,"The Chiba Bank, Ltd.",,,6190563,,"323,600","5,411,630",0.00%,
Listed Equity,,,,The Cigna Group,,,BHJ0775,,"189,900","78,377,712",0.03%,
Listed Equity,,,,The Clorox Co.,,,2204026,,"33,867","5,120,806",0.00%,
Listed Equity,,,,The Coca-Cola Co.,,,2206657,,"1,444,238","151,408,381",0.06%,
Listed Equity,,,,The Company for Cooperative Insurance,,,B128FN6,,"30,573","1,430,118",0.00%,
Listed Equity,,,,"The Cooper Cos., Inc.",,,BQPDXR3,,"51,936","6,383,256",0.00%,
Listed Equity,,,,"The Descartes Systems Group, Inc.",,,2141941,,"71,219","9,381,495",0.00%,
Listed Equity,,,,"The Estée Lauder Companies, Inc.",,,2320524,,"21,055","3,306,410",0.00%,
Listed Equity,,,,"The Goldman Sachs Group, Inc.",,,2407966,,"115,616","152,397,787",0.06%,
Listed Equity,,,,"The Hartford Insurance Group, Inc.",,,2476193,,"203,911","42,311,288",0.02%,
Listed Equity,,,,The Hershey Co.,,,2422806,,"50,635","13,818,036",0.01%,
Listed Equity,,,,"The Home Depot, Inc.",,,2434209,,"268,714","138,658,600",0.05%,
Listed Equity,,,,"The Hong Kong & China Gas Co., Ltd.",,,6436557,,"8,463,000","11,429,817",0.00%,
Listed Equity,,,,The J. M. Smucker Co.,,,2951452,,"65,492","9,606,017",0.00%,
Listed Equity,,,,"The Kansai Electric Power Co., Inc.",,,6483489,,"644,600","15,139,793",0.01%,
Listed Equity,,,,The Kraft Heinz Co.,,,BYRY499,,"1,070,887","38,942,805",0.01%,
Listed Equity,,,,The Kroger Co.,,,2497406,,"550,805","51,607,253",0.02%,
Listed Equity,,,,The Lottery Corp. Ltd.,,,BNRQW72,,"24,589,724","126,882,976",0.05%,
Listed Equity,,,,The Magnum Ice Cream Co. N.V.,,,BVZG4R4,,"345,069","8,195,532",0.00%,
Listed Equity,,,,The Magnum Ice Cream Co. N.V.,,,BSNMGT9,,"37,339","895,403",0.00%,
Listed Equity,,,,The People's Insurance Co. (Group) of China Ltd.,,,B8RZJZ1,,"12,588,000","16,370,329",0.01%,
Listed Equity,,,,"The PNC Financial Services Group, Inc.",,,2692665,,"175,307","54,872,655",0.02%,
Listed Equity,,,,The Sage Group plc,,,B8C3BL0,,"842,987","18,414,487",0.01%,
Listed Equity,,,,The Saudi Investment Bank,,,B12M7M1,,"1,063,444","5,582,481",0.00%,
Listed Equity,,,,The Shanghai Commercial & Savings Bank Ltd.,,,B7LV1N0,,"2,587,617","5,014,005",0.00%,
Listed Equity,,,,The Sherwin-Williams Co.,,,2804211,,"77,558","37,686,314",0.01%,
Listed Equity,,,,The Siam Cement Public Co. Ltd.,,,6609906,,"185,643","1,621,463",0.00%,
Listed Equity,,,,The Siam Cement Public Co. Ltd.,,,6609928,,"84,600","738,922",0.00%,
Listed Equity,,,,The Southern Co.,,,2829601,,"306,397","40,065,710",0.01%,
Listed Equity,,,,The Swatch Group AG,,,7184725,,"17,671","5,627,634",0.00%,
Listed Equity,,,,"The TJX Cos., Inc.",,,2989301,,"577,686","133,070,925",0.05%,
Listed Equity,,,,The Toronto-Dominion Bank,,,2897222,,"618,546","87,535,782",0.03%,
Listed Equity,,,,"The Trade Desk, Inc.",,,BD8FDD1,,"123,132","7,009,209",0.00%,
Listed Equity,,,,"The Travelers Cos., Inc.",,,2769503,,"136,372","59,317,781",0.02%,
Listed Equity,,,,The Walt Disney Co.,,,2270726,,"843,919","144,928,550",0.05%,
Listed Equity,,,,The Wharf (Holdings) Ltd.,,,6435576,,"758,000","3,174,868",0.00%,
Listed Equity,,,,"The Williams Cos., Inc.",,,2967181,,"107,798","9,716,935",0.00%,
Listed Equity,,,,"Thermo Fisher Scientific, Inc.",,,2886907,,"102,795","89,388,565",0.03%,
Listed Equity,,,,Thomson Reuters Corp.,,,BPLLTY3,,"94,349","18,695,681",0.01%,
Listed Equity,,,,"Tiandi Science & Technology Co., Ltd.",,,BP3R8L9,,"1,655,800","2,073,939",0.00%,
Listed Equity,,,,"Tianshan Aluminum Group Co., Ltd.",,,BMQBT81,,"3,628,300","12,612,502",0.00%,
Listed Equity,,,,TIM SA (Brazil),,,BK531P5,,"463,395","14,299,653",0.01%,
Listed Equity,,,,TIM SA (Brazil),,,BN71RB6,,"157,900","977,031",0.00%,
Listed Equity,,,,Tingyi (Cayman Islands) Holding Corp.,,,6903556,,"372,000","844,994",0.00%,
Listed Equity,,,,"TIS, Inc. (Japan)",,,B2Q4CR0,,"167,100","8,404,126",0.00%,
Listed Equity,,,,Titan Co. Ltd.,,,6139340,,"9,889","668,467",0.00%,
Listed Equity,,,,TMBThanachart Bank Public Co. Ltd.,,,6887887,,"4,502,700","432,929",0.00%,
Listed Equity,,,,"T-Mobile US, Inc.",,,B94Q9V0,,"137,500","41,865,487",0.02%,
Listed Equity,,,,TMX Group Ltd.,,,B8KH5G7,,"184,214","10,525,828",0.00%,
Listed Equity,,,,"Toast, Inc.",,,BP6D7B7,,"125,100","6,661,620",0.00%,
Listed Equity,,,,"Toho Co., Ltd.",,,6895200,,"48,600","3,710,371",0.00%,
Listed Equity,,,,"Tokio Marine Holdings, Inc.",,,6513126,,"1,499,000","83,421,663",0.03%,
Listed Equity,,,,Tokyo Electron Ltd.,,,6895675,,"372,000","122,142,938",0.05%,
Listed Equity,,,,"Tokyo Gas Co., Ltd.",,,6895448,,"199,000","11,813,348",0.00%,
Listed Equity,,,,"Tokyo Metro Co., Ltd.",,,BQTY1X4,,"91,600","1,397,327",0.00%,
Listed Equity,,,,Tokyu Corp.,,,6896548,,"191,200","3,347,473",0.00%,
Listed Equity,,,,Tongcheng Travel Holdings Ltd.,,,BGM5R25,,"3,147,200","13,606,427",0.01%,
Listed Equity,,,,"Topco Scientific Co., Ltd.",,,6254083,,"113,000","1,569,387",0.00%,
Listed Equity,,,,"TOPPAN Holdings, Inc.",,,6897024,,"175,700","7,834,820",0.00%,
Listed Equity,,,,"Toray Industries, Inc.",,,6897143,,"836,700","8,164,848",0.00%,
Listed Equity,,,,Toromont Industries Ltd.,,,2897103,,"101,073","18,400,416",0.01%,
Listed Equity,,,,Torrent Pharmaceuticals Ltd.,,,B0XPSB8,,"240,383","15,441,026",0.01%,
Listed Equity,,,,TotalEnergies SE,,,B15C557,,"1,131,087","112,431,878",0.04%,
Listed Equity,,,,TOTVS SA,,,B10LQP6,,"1,857,500","21,390,240",0.01%,
Listed Equity,,,,Tourmaline Oil Corp.,,,B3QJ0H8,,"358,105","24,120,880",0.01%,
Listed Equity,,,,Tower Ltd.,,,B05N940,,"7,936,882","14,048,281",0.01%,
Listed Equity,,,,Toyota Industries Corp.,,,6900546,,"113,500","19,328,316",0.01%,
Listed Equity,,,,Toyota Motor Corp.,,,6900643,,"6,158,450","197,729,522",0.07%,
Listed Equity,,,,Toyota Tsusho Corp.,,,6900580,,"567,100","28,613,957",0.01%,
Listed Equity,,,,TPG Telecom Ltd.,,,BMB2257,,"4,825,818","18,289,850",0.01%,
Listed Equity,,,,Tractor Supply Co.,,,2900335,,"280,246","21,016,874",0.01%,
Listed Equity,,,,"Tradeweb Markets, Inc.",,,BJXMVK2,,"29,898","4,821,520",0.00%,
Listed Equity,,,,Trane Technologies Plc,,,BK9ZQ96,,"181,959","106,198,460",0.04%,
Listed Equity,,,,"TransDigm Group, Inc.",,,B11FJK3,,"4,911","9,793,647",0.00%,
Listed Equity,,,,TransUnion,,,BYMWL86,,"52,767","6,785,289",0.00%,
Listed Equity,,,,Transurban Group Ltd.,,,6200882,,"36,697,694","533,951,448",0.20%,
Listed Equity,,,,TravelSky Technology Ltd.,,,6321954,,"646,000","1,279,448",0.00%,
Listed Equity,,,,Treasury Wine Estates Ltd.,,,B61JC67,,"8,168,168","42,801,200",0.02%,
Listed Equity,,,,Trelleborg AB,,,4902384,,"121,512","7,762,069",0.00%,
Listed Equity,,,,"Trend Micro, Inc.",,,6125286,,"107,900","6,860,566",0.00%,
Listed Equity,,,,"Trimble, Inc.",,,2903958,,"81,110","9,529,832",0.00%,
Listed Equity,,,,Trip.com Group Ltd.,,,BNYK8H9,,"271,150","28,941,183",0.01%,
Listed Equity,,,,Trip.com Group Ltd.,,,BK1K3N2,,"73,136","7,886,646",0.00%,
Listed Equity,,,,Tripod Technology Corp.,,,6305721,,"148,000","2,242,664",0.00%,
Listed Equity,,,,Truist Financial Corp.,,,BKP7287,,"652,677","48,164,108",0.02%,
Listed Equity,,,,Tryg A/S,,,BXDZ972,,"181,163","7,112,557",0.00%,
Listed Equity,,,,"TS Financial Holding Co., Ltd.",,,6451680,,"14,505,727","14,123,047",0.01%,
Listed Equity,,,,"TSURUHA Holdings, Inc.",,,B0MKZN5,,"97,600","2,687,316",0.00%,
Listed Equity,,,,Tuas Ltd.,,,BM94P78,,"7,061,809","49,926,990",0.02%,
Listed Equity,,,,Türk Hava Yollari AO,,,B03MYK0,,"1,948,894","18,264,157",0.01%,
Listed Equity,,,,TURKCELL Iletisim Hizmetleri AS,,,B03MYN3,,"4,158,340","13,512,534",0.01%,
Listed Equity,,,,Türkiye Is Bankasi AS,,,B03MYS8,,"14,921,618","7,338,276",0.00%,
Listed Equity,,,,Turkiye Petrol Rafinerileri AS,,,B03MYT9,,"1,874,478","12,064,474",0.00%,
Listed Equity,,,,TVS Motor Co. Ltd.,,,BPCNFX9,,"1,684,712","281,085",0.00%,
Listed Equity,,,,TVS Motor Co. Ltd.,,,6726548,,"444,398","27,580,578",0.01%,
Listed Equity,,,,"Twilio, Inc.",,,BD6P5Q0,,"125,822","26,838,001",0.01%,
Listed Equity,,,,"Tyler Technologies, Inc.",,,2909644,,"3,762","2,560,936",0.00%,
Listed Equity,,,,Tyro Payments Ltd.,,,BL0KWK0,,"14,485,955","14,558,385",0.01%,
Listed Equity,,,,"Tyson Foods, Inc.",,,2909730,,"269,075","23,653,260",0.01%,
Listed Equity,,,,U.S. Bancorp,,,2736035,,"691,540","55,874,897",0.02%,
Listed Equity,,,,"Uber Technologies, Inc.",,,BK6N347,,"1,007,981","123,509,226",0.05%,
Listed Equity,,,,UBS Group AG,,,BRJL176,,"1,718,517","120,225,171",0.04%,
Listed Equity,,,,UCB SA,,,5596991,,"84,902","35,677,532",0.01%,
Listed Equity,,,,"UDR, Inc.",,,2727910,,"86,803","4,774,588",0.00%,
Listed Equity,,,,"Ulta Beauty, Inc.",,,B28TS42,,"28,165","25,553,133",0.01%,
Listed Equity,,,,Ultrapar Participaçoes SA,,,B0FHTN1,,"931,300","5,326,562",0.00%,
Listed Equity,,,,Unibail-Rodamco-Westfield SE,,,BF2PQ09,,"83,655","13,666,556",0.01%,
Listed Equity,,,,Unicharm Corp.,,,6911485,,"891,800","7,705,156",0.00%,
Listed Equity,,,,UniCredit SpA,,,BYMXPS7,,"896,834","112,017,852",0.04%,
Listed Equity,,,,Unilever Plc,,,BVZK7T9,,"1,538,755","150,824,314",0.06%,
Listed Equity,,,,Unimicron Technology Corp.,,,,,"11,300","56,088",0.00%,
Listed Equity,,,,Union Bank of India,,,6579634,,"4,998,161","12,822,281",0.00%,
Listed Equity,,,,Union Pacific Corp.,,,2914734,,"308,154","106,893,879",0.04%,
Listed Equity,,,,Unipol Assicurazioni SpA,,,B7SF135,,"341,567","12,374,186",0.00%,
Listed Equity,,,,Uni-President Enterprises Corp.,,,6700393,,"168,000","618,191",0.00%,
Listed Equity,,,,"United Airlines Holdings, Inc.",,,B4QG225,,"63,333","10,619,924",0.00%,
Listed Equity,,,,United Co. RUSAL International PJSC,,,BNGCVY1,,"1,038,570",0,0.00%,
Listed Equity,,,,"United Integrated Services Co., Ltd.",,,6105136,,"176,000","7,971,456",0.00%,
Listed Equity,,,,United Microelectronics Corp.,,,6916628,,"7,268,000","17,083,620",0.01%,
Listed Equity,,,,United Overseas Bank Ltd. (Singapore),,,6916781,,"842,158","34,429,948",0.01%,
Listed Equity,,,,"United Parcel Service, Inc.",,,2517382,,"357,247","53,138,382",0.02%,
Listed Equity,,,,"United Rentals, Inc.",,,2134781,,"49,993","60,673,817",0.02%,
Listed Equity,,,,United Spirits Ltd.,,,BYWFSB7,,"858,946","20,689,714",0.01%,
Listed Equity,,,,United Therapeutics Corp.,,,2430412,,"35,246","25,753,338",0.01%,
Listed Equity,,,,United Utilities Group Plc,,,B39J2M4,,"251,221","6,140,813",0.00%,
Listed Equity,,,,"UnitedHealth Group, Inc.",,,2917766,,"448,712","222,125,393",0.08%,
Listed Equity,,,,"Universal Health Services, Inc.",,,2923785,,"37,177","12,154,652",0.00%,
Listed Equity,,,,Universal Music Group NV,,,BNZGVV1,,"981,634","38,432,223",0.01%,
Listed Equity,,,,UPL Ltd.,,,B0L0W35,,"1,648,053","21,864,116",0.01%,
Listed Equity,,,,UPM-Kymmene Oyj,,,5051252,,"298,888","13,049,427",0.00%,
Listed Equity,,,,Vale SA,,,2857334,,"1,164,541","23,926,518",0.01%,
Listed Equity,,,,Valero Energy Corp.,,,2041364,,"154,347","37,678,861",0.01%,
Listed Equity,,,,Valterra Platinum Ltd.,,,6761000,,"43,054","5,492,201",0.00%,
Listed Equity,,,,VAT Group AG,,,BYZWMR9,,"22,951","16,764,322",0.01%,
Listed Equity,,,,Vault Minerals Ltd.,,,BSML1B4,,"10,204,053","55,714,129",0.02%,
Listed Equity,,,,"Veeva Systems, Inc.",,,BFH3N85,,"46,752","15,650,370",0.01%,
Listed Equity,,,,"Ventas, Inc.",,,2927925,,"42,175","4,924,264",0.00%,
Listed Equity,,,,Ventia Services Group Ltd.,,,BNV08F0,,"6,776,838","40,322,186",0.01%,
Listed Equity,,,,Veolia Environnement SA,,,4031879,,"393,767","20,610,787",0.01%,
Listed Equity,,,,Veralto Corp.,,,BPGMZQ5,,"156,581","23,459,560",0.01%,
Listed Equity,,,,VERBUND AG,,,4661607,,"56,543","6,174,147",0.00%,
Listed Equity,,,,"VeriSign, Inc.",,,2142922,,"28,336","10,323,508",0.00%,
Listed Equity,,,,"Verisk Analytics, Inc.",,,B4P9W92,,"40,408","13,554,571",0.01%,
Listed Equity,,,,"Verizon Communications, Inc.",,,2090571,,"3,106,033","189,710,916",0.07%,
Listed Equity,,,,"Vertex Pharmaceuticals, Inc.",,,2931034,,"132,950","90,386,462",0.03%,
Listed Equity,,,,Vertiv Holdings Co.,,,BL3LWS8,,"99,299","24,124,512",0.01%,
Listed Equity,,,,Vestas Wind Systems A/S,,,BN4MYF5,,"367,290","15,017,590",0.01%,
Listed Equity,,,,Vibra Energia SA,,,BPBLV81,,"192,156","1,596,838",0.00%,
Listed Equity,,,,"VICI Properties, Inc.",,,BYWH073,,"464,730","19,910,529",0.01%,
Listed Equity,,,,VINCI SA,,,B1XH026,,"413,103","87,342,770",0.03%,
Listed Equity,,,,Vipshop Holdings Ltd.,,,B3N0H17,,"595,137","15,787,619",0.01%,
Listed Equity,,,,"Visa, Inc.",,,B2PZN04,,"1,057,562","556,193,400",0.21%,
Listed Equity,,,,Vishal Mega Mart Ltd.,,,BSSDKB7,,"1,456,012","3,312,802",0.00%,
Listed Equity,,,,Vistra Corp.,,,BZ8VJQ8,,"112,551","27,229,291",0.01%,
Listed Equity,,,,Viva Energy Group Ltd.,,,BYQM3N1,,"10,419,380","21,359,729",0.01%,
Listed Equity,,,,Vodacom Group Ltd.,,,B65B4D0,,"660,968","8,452,840",0.00%,
Listed Equity,,,,Vodafone Group Plc,,,BH4HKS3,,"14,889,797","30,298,058",0.01%,
Listed Equity,,,,Volkswagen AG,,,5497168,,"201,751","36,793,597",0.01%,
Listed Equity,,,,Voltronic Power Technology Corp.,,,B96HCH8,,"76,000","3,522,018",0.00%,
Listed Equity,,,,Volvo AB,,,B1QH830,,"1,211,097","58,293,663",0.02%,
Listed Equity,,,,Vonovia SE,,,BBJPFY1,,"273,074","11,802,156",0.00%,
Listed Equity,,,,VTB Bank PJSC,,,B5B1TP4,,"559,324",0,0.00%,
Listed Equity,,,,VTB Bank PJSC,,,B1WMD67,,"433,256",0,0.00%,
Listed Equity,,,,Vulcan Materials Co.,,,2931205,,"11,719","5,012,361",0.00%,
Listed Equity,,,,"W.P. Carey, Inc.",,,B826YT8,,"166,966","16,344,816",0.01%,
Listed Equity,,,,W.R. Berkley Corp.,,,2093644,,"174,088","18,305,542",0.01%,
Listed Equity,,,,"W.W. Grainger, Inc.",,,2380863,,"30,688","46,435,820",0.02%,
Listed Equity,,,,WAAREE Energies Ltd.,,,BSFVC74,,"155,222","7,686,763",0.00%,
Listed Equity,,,,Wal-Mart de México SAB de CV,,,BW1YVH8,,"10,995,196","51,474,513",0.02%,
Listed Equity,,,,"Walmart, Inc.",,,2936921,,"2,421,141","405,345,074",0.15%,
Listed Equity,,,,Wan Hai Lines Ltd.,,,6932334,,"2,636,550","9,915,645",0.00%,
Listed Equity,,,,"Warner Bros. Discovery, Inc.",,,BM8JYX3,,"894,731","38,668,587",0.01%,
Listed Equity,,,,Wärtsilä Oyj Abp,,,4525189,,"417,729","22,365,296",0.01%,
Listed Equity,,,,Washington H. Soul Pattinson & Co. Ltd.,,,6821807,,"3,053,113","113,392,617",0.04%,
Listed Equity,,,,"Waste Connections, Inc.",,,BYVG1F6,,"97,130","25,542,051",0.01%,
Listed Equity,,,,"Waste Management, Inc.",,,2937667,,"35,787","11,790,900",0.00%,
Listed Equity,,,,Waters Corp.,,,2937689,,"30,955","17,631,608",0.01%,
Listed Equity,,,,"Watsco, Inc.",,,2943039,,"19,659","9,933,418",0.00%,
Listed Equity,,,,WEB Travel Group Ltd.,,,6015815,,"5,331,910","25,486,530",0.01%,
Listed Equity,,,,"WEC Energy Group, Inc.",,,BYY8XK8,,"107,420","16,988,098",0.01%,
Listed Equity,,,,"Weichai Power Co., Ltd.",,,6743956,,"4,125,000","14,980,704",0.01%,
Listed Equity,,,,Wells Fargo & Co.,,,2649100,,"1,303,115","182,125,393",0.07%,
Listed Equity,,,,"Welltower, Inc.",,,BYVYHH4,,"59,776","16,637,960",0.01%,
Listed Equity,,,,Wesfarmers Ltd.,,,6948836,,"14,111,046","1,144,264,720",0.42%,
Listed Equity,,,,West African Resources Ltd.,,,B4KBBN0,,"6,851,154","20,553,462",0.01%,
Listed Equity,,,,West Japan Railway Co.,,,6957995,,"229,500","6,863,566",0.00%,
Listed Equity,,,,"West Pharmaceutical Services, Inc.",,,2950482,,"40,237","16,601,647",0.01%,
Listed Equity,,,,Western Digital Corp.,,,2954699,,"252,269","65,169,649",0.02%,
Listed Equity,,,,"Western Mining Co., Ltd.",,,BP3R7X4,,"1,457,400","8,654,387",0.00%,
Listed Equity,,,,Westgold Resources Ltd.,,,BYVQ673,,"1,963,442","12,644,566",0.00%,
Listed Equity,,,,Westinghouse Air Brake Technologies Corp.,,,2955733,,"93,273","29,855,473",0.01%,
Listed Equity,,,,Westpac Banking Corp.,,,6076146,,"40,753,147","1,573,071,474",0.58%,
Listed Equity,,,,Weyerhaeuser Co.,,,2958936,,"319,833","11,362,141",0.00%,
Listed Equity,,,,WH Group Ltd. (HK),,,BLLHKZ1,,"6,477,319","10,819,602",0.00%,
Listed Equity,,,,Wharf Real Estate Investment Co. Ltd.,,,BF0GWS4,,"1,246,985","5,905,274",0.00%,
Listed Equity,,,,Wheaton Precious Metals Corp.,,,BF13KN5,,"419,969","74,135,586",0.03%,
Listed Equity,,,,Whitbread Plc,,,B1KJJ40,,"104,086","5,353,561",0.00%,
Listed Equity,,,,"Whitecap Resources, Inc.",,,B418WK4,,"1,546,601","19,560,492",0.01%,
Listed Equity,,,,Whitehaven Coal Ltd.,,,B1XQXC4,,"8,803,265","68,225,304",0.03%,
Listed Equity,,,,"Williams-Sonoma, Inc.",,,2967589,,"80,024","21,431,336",0.01%,
Listed Equity,,,,Willis Towers Watson Plc,,,BDB6Q21,,"60,578","29,934,262",0.01%,
Listed Equity,,,,Winbond Electronics Corp.,,,6966515,,"5,156,000","20,325,990",0.01%,
Listed Equity,,,,Wipro Ltd.,,,6206051,,"5,112,587","22,457,958",0.01%,
Listed Equity,,,,Wise Plc,,,BL9YR75,,"436,142","7,838,192",0.00%,
Listed Equity,,,,Wisetech Global Ltd.,,,BZ8GX83,,"2,074,037","141,988,573",0.05%,
Listed Equity,,,,Wistron Corp.,,,6672481,,"473,000","3,397,476",0.00%,
Listed Equity,,,,Wiwynn Corp.,,,BF4QXG5,,"69,000","14,769,653",0.01%,
Listed Equity,,,,Wix.com Ltd.,,,BFZCHN7,,"30,418","4,738,886",0.00%,
Listed Equity,,,,WNC Corp.,,,6682598,,"427,000","2,017,538",0.00%,
Listed Equity,,,,Wolters Kluwer NV,,,5671519,,"194,938","30,329,158",0.01%,
Listed Equity,,,,Woodside Energy Group Ltd.,,,BMGT167,,"22,666,834","534,710,614",0.20%,
Listed Equity,,,,Woolworths Group Ltd.,,,6981239,,"14,253,972","418,781,697",0.16%,
Listed Equity,,,,"Woori Financial Group, Inc.",,,BGHWH98,,"557,626","16,253,412",0.01%,
Listed Equity,,,,"Workday, Inc.",,,B8K6ZD1,,"59,868","19,282,371",0.01%,
Listed Equity,,,,Worley Ltd.,,,6562474,,"6,159,729","77,427,794",0.03%,
Listed Equity,,,,WPG Holdings Ltd.,,,B0P6L87,,"350,000","972,187",0.00%,
Listed Equity,,,,"WSP Global, Inc.",,,BHR3R21,,"86,739","23,618,058",0.01%,
Listed Equity,,,,"WT Microelectronics Co., Ltd.",,,6290991,,"308,000","2,013,864",0.00%,
Listed Equity,,,,"WuXi AppTec Co., Ltd.",,,BGHH0L6,,"337,000","6,408,317",0.00%,
Listed Equity,,,,"WuXi AppTec Co., Ltd.",,,BHWLWV4,,"48,600","946,402",0.00%,
Listed Equity,,,,"Xcel Energy, Inc.",,,2614807,,"172,711","19,277,018",0.01%,
Listed Equity,,,,Xero Ltd.,,,B8P4LP4,,"1,719,677","196,077,572",0.07%,
Listed Equity,,,,Xiamen CD Inc.,,,BP3R6L5,,"2,610,300","5,187,423",0.00%,
Listed Equity,,,,Xiaomi Corp.,,,BG0ZMJ9,,"6,655,200","50,390,721",0.02%,
Listed Equity,,,,"XPeng, Inc.",,,BP6FB33,,"533,800","8,160,606",0.00%,
Listed Equity,,,,XTB SA,,,BZ059D5,,"69,430","2,079,895",0.00%,
Listed Equity,,,,"Xylem, Inc.",,,B3P2CN8,,"21,604","4,411,836",0.00%,
Listed Equity,,,,Yageo Corp.,,,6984380,,"2,727,020","30,064,851",0.01%,
Listed Equity,,,,"Yamaha Motor Co., Ltd.",,,6985264,,"589,500","6,666,217",0.00%,
Listed Equity,,,,Yanbu National Petrochemical Co.,,,B128CF7,,"442,900","4,865,980",0.00%,
Listed Equity,,,,Yancoal Australia Ltd.,,,B84LB45,,"6,750,896","33,484,444",0.01%,
Listed Equity,,,,Yang Ming Marine Transport Corp.,,,6987583,,"5,327,000","14,161,089",0.01%,
Listed Equity,,,,Yangzijiang Shipbuilding (Holdings) Ltd.,,,B1VT035,,"2,728,200","11,070,987",0.00%,
Listed Equity,,,,Yara International ASA,,,7751259,,"152,466","9,384,035",0.00%,
Listed Equity,,,,YES BANK Ltd.,,,BL6CR27,,"19,891,045","7,168,413",0.00%,
Listed Equity,,,,"Yifeng Pharmacy Chain Co., Ltd.",,,BYYFJV2,,"818,466","3,819,267",0.00%,
Listed Equity,,,,Yokogawa Electric Corp.,,,6986427,,"184,800","8,868,244",0.00%,
Listed Equity,,,,"Yokohama Financial Group, Inc.",,,BD97JW7,,"710,400","8,791,187",0.00%,
Listed Equity,,,,YTL Corp Bhd.,,,,,"657,040","131,113",0.00%,
Listed Equity,,,,YTL Corp Bhd.,,,6436126,,"1,639,920","1,236,268",0.00%,
Listed Equity,,,,YTL Power International Bhd.,,,,,"511,740","162,633",0.00%,
Listed Equity,,,,Yuanta Financial Holding Co. Ltd.,,,6424110,,"14,365,636","26,944,874",0.01%,
Listed Equity,,,,Yuhan Corp.,,,6988337,,"20,165","2,359,435",0.00%,
Listed Equity,,,,"Yum! Brands, Inc.",,,2098876,,"76,777","17,417,447",0.01%,
Listed Equity,,,,"Yunnan Aluminium Co., Ltd.",,,BD5CB75,,"1,408,900","9,940,377",0.00%,
Listed Equity,,,,"Yunnan Baiyao Group Co., Ltd.",,,BD5CP95,,"584,389","7,126,297",0.00%,
Listed Equity,,,,"Yunnan Yuntianhua Co., Ltd.",,,BP3RBJ8,,"1,608,100","11,542,744",0.00%,
Listed Equity,,,,Zabka Group SA,,,BRXWDB3,,"3,101,314","29,623,067",0.01%,
Listed Equity,,,,Zalando SE,,,BQV0SV7,,"136,449","6,089,525",0.00%,
Listed Equity,,,,Zebra Technologies Corp.,,,2989356,,"29,261","10,654,804",0.00%,
Listed Equity,,,,"Zensho Holdings Co., Ltd.",,,6042608,,"38,800","3,331,535",0.00%,
Listed Equity,,,,"Zhejiang China Commodities City Group Co., Ltd.",,,BP3R789,,"1,362,490","4,668,889",0.00%,
Listed Equity,,,,"Zhejiang Chint Electrics Co., Ltd.",,,BP3R5K7,,"657,900","3,942,103",0.00%,
Listed Equity,,,,"Zhejiang Expressway Co., Ltd.",,,6990763,,"1,430,800","1,976,492",0.00%,
Listed Equity,,,,"Zhejiang Leapmotor Technology Co., Ltd.",,,BJLVDM7,,"1,186,000","11,109,552",0.00%,
Listed Equity,,,,"Zhejiang Longsheng Group Co., Ltd.",,,BP3R4W2,,"1,419,600","3,251,193",0.00%,
Listed Equity,,,,Zhejiang NHU Co. Ltd.,,,BD5CH66,,"2,117,881","11,461,706",0.00%,
Listed Equity,,,,Zhen Ding Technology Holding Ltd.,,,B734XQ4,,"1,439,000","9,752,319",0.00%,
Listed Equity,,,,"Zhongji Innolight Co., Ltd.",,,BFFJRM7,,"15,800","2,070,649",0.00%,
Listed Equity,,,,"Zillow Group, Inc.",,,BYXJF62,,"54,171","5,541,794",0.00%,
Listed Equity,,,,"Zimmer Biomet Holdings, Inc.",,,2783815,,"109,080","14,747,924",0.01%,
Listed Equity,,,,Zip Co. Ltd.,,,BPP1Y77,,"4,090,652","13,458,245",0.00%,
Listed Equity,,,,"Zoetis, Inc.",,,B95WG16,,"261,076","49,259,327",0.02%,
Listed Equity,,,,"Zoom Communications, Inc.",,,BGSP7M9,,"252,338","32,652,390",0.01%,
Listed Equity,,,,"ZOZO, Inc.",,,B292RC1,,"384,000","4,742,809",0.00%,
Listed Equity,,,,"Zscaler, Inc.",,,BZ00V34,,"8,950","3,018,721",0.00%,
Listed Equity,,,,Zurich Insurance Group AG,,,5983816,,"112,322","127,945,972",0.05%,
Listed Equity,,,,Zydus Lifesciences Ltd.,,,BYM8TG8,,"919,325","14,024,688",0.01%,
Total,,,,,,,,,,"96,773,887,417",35.84%,
Unlisted Equity,Externally,,,,Adams Street Partners,,,,,"249,515,336",0.09%,
Unlisted Equity,Externally,,,,Advent International Corporation,,,,,"1,815,335,072",0.67%,
Unlisted Equity,Externally,,,,American Industrial Partners,,,,,"553,160,408",0.20%,
Unlisted Equity,Externally,,,,Apax Partners,,,,,"1,720,564,295",0.64%,
Unlisted Equity,Externally,,,,Archer Capital Pty Ltd,,,,,"3,782,405",0.00%,
Unlisted Equity,Externally,,,,"Bain Capital Partners, LLC",,,,,"1,403,000,198",0.52%,
Unlisted Equity,Externally,,,,Bessemer Venture Partners,,,,,"1,556,698,936",0.58%,
Unlisted Equity,Externally,,,,Blackbird Ventures,,,,,"378,941,193",0.14%,
Unlisted Equity,Externally,,,,CDH Investments,,,,,"12,892,039",0.00%,
Unlisted Equity,Externally,,,,Charterhouse Capital Partners,,,,,"81,638,058",0.03%,
Unlisted Equity,Externally,,,,Clocktower Technology Ventures,,,,,"146,276,451",0.05%,
Unlisted Equity,Externally,,,,Columbia Capital L.P.,,,,,"890,294,485",0.33%,
Unlisted Equity,Externally,,,,EQT Fund Management,,,,,"145,165,777",0.05%,
Unlisted Equity,Externally,,,,FountainVest Partners,,,,,"245,081,916",0.09%,
Unlisted Equity,Externally,,,,GI Partners,,,,,"1,385,954,433",0.51%,
Unlisted Equity,Externally,,,,Goldman Sachs Asset Management,,,,,"143,631,949",0.05%,
Unlisted Equity,Externally,,,,Hellman & Friedman LLC,,,,,"2,035,963,370",0.75%,
Unlisted Equity,Externally,,,,Hg Pooled Management Limited,,,,,"51,422,639",0.02%,
Unlisted Equity,Externally,,,,Hillhouse Capital Management Ltd,,,,,"1,073,902,603",0.40%,
Unlisted Equity,Externally,,,,HongShan,,,,,"24,434,720",0.01%,
Unlisted Equity,Externally,,,,Horsley Bridge Partners LLC,,,,,"4,874,677,209",1.81%,
Unlisted Equity,Externally,,,,Lightspeed Venture Partners,,,,,"2,166,618,885",0.80%,
Unlisted Equity,Externally,,,,Motive Partners,,,,,"438,459,211",0.16%,
Unlisted Equity,Externally,,,,New Enterprise Associates,,,,,"5,393,015,152",2.00%,
Unlisted Equity,Externally,,,,Oakley Capital Limited,,,,,"22,837,850",0.01%,
Unlisted Equity,Externally,,,,Oaktree Capital Management,,,,,"54,096,181",0.02%,
Unlisted Equity,Externally,,,,Parthenon Capital Partners,,,,,"108,412,557",0.04%,
Unlisted Equity,Externally,,,,Playground Global,,,,,"338,258,154",0.13%,
Unlisted Equity,Externally,,,,Quadrant Private Equity Limited,,,,,"1,190,219,162",0.44%,
Unlisted Equity,Externally,,,,Quilvest S.A.,,,,,"1,438,956,716",0.53%,
Unlisted Equity,Externally,,,,RCP Advisors LLC,,,,,"2,229,327,468",0.83%,
Unlisted Equity,Externally,,,,Seidler Equity Partners,,,,,"61,384,019",0.02%,
Unlisted Equity,Externally,,,,Sequoia Capital LLC,,,,,"14,398,818",0.01%,
Unlisted Equity,Externally,,,,Siris Capital,,,,,"284,680,857",0.11%,
Unlisted Equity,Externally,,,,StepStone Group,,,,,"18,537,898",0.01%,
Unlisted Equity,Externally,,,,The Growth Fund,,,,,"8,912,782",0.00%,
Unlisted Equity,Externally,,,,Towerbrook Capital Partners,,,,,"429,570,559",0.16%,
Unlisted Equity,Externally,,,,Trustar Capital,,,,,"120,197,128",0.04%,
Unlisted Equity,Externally,,,,Vitruvian Partners LLP,,,,,"39,144,714",0.01%,
Unlisted Equity,Externally,,,,Xiang He Capital,,,,,"174,552,001",0.06%,
Total,,,,,,,,,,"33,323,913,605",12.34%,
Listed Property,,,,Abacus Group,,,BQV4PB8,,"347,939","435,794",0.00%,
Listed Property,,,,Abacus Storage King,,,BQYLGZ7,,"333,544","518,435",0.00%,
Listed Property,,,,abrdn European Logistics Income Plc,,,BD9PXH4,,"198,058","106,264",0.00%,
Listed Property,,,,Acadia Realty Trust,,,2566522,,"108,521","3,375,160",0.00%,
Listed Property,,,,"Activia Properties, Inc.",,,B8BSRY1,,"1,733","2,379,187",0.00%,
Listed Property,,,,Advance Residence Investment Corp.,,,B62WZW2,,"2,141","3,510,796",0.00%,
Listed Property,,,,Aedifica SA,,,B1G5XP1,,"39,165","4,655,950",0.00%,
Listed Property,,,,AEON REIT Investment Corp.,,,BFSSCF9,,"1,372","1,802,199",0.00%,
Listed Property,,,,AEW UK REIT Plc,,,BWD2415,,"78,300","170,251",0.00%,
Listed Property,,,,Agree Realty Corp.,,,2062161,,"93,062","10,088,683",0.00%,
Listed Property,,,,Aims Apac Reit,,,B58DLN5,,"501,226","876,710",0.00%,
Listed Property,,,,"Alexander & Baldwin, Inc.",,,B827VB2,,"60,038","1,889,777",0.00%,
Listed Property,,,,"Alexandria Real Estate Equities, Inc.",,,2009210,,"141,982","10,573,332",0.00%,
Listed Property,,,,Allied Properties Real Estate Investment Trust,,,2387701,,"105,154","1,543,918",0.00%,
Listed Property,,,,Allreal Holding AG,,,5914270,,"12,229","4,722,052",0.00%,
Listed Property,,,,Altarea SCA,,,4821638,,"5,268","1,016,864",0.00%,
Listed Property,,,,"American Assets Trust, Inc.",,,B3NTLD4,,"42,747","1,213,467",0.00%,
Listed Property,,,,"American Healthcare REIT, Inc.",,,BQWNKQ4,,"138,316","9,812,896",0.00%,
Listed Property,,,,American Homes 4 Rent,,,BCF5RR9,,"283,876","13,664,872",0.01%,
Listed Property,,,,"Americold Realty Trust, Inc.",,,B3SKZK7,,"236,866","4,649,585",0.00%,
Listed Property,,,,Amot Investments Ltd.,,,B18MCB9,,"199,135","2,342,415",0.00%,
Listed Property,,,,Apartment Investment & Management Co.,,,BN2W9T6,,"108,579","967,173",0.00%,
Listed Property,,,,"Apple Hospitality REIT, Inc.",,,BXRTX56,,"184,194","3,295,245",0.00%,
Listed Property,,,,Arena REIT,,,B99K263,,"325,915","1,177,008",0.00%,
Listed Property,,,,Argan SA,,,B1YKDN6,,"13,670","1,588,982",0.00%,
Listed Property,,,,Argosy Property Ltd.,,,B6ZFBN1,,"636,184","683,014",0.00%,
Listed Property,,,,Aroundtown SA,,,BF0CK44,,"590,918","2,755,825",0.00%,
Listed Property,,,,Ascencio SA,,,B1R6PX5,,"4,920","462,714",0.00%,
Listed Property,,,,Aspen Group Ltd.,,,6361057,,"126,207","737,680",0.00%,
Listed Property,,,,Atrium Ljungberg AB,,,BTXYPL7,,"190,515","1,029,345",0.00%,
Listed Property,,,,"AvalonBay Communities, Inc.",,,2131179,,"117,859","32,354,005",0.01%,
Listed Property,,,,Azrieli Group Ltd.,,,B5MN1W0,,"30,137","5,111,889",0.00%,
Listed Property,,,,Big Yellow Group Plc,,,0286941,,"154,162","3,252,515",0.00%,
Listed Property,,,,Boardwalk Real Estate Investment Trust,,,B011205,,"33,611","2,375,157",0.00%,
Listed Property,,,,"Brixmor Property Group, Inc.",,,BFTDJL8,,"252,376","9,923,219",0.00%,
Listed Property,,,,"Broadstone Net Lease, Inc.",,,BN93088,,"156,035","4,132,231",0.00%,
Listed Property,,,,BWP Trust,,,6127453,,"458,079","1,848,715",0.00%,
Listed Property,,,,"BXP, Inc.",,,2019479,,"131,122","13,406,160",0.00%,
Listed Property,,,,CA Immobilien Anlagen AG,,,5681046,,"25,192","999,166",0.00%,
Listed Property,,,,Camden Property Trust,,,2166320,,"87,498","14,584,310",0.01%,
Listed Property,,,,Canadian Apartment Properties Real Estate Investment Trust,,,2117599,,"130,547","5,281,351",0.00%,
Listed Property,,,,CapitaLand Ascendas REIT,,,6563875,,"3,077,697","10,156,479",0.00%,
Listed Property,,,,CapitaLand Ascott Trust,,,BG0RZ29,,"2,173,561","2,420,506",0.00%,
Listed Property,,,,CapitaLand Integrated Commercial Trust,,,6420129,,"4,881,592","13,604,740",0.01%,
Listed Property,,,,CapitaLand Investment Ltd.,,,BNHXFJ6,,"1,891,241","5,976,502",0.00%,
Listed Property,,,,Care Property Invest,,,BKXNCS7,,"35,181","777,248",0.00%,
Listed Property,,,,Care Property Invest,,,BQ74SW4,,"30,784",0,0.00%,
Listed Property,,,,"CareTrust REIT, Inc.",,,BMP8TL6,,"183,732","10,055,184",0.00%,
Listed Property,,,,Carmila SA,,,B4Y0230,,"52,428","1,569,707",0.00%,
Listed Property,,,,Castellum AB,,,B0XP0T0,,"285,331","4,962,880",0.00%,
Listed Property,,,,Catena AB,,,B131GJ7,,"35,043","2,569,701",0.00%,
Listed Property,,,,CDL Hospitality Trusts,,,B192HG8,,"662,603","645,165",0.00%,
Listed Property,,,,Centerspace,,,BN47P80,,"13,861","1,402,833",0.00%,
Listed Property,,,,Centuria Industrial REIT,,,BD31FD8,,"522,585","1,751,705",0.00%,
Listed Property,,,,Centuria Office REIT,,,BKTW448,,"411,485","483,598",0.00%,
Listed Property,,,,Champion Real Estate Investment Trust,,,B14WZ47,,"1,482,000","728,090",0.00%,
Listed Property,,,,Charter Hall Group,,,B15F6S6,,"390,350","9,676,297",0.00%,
Listed Property,,,,Charter Hall Long WALE REIT,,,BDB46J2,,"566,843","2,348,856",0.00%,
Listed Property,,,,Charter Hall Retail REIT,,,6225595,,"471,329","1,948,474",0.00%,
Listed Property,,,,Charter Hall Social Infrastructure REIT,,,BHJVMY0,,"274,814","857,969",0.00%,
Listed Property,,,,Chartwell Retirement Residences,,,B8S8C94,,"250,031","5,509,842",0.00%,
Listed Property,,,,Choice Properties Real Estate Investment Trust,,,BBX46Q3,,"230,122","3,742,168",0.00%,
Listed Property,,,,Cibus Nordic Real Estate AB,,,BYWR8Y6,,"64,094","1,539,766",0.00%,
Listed Property,,,,City Developments Ltd.,,,6197928,,"328,800","3,067,275",0.00%,
Listed Property,,,,Citycon Oyj,,,BHWV281,,"64,811","454,980",0.00%,
Listed Property,,,,Cofinimmo SA,,,4177988,,"31,752","4,428,970",0.00%,
Listed Property,,,,Colonial SFL SOCIMI SA,,,BD0PJ08,,"305,816","2,943,451",0.00%,
Listed Property,,,,"Comforia Residential REIT, Inc.",,,B8N6QD5,,549,"1,751,646",0.00%,
Listed Property,,,,COPT Defense Properties,,,2756152,,"93,727","3,950,210",0.00%,
Listed Property,,,,Corem Property Group AB,,,BYVWKN5,,"662,568","471,149",0.00%,
Listed Property,,,,"Cousins Properties, Inc.",,,BJP0MF6,,"138,633","5,359,464",0.00%,
Listed Property,,,,Covivio SA,,,7745638,,"44,288","4,418,679",0.00%,
Listed Property,,,,"CRE Logistics REIT, Inc.",,,BFXZ9X2,,473,"777,491",0.00%,
Listed Property,,,,Crombie Real Estate Investment Trust,,,B11YBV5,,"89,860","1,507,400",0.00%,
Listed Property,,,,Cromwell Property Group,,,6225476,,"1,353,564","632,791",0.00%,
Listed Property,,,,CubeSmart,,,B6SW913,,"187,598","10,141,573",0.00%,
Listed Property,,,,Curbline Properties Corp.,,,BSNR2T6,,"80,056","2,809,193",0.00%,
Listed Property,,,,Custodian Property Income REIT Plc,,,BJFLFT4,,"330,089","575,914",0.00%,
Listed Property,,,,Daiwa House REIT Investment Corp.,,,B0Z6WY0,,"3,395","4,651,156",0.00%,
Listed Property,,,,Daiwa Office Investment Corp.,,,B0LNTF5,,414,"1,512,418",0.00%,
Listed Property,,,,Daiwa Securities Living Investment Corp.,,,B15T1S3,,"1,593","1,738,920",0.00%,
Listed Property,,,,Derwent London Plc,,,0265274,,"86,948","3,049,787",0.00%,
Listed Property,,,,Deutsche EuroShop AG,,,4754972,,"8,511","282,402",0.00%,
Listed Property,,,,Dexus,,,B033YN6,,"877,123","6,247,747",0.00%,
Listed Property,,,,Dexus Industria REIT,,,BP2RQ94,,"264,366","722,116",0.00%,
Listed Property,,,,DiamondRock Hospitality Co.,,,B090B96,,"169,534","2,308,418",0.00%,
Listed Property,,,,DigiCo Infrastructure REIT,,,BTCHK67,,"352,237","993,308",0.00%,
Listed Property,,,,Digital Core REIT,,,BNYGMH5,,"708,800","542,083",0.00%,
Listed Property,,,,"Digital Realty Trust, Inc.",,,B03GQS4,,"284,906","66,612,450",0.02%,
Listed Property,,,,Diös Fastigheter AB,,,B1323T9,,"83,836","895,288",0.00%,
Listed Property,,,,"Douglas Emmett, Inc.",,,B1G3M58,,"133,218","2,233,452",0.00%,
Listed Property,,,,Dream Industrial Real Estate Investment Trust,,,BMH4P92,,"238,978","3,301,874",0.00%,
Listed Property,,,,"Easterly Government Properties, Inc.",,,BTTRRD6,,"34,008","1,080,647",0.00%,
Listed Property,,,,"EastGroup Properties, Inc.",,,2455761,,"43,988","11,853,046",0.00%,
Listed Property,,,,Elme Communities,,,2942304,,"72,375","1,888,468",0.00%,
Listed Property,,,,"Empire State Realty Trust, Inc.",,,BF321D7,,"113,495","1,109,676",0.00%,
Listed Property,,,,Empiric Student Property PLC,,,BLWDVR7,,"568,492","893,248",0.00%,
Listed Property,,,,Entra ASA,,,BRJ2VC4,,"36,766","631,859",0.00%,
Listed Property,,,,EPR Properties,,,B8XXZP1,,"62,000","4,666,852",0.00%,
Listed Property,,,,"Equinix, Inc.",,,BVLZX12,,"80,970","93,028,380",0.03%,
Listed Property,,,,"Equity LifeStyle Properties, Inc.",,,2563125,,"159,631","14,632,143",0.01%,
Listed Property,,,,Equity Residential,,,2319157,,"313,875","29,671,860",0.01%,
Listed Property,,,,"ESR Kendall Square REIT Co., Ltd.",,,BNNGHG0,,"138,546","631,910",0.00%,
Listed Property,,,,ESR-REIT,,,BVDJZ16,,"467,666","1,477,869",0.00%,
Listed Property,,,,"Essential Properties Realty Trust, Inc.",,,BFFK0X2,,"162,970","7,324,302",0.00%,
Listed Property,,,,"Essex Property Trust, Inc.",,,2316619,,"52,810","20,723,282",0.01%,
Listed Property,,,,Eurocommercial Properties NV,,,BMZ4R21,,"34,279","1,572,687",0.00%,
Listed Property,,,,"Extra Space Storage, Inc.",,,B02HWR9,,"174,541","34,083,721",0.01%,
Listed Property,,,,Fabege AB,,,BFM6T36,,"156,773","2,105,163",0.00%,
Listed Property,,,,Far East Hospitality Trust,,,B8GM577,,"781,400","555,820",0.00%,
Listed Property,,,,Fastighets AB Balder,,,BPMRNZ9,,"576,200","6,392,270",0.00%,
Listed Property,,,,FastPartner AB,,,BKTNZS2,,"39,020","301,176",0.00%,
Listed Property,,,,Federal Realty Investment Trust,,,BN7P9B2,,"70,673","10,682,820",0.00%,
Listed Property,,,,First Capital Real Estate Investment Trust,,,BKSLS55,,"176,300","3,657,412",0.00%,
Listed Property,,,,"First Industrial Realty Trust, Inc.",,,2360757,,"106,332","9,202,896",0.00%,
Listed Property,,,,Fortune Real Estate Investment Trust,,,B5T50H7,,"1,264,000","1,190,838",0.00%,
Listed Property,,,,"Four Corners Property Trust, Inc.",,,BZ16HK0,,"84,172","2,956,970",0.00%,
Listed Property,,,,Frasers Centrepoint Trust,,,B17NZ47,,"1,061,915","2,885,204",0.00%,
Listed Property,,,,Frasers Logistics & Commercial Trust,,,BYYFHZ2,,"2,299,100","2,667,545",0.00%,
Listed Property,,,,Frontier Real Estate Investment Corp.,,,B020QY3,,"2,035","1,849,161",0.00%,
Listed Property,,,,Fukuoka REIT Corp.,,,B0B8154,,602,"1,083,913",0.00%,
Listed Property,,,,"Gaming & Leisure Properties, Inc.",,,BFPK4S5,,"225,094","15,085,028",0.01%,
Listed Property,,,,Gecina SA,,,7742468,,"42,039","5,989,731",0.00%,
Listed Property,,,,Getty Realty Corp.,,,2698146,,"43,533","1,818,418",0.00%,
Listed Property,,,,"Global Net Lease, Inc.",,,BZCFW78,,"160,780","2,073,492",0.00%,
Listed Property,,,,Global One Real Estate Investment Corp.,,,6693608,,774,"1,020,395",0.00%,
Listed Property,,,,GLP J-REIT,,,B8RBZV7,,"3,606","5,136,870",0.00%,
Listed Property,,,,Goodman Group,,,B03FYZ4,,"1,642,281","51,124,208",0.02%,
Listed Property,,,,Goodman Property Trust,,,6299192,,"803,354","1,361,278",0.00%,
Listed Property,,,,GPT Group,,,6365866,,"1,596,767","8,846,089",0.00%,
Listed Property,,,,Grainger Plc,,,B04V127,,"570,799","2,097,693",0.00%,
Listed Property,,,,Grand City Properties SA,,,B8K9X70,,"56,717","982,912",0.00%,
Listed Property,,,,Granite Real Estate Investment Trust,,,BRYQ8P3,,"50,204","4,501,544",0.00%,
Listed Property,,,,Great Portland Estates Plc,,,BF5H9P8,,"322,260","2,089,116",0.00%,
Listed Property,,,,Growthpoint Properties Australia,,,B1Y9BC8,,"216,818","548,983",0.00%,
Listed Property,,,,H&R Real Estate Investment Trust,,,BGM8DW6,,"215,581","2,482,843",0.00%,
Listed Property,,,,Hamborner REIT AG,,,BMH5DF7,,"59,495","469,424",0.00%,
Listed Property,,,,Hammerson Plc,,,BRJQ8J2,,"417,788","2,780,867",0.00%,
Listed Property,,,,"Hankyu Hanshin REIT, Inc.",,,B0LLJ37,,521,"843,715",0.00%,
Listed Property,,,,Healthcare & Medical Investment Corp.,,,BVVFD01,,275,"309,662",0.00%,
Listed Property,,,,"Healthcare Realty Trust, Inc.",,,BPQWHP8,,"272,652","6,930,271",0.00%,
Listed Property,,,,"Healthpeak Properties, Inc.",,,BJBLRK3,,"574,267","13,847,512",0.01%,
Listed Property,,,,HEBA Fastighets AB,,,BLDBCW2,,"43,730","218,381",0.00%,
Listed Property,,,,"Heiwa Real Estate Co., Ltd.",,,6419600,,"32,800","701,028",0.00%,
Listed Property,,,,"Heiwa Real Estate REIT, Inc.",,,B064LV3,,839,"1,290,341",0.00%,
Listed Property,,,,Helical Plc,,,B0FYMT9,,"87,493","335,479",0.00%,
Listed Property,,,,Henderson Land Development Co. Ltd.,,,6420538,,"1,086,000","5,887,770",0.00%,
Listed Property,,,,HIAG Immobilien Holding AG,,,BMM1ZD2,,"3,496","784,812",0.00%,
Listed Property,,,,"Highwoods Properties, Inc.",,,2420640,,"88,094","3,410,943",0.00%,
Listed Property,,,,Home Invest Belgium SA,,,BN91HC5,,"8,138","263,433",0.00%,
Listed Property,,,,Home REIT Plc,,,BJP5HK1,,"1,351,620",0,0.00%,
Listed Property,,,,HomeCo Daily Needs REIT,,,BNC0NF4,,"1,465,283","2,031,615",0.00%,
Listed Property,,,,Hongkong Land Holdings Ltd.,,,6434915,,"843,200","8,787,943",0.00%,
Listed Property,,,,"Hoshino Resorts REIT, Inc.",,,BBH7G35,,443,"1,130,094",0.00%,
Listed Property,,,,"Host Hotels & Resorts, Inc.",,,2567503,,"568,131","15,403,477",0.01%,
Listed Property,,,,Hufvudstaden AB,,,4449137,,"86,798","1,750,769",0.00%,
Listed Property,,,,"Hulic Co., Ltd.",,,6805317,,"383,200","6,389,453",0.00%,
Listed Property,,,,"Hulic Reit, Inc.",,,BJ04C42,,"1,001","1,690,273",0.00%,
Listed Property,,,,"Hysan Development Co., Ltd.",,,6449629,,"494,000","1,798,812",0.00%,
Listed Property,,,,Icade SA,,,4554406,,"38,003","1,472,472",0.00%,
Listed Property,,,,Ichigo Office REIT Investment Corp.,,,B0LNCF6,,764,"728,721",0.00%,
Listed Property,,,,Immobiliare Grande Distribuzione SIIQ SpA,,,BF0VLX7,,"45,276","276,697",0.00%,
Listed Property,,,,"Independence Realty Trust, Inc.",,,BCRYTK1,,"195,425","5,172,454",0.00%,
Listed Property,,,,Industrial & Infrastructure Fund Investment Corp.,,,B24HH65,,"1,969","2,904,746",0.00%,
Listed Property,,,,Ingenia Communities Group,,,B84GSC7,,"336,478","1,739,591",0.00%,
Listed Property,,,,"Innovative Industrial Properties, Inc.",,,BD0NN55,,"22,844","1,687,479",0.00%,
Listed Property,,,,Intea Fastigheter AB,,,BQ3QQ53,,"52,671","565,903",0.00%,
Listed Property,,,,InterRent Real Estate Investment Trust,,,B1L9R12,,"107,971","1,557,993",0.00%,
Listed Property,,,,Intershop Holding AG,,,BNKT5J1,,"4,477","1,393,152",0.00%,
Listed Property,,,,InvenTrust Properties Corp.,,,BKP4ZK1,,"64,162","2,737,139",0.00%,
Listed Property,,,,Investis Holding SA,,,BDC7B95,,"1,401","383,191",0.00%,
Listed Property,,,,Invincible Investment Corp.,,,B00STP1,,"6,041","3,833,438",0.00%,
Listed Property,,,,"Invitation Homes, Inc.",,,BD81GW9,,"507,138","21,362,385",0.01%,
Listed Property,,,,Irish Residential Properties REIT Plc,,,BJ34P51,,"421,137","695,717",0.00%,
Listed Property,,,,Irish Residential Properties REIT Plc,,,BM676K0,,"1,189","1,977",0.00%,
Listed Property,,,,"Iron Mountain, Inc.",,,BVFTF03,,"243,044","30,548,530",0.01%,
Listed Property,,,,"Japan Excellent, Inc.",,,B15T1R2,,919,"1,333,765",0.00%,
Listed Property,,,,Japan Hotel REIT Investment Corp.,,,B1530B1,,"4,025","3,317,296",0.00%,
Listed Property,,,,"Japan Logistics Fund, Inc.",,,B07NL19,,"2,139","2,130,295",0.00%,
Listed Property,,,,Japan Metropolitan Fund Investment Corp.,,,6513342,,"5,532","6,567,984",0.00%,
Listed Property,,,,Japan Prime Realty Investment Corp.,,,6528175,,"2,966","3,052,705",0.00%,
Listed Property,,,,Japan Real Estate Investment Corp.,,,6397580,,"5,527","6,921,612",0.00%,
Listed Property,,,,JBG SMITH Properties,,,BD3BX01,,"48,974","1,262,080",0.00%,
Listed Property,,,,JR Global REIT,,,BMXTQP4,,"155,376","479,691",0.00%,
Listed Property,,,,KDX Realty Investment Corp.,,,B0C5Q59,,"3,053","5,233,157",0.00%,
Listed Property,,,,"Kennedy-Wilson Holdings, Inc.",,,B298495,,"99,452","1,460,051",0.00%,
Listed Property,,,,Keppel DC REIT,,,BT9Q186,,"1,613,471","4,233,256",0.00%,
Listed Property,,,,Keppel REIT,,,B12RQH4,,"2,452,000","2,787,764",0.00%,
Listed Property,,,,Keppel REIT,,,BSZ8B45,,"452,065","7,907",0.00%,
Listed Property,,,,Killam Apartment REIT,,,BYZ1856,,"98,609","1,774,690",0.00%,
Listed Property,,,,Kilroy Realty Corp.,,,2495529,,"97,072","5,518,482",0.00%,
Listed Property,,,,Kimco Realty Corp.,,,2491594,,"553,860","16,835,484",0.01%,
Listed Property,,,,Kite Realty Group Trust,,,BPBSZJ1,,"178,637","6,421,128",0.00%,
Listed Property,,,,Kiwi Property Group Ltd.,,,BTDY2M7,,"1,171,727","1,065,998",0.00%,
Listed Property,,,,Klépierre SA,,,7582556,,"171,612","10,197,628",0.00%,
Listed Property,,,,Kojamo Oyj,,,BFYR8L8,,"126,745","2,283,563",0.00%,
Listed Property,,,,Land Securities Group Plc,,,BYW0PQ6,,"613,033","7,927,625",0.00%,
Listed Property,,,,LaSalle LOGIPORT REIT,,,BDD1L29,,"1,328","2,015,020",0.00%,
Listed Property,,,,LEG Immobilien SE,,,B9G6L89,,"62,541","6,856,629",0.00%,
Listed Property,,,,Lendlease Global Commercial REIT,,,BKBPXB5,,"1,408,281","1,018,150",0.00%,
Listed Property,,,,Life Science Reit Plc,,,BP5X4Q2,,"238,725","189,716",0.00%,
Listed Property,,,,Lifestyle Communities Ltd.,,,6137195,,"79,789","402,934",0.00%,
Listed Property,,,,"Lineage, Inc.",,,BP5DSY8,,"58,678","3,126,164",0.00%,
Listed Property,,,,Link Real Estate Investment Trust,,,B0PB4M7,,"2,137,447","14,306,127",0.01%,
Listed Property,,,,Logistea AB,,,BPG98P6,,"229,238","534,728",0.00%,
Listed Property,,,,LondonMetric Property Plc,,,B4WFW71,,"1,837,786","7,145,971",0.00%,
Listed Property,,,,"LOTTE REIT Co., Ltd.",,,BKTPM65,,"124,091","523,837",0.00%,
Listed Property,,,,"LTC Properties, Inc.",,,2498788,,"37,426","1,929,528",0.00%,
Listed Property,,,,LXP Industrial Trust,,,BSLN6B6,,"47,944","3,614,942",0.00%,
Listed Property,,,,Macerich Co.,,,2543967,,"208,857","5,781,660",0.00%,
Listed Property,,,,Mapletree Industrial Trust,,,B4LR5Q8,,"1,699,028","4,120,925",0.00%,
Listed Property,,,,Mapletree Logistics Trust,,,B0D6P43,,"2,778,279","4,276,423",0.00%,
Listed Property,,,,Mapletree Pan Asia Commercial Trust,,,B5143W8,,"1,870,148","3,205,710",0.00%,
Listed Property,,,,"Medical Properties Trust, Inc.",,,B0JL5L9,,"414,448","3,163,441",0.00%,
Listed Property,,,,Melisron Ltd.,,,6565310,,"20,081","3,905,053",0.00%,
Listed Property,,,,Mercialys SA,,,B0LMF87,,"77,543","1,507,711",0.00%,
Listed Property,,,,MERLIN Properties SOCIMI SA,,,BNGNB77,,"311,062","6,809,646",0.00%,
Listed Property,,,,"Mid-America Apartment Communities, Inc.",,,2589132,,"96,465","20,094,404",0.01%,
Listed Property,,,,MIRAI Corp.,,,BZ1B0D9,,"1,473","726,288",0.00%,
Listed Property,,,,MIRARTH Real Estate Investment Corp.,,,BZ16GD6,,714,"638,687",0.00%,
Listed Property,,,,Mirvac Group,,,6161978,,"3,274,829","6,867,316",0.00%,
Listed Property,,,,"Mitsubishi Estate Co., Ltd.",,,6596729,,"902,900","33,006,147",0.01%,
Listed Property,,,,Mitsubishi Estate Logistics REIT Investment Corp.,,,BF46Y06,,"1,094","1,390,979",0.00%,
Listed Property,,,,"Mitsui Fudosan Accommodations Fund, Inc.",,,B182BB2,,"1,935","2,488,046",0.00%,
Listed Property,,,,"Mitsui Fudosan Co., Ltd.",,,6597603,,"2,161,900","36,826,100",0.01%,
Listed Property,,,,"Mitsui Fudosan Logistics Park, Inc.",,,BYZWTW3,,"2,473","2,888,803",0.00%,
Listed Property,,,,Mobimo Holding AG,,,B0BV896,,"6,178","4,279,949",0.00%,
Listed Property,,,,MONTEA NV,,,B1FWD64,,"17,335","2,234,814",0.00%,
Listed Property,,,,Mori Hills REIT Investment Corp.,,,B1GF9P3,,"1,158","1,650,718",0.00%,
Listed Property,,,,"MORI TRUST REIT, Inc.",,,6729558,,"1,954","1,460,003",0.00%,
Listed Property,,,,"National Health Investors, Inc.",,,2626125,,"38,010","4,405,478",0.00%,
Listed Property,,,,National Storage Affiliates Trust,,,BWWCK85,,"58,493","2,474,451",0.00%,
Listed Property,,,,National Storage REIT,,,BGP6479,,"1,009,992","2,817,878",0.00%,
Listed Property,,,,Neobo Fastigheter AB,,,B9J8FX5,,"67,301","202,640",0.00%,
Listed Property,,,,NetSTREIT Corp.,,,BMFLYL0,,"69,308","1,833,386",0.00%,
Listed Property,,,,New World Development Co. Ltd.,,,BM94GQ4,,"1,142,000","1,599,549",0.00%,
Listed Property,,,,Newriver Reit Plc,,,BD7XPJ6,,"313,493","456,536",0.00%,
Listed Property,,,,"NexPoint Residential Trust, Inc.",,,BWC6PW6,,"18,556","837,573",0.00%,
Listed Property,,,,NextDC Ltd.,,,B5LMKP4,,"529,664","6,636,690",0.00%,
Listed Property,,,,"Nippon Building Fund, Inc.",,,6396800,,"6,530","9,063,436",0.00%,
Listed Property,,,,"Nippon Prologis REIT, Inc.",,,B98BC67,,"5,971","5,399,494",0.00%,
Listed Property,,,,NIPPON REIT Investment Corp.,,,BLC7414,,"1,342","1,296,466",0.00%,
Listed Property,,,,"NNN REIT, Inc.",,,2211811,,"155,369","9,233,371",0.00%,
Listed Property,,,,"Nomura Real Estate Holdings, Inc.",,,B1CWJM5,,"433,100","4,006,755",0.00%,
Listed Property,,,,"Nomura Real Estate Master Fund, Inc.",,,BYSJJF4,,"3,390","5,614,032",0.00%,
Listed Property,,,,Northwest Healthcare Properties Real Estate Investment Trust,,,B4Y8WM3,,"183,514","1,031,016",0.00%,
Listed Property,,,,NP3 Fastigheter AB,,,BT6SSF1,,"26,168","1,102,472",0.00%,
Listed Property,,,,NSI NV,,,BZBY737,,"12,260","418,457",0.00%,
Listed Property,,,,NTT UD REIT Investment Corp.,,,6543800,,"1,066","1,455,794",0.00%,
Listed Property,,,,Nyfosa AB,,,BFD2NK8,,"132,582","1,615,232",0.00%,
Listed Property,,,,"Omega Healthcare Investors, Inc.",,,2043274,,"243,828","16,212,542",0.01%,
Listed Property,,,,"One REIT, Inc.",,,BDGTL31,,533,"463,521",0.00%,
Listed Property,,,,"ORIX JREIT, Inc.",,,6527774,,"4,352","4,425,887",0.00%,
Listed Property,,,,OUE Real Estate Investment Trust,,,BJ62K79,,"1,850,000","776,614",0.00%,
Listed Property,,,,Pandox AB,,,BZ0CT92,,"88,077","2,908,412",0.00%,
Listed Property,,,,"Park Hotels & Resorts, Inc.",,,BYVMVV0,,"163,148","2,620,252",0.00%,
Listed Property,,,,Parkway Life Real Estate Investment Trust,,,B23WXW9,,"360,300","1,714,176",0.00%,
Listed Property,,,,Peach Property Group AG,,,B3NHS04,,"36,261","431,718",0.00%,
Listed Property,,,,Pebblebrook Hotel Trust,,,B4XBDV9,,"96,641","1,641,962",0.00%,
Listed Property,,,,"Phillips Edison & Co., Inc.",,,BN48ZR2,,"104,419","5,586,702",0.00%,
Listed Property,,,,Picton Property Income Ltd.,,,B0LCW20,,"399,103","596,504",0.00%,
Listed Property,,,,"Piedmont Realty Trust, Inc.",,,B3M3278,,"102,170","1,277,795",0.00%,
Listed Property,,,,Platzer Fastigheter Holding AB,,,BH0WHG9,,"52,247","633,162",0.00%,
Listed Property,,,,PPHE Hotel Group Ltd.,,,B1Z5FH8,,"19,114","692,418",0.00%,
Listed Property,,,,Precinct Properties NZ & Precinct Properties Investments Ltd.,,,6093275,,"1,356,386","1,403,596",0.00%,
Listed Property,,,,Primaris Real Estate Investment Trust,,,BPCK370,,"93,583","1,602,469",0.00%,
Listed Property,,,,Primary Health Properties Plc,,,BYRJ5J1,,"2,110,055","4,166,648",0.00%,
Listed Property,,,,"Prologis, Inc.",,,B44WZD7,,"768,539","147,127,073",0.05%,
Listed Property,,,,Prosperity Real Estate Investment Trust,,,B0PVBN7,,"1,069,000","294,517",0.00%,
Listed Property,,,,PSP Swiss Property AG,,,B012877,,"37,811","10,270,218",0.00%,
Listed Property,,,,Public Property Invest ASA,,,BS3F0B8,,"130,400","451,700",0.00%,
Listed Property,,,,Public Storage,,,2852533,,"130,873","50,928,310",0.02%,
Listed Property,,,,Realty Income Corp.,,,2724193,,"757,754","64,361,081",0.02%,
Listed Property,,,,Regency Centers Corp.,,,2726177,,"149,941","15,692,362",0.01%,
Listed Property,,,,Region Group,,,BPBMY63,,"959,420","2,320,837",0.00%,
Listed Property,,,,Regional REIT Ltd.,,,BSY2LD7,,"104,394","230,147",0.00%,
Listed Property,,,,Residential Secure Income Plc,,,BYSX150,,"153,240","178,653",0.00%,
Listed Property,,,,Retail Estates SA,,,5438361,,"9,629","1,081,953",0.00%,
Listed Property,,,,"Rexford Industrial Realty, Inc.",,,BC9ZHL9,,"193,152","11,339,733",0.00%,
Listed Property,,,,RioCan Real Estate Investment Trust,,,2229610,,"244,486","5,023,542",0.00%,
Listed Property,,,,RLJ Lodging Trust,,,B3PY1N7,,"112,213","1,278,877",0.00%,
Listed Property,,,,"Ryman Hospitality Properties, Inc.",,,B8QV5C9,,"50,802","7,299,764",0.00%,
Listed Property,,,,"Sabra Health Care REIT, Inc.",,,B5NLBP6,,"195,542","5,553,821",0.00%,
Listed Property,,,,"Safehold, Inc.",,,BMDBB99,,"46,152","959,721",0.00%,
Listed Property,,,,Safestore Holdings Plc,,,B1N7Z09,,"176,950","2,626,871",0.00%,
Listed Property,,,,Sagax AB,,,B9M3PK4,,"177,435","5,703,267",0.00%,
Listed Property,,,,Samhällsbyggnadsbolaget I Norden AB,,,BD7Y737,,"767,280","577,873",0.00%,
Listed Property,,,,Samty Residential Investment Corp.,,,BYRVCJ6,,291,"324,337",0.00%,
Listed Property,,,,"Sankei Real Estate, Inc.",,,BHXM4W1,,344,"341,942",0.00%,
Listed Property,,,,Scentre Group,,,BLZH0Z7,,"4,314,803","18,122,173",0.01%,
Listed Property,,,,Schroder Real Estate Investment Trust Ltd.,,,B01HM14,,"349,675","382,979",0.00%,
Listed Property,,,,SEGRO PLC,,,B5ZN1N8,,"1,114,362","16,192,365",0.01%,
Listed Property,,,,"Sekisui House Reit, Inc.",,,BSKRKL7,,"3,120","2,749,878",0.00%,
Listed Property,,,,Shaftesbury Capital Plc,,,B62G9D3,,"1,202,910","3,518,126",0.00%,
Listed Property,,,,"Shinhan Alpha REIT Co., Ltd.",,,BG0WBV5,,"95,770","557,295",0.00%,
Listed Property,,,,Shurgard Self Storage Ltd.,,,BQZCBZ4,,"26,733","1,379,500",0.00%,
Listed Property,,,,"Sila Realty Trust, Inc.",,,BSMR3P0,,"45,756","1,599,419",0.00%,
Listed Property,,,,"Simon Property Group, Inc.",,,2812452,,"268,466","74,523,118",0.03%,
Listed Property,,,,Sino Land Co. Ltd.,,,6810429,,"2,986,396","5,880,242",0.00%,
Listed Property,,,,Sirius Real Estate Ltd.,,,B1W3VF5,,"1,232,009","2,429,613",0.00%,
Listed Property,,,,"SK REIT Co., Ltd.",,,BMYH2M6,,"157,507","958,539",0.00%,
Listed Property,,,,SL Green Realty Corp.,,,BPGKM57,,"59,090","4,064,570",0.00%,
Listed Property,,,,SmartCentres Real Estate Investment Trust,,,BZ22BK5,,"105,122","2,976,384",0.00%,
Listed Property,,,,Social Housing REIT Plc,,,BF0P7H5,,"309,326","430,503",0.00%,
Listed Property,,,,"SOSiLA Logistics REIT, Inc.",,,BG0WNL9,,544,"669,939",0.00%,
Listed Property,,,,"STAG Industrial, Inc.",,,B64BRQ5,,"155,104","8,578,964",0.00%,
Listed Property,,,,Star Asia Investment Corp.,,,BYYJ8J5,,"2,013","1,188,248",0.00%,
Listed Property,,,,Starhill Global Real Estate Investment Trust,,,B0HZGR6,,"1,173,657","814,309",0.00%,
Listed Property,,,,Starts Proceed Investment Corp.,,,B0NNX17,,165,"325,658",0.00%,
Listed Property,,,,Stendörren Fastigheter AB,,,BTJHKD7,,"1,548","50,865",0.00%,
Listed Property,,,,Stockland,,,6850856,,"1,993,437","11,601,803",0.00%,
Listed Property,,,,Stoneweg Europe Stapled Trust,,,BVMDVL1,,"300,006","861,240",0.00%,
Listed Property,,,,"StorageVault Canada, Inc.",,,B296BQ5,,"185,966","950,606",0.00%,
Listed Property,,,,Stride Property Group,,,BD6K242,,"399,637","475,579",0.00%,
Listed Property,,,,"Sumitomo Realty & Development Co., Ltd.",,,6858902,,"538,600","20,260,866",0.01%,
Listed Property,,,,"Sun Communities, Inc.",,,2860257,,"101,514","19,021,031",0.01%,
Listed Property,,,,Sun Hung Kai Properties Ltd.,,,6859927,,"1,152,500","21,027,509",0.01%,
Listed Property,,,,SUNeVision Holdings Ltd.,,,6222217,,"508,000","450,213",0.00%,
Listed Property,,,,Sunlight Real Estate Investment Trust,,,B1KR438,,"815,000","368,997",0.00%,
Listed Property,,,,"Sunstone Hotel Investors, Inc.",,,B034LG1,,"148,911","2,016,445",0.00%,
Listed Property,,,,Suntec Real Estate Investment Trust,,,B04PZ72,,"1,740,300","2,922,251",0.00%,
Listed Property,,,,Supermarket Income REIT Plc,,,BF345X1,,"991,377","1,629,697",0.00%,
Listed Property,,,,Sveafastigheter AB,,,BSJMD36,,"48,749","323,378",0.00%,
Listed Property,,,,Swedish Logistic Property AB,,,BJLL640,,"140,401","946,656",0.00%,
Listed Property,,,,Swire Properties Ltd.,,,B67C2G0,,"813,000","3,286,192",0.00%,
Listed Property,,,,Swiss Prime Site AG,,,B083BH4,,"62,998","14,690,855",0.01%,
Listed Property,,,,TAG Immobilien AG,,,5735631,,"148,736","3,465,632",0.00%,
Listed Property,,,,"Tanger, Inc.",,,2874582,,"91,914","4,599,490",0.00%,
Listed Property,,,,Target Healthcare REIT Plc,,,BJGTLF5,,"516,840","1,017,457",0.00%,
Listed Property,,,,Terreno Realty Corp.,,,B3N4753,,"83,899","7,452,386",0.00%,
Listed Property,,,,The British Land Co. Plc,,,0136701,,"802,142","6,734,202",0.00%,
Listed Property,,,,The PRS REIT Plc,,,BF01NH5,,"420,353","963,170",0.00%,
Listed Property,,,,The UNITE Group Plc,,,0692861,,"341,498","3,853,883",0.00%,
Listed Property,,,,"Tokyo Tatemono Co., Ltd.",,,6895426,,"160,100","5,507,174",0.00%,
Listed Property,,,,"TOKYU REIT, Inc.",,,6687203,,667,"1,321,551",0.00%,
Listed Property,,,,Tritax Big Box REIT Plc,,,BG49KP9,,"2,009,869","6,170,107",0.00%,
Listed Property,,,,"UDR, Inc.",,,2727910,,"273,853","15,063,250",0.01%,
Listed Property,,,,"UMH Properties, Inc.",,,2908191,,"65,388","1,560,056",0.00%,
Listed Property,,,,Unibail-Rodamco-Westfield SE,,,BF2PQ09,,"100,368","16,396,927",0.01%,
Listed Property,,,,United Urban Investment Corp.,,,6723839,,"2,528","4,515,192",0.00%,
Listed Property,,,,UOL Group Ltd.,,,6916844,,"379,300","3,865,673",0.00%,
Listed Property,,,,Urban Edge Properties,,,BTPSGQ9,,"104,605","3,010,227",0.00%,
Listed Property,,,,Vastned NV,,,5847086,,"6,747","369,554",0.00%,
Listed Property,,,,"Ventas, Inc.",,,2927925,,"387,652","45,261,430",0.02%,
Listed Property,,,,"Veris Residential, Inc.",,,2192314,,"61,894","1,388,520",0.00%,
Listed Property,,,,VGP NV,,,B29L881,,"11,160","1,936,007",0.00%,
Listed Property,,,,"VICI Properties, Inc.",,,BYWH073,,"883,115","37,833,860",0.01%,
Listed Property,,,,Vicinity Centres,,,BY7QXS7,,"3,193,993","8,176,622",0.00%,
Listed Property,,,,Vital Healthcare Property Trust,,,6173843,,"358,276","616,365",0.00%,
Listed Property,,,,Vonovia SE,,,BBJPFY1,,"623,574","26,950,635",0.01%,
Listed Property,,,,Vornado Realty Trust,,,2933632,,"145,574","7,265,056",0.00%,
Listed Property,,,,"W.P. Carey, Inc.",,,B826YT8,,"180,088","17,629,369",0.01%,
Listed Property,,,,Wallenstam AB,,,BLDB2F5,,"274,910","1,850,455",0.00%,
Listed Property,,,,Warehouses De Pauw SA,,,BK8VQD9,,"152,239","5,930,858",0.00%,
Listed Property,,,,Waypoint REIT Ltd.,,,BLBQ285,,"516,418","1,338,555",0.00%,
Listed Property,,,,"Welltower, Inc.",,,BYVYHH4,,"568,862","158,336,171",0.06%,
Listed Property,,,,Wereldhave NV,,,4948623,,"31,428","1,066,055",0.00%,
Listed Property,,,,Wharf Real Estate Investment Co. Ltd.,,,BF0GWS4,,"1,279,000","6,056,885",0.00%,
Listed Property,,,,Wihlborgs Fastigheter AB,,,BPMQMP9,,"224,370","3,330,390",0.00%,
Listed Property,,,,Workspace Group Plc,,,B67G5X0,,"108,569","873,754",0.00%,
Listed Property,,,,"Xenia Hotels & Resorts, Inc.",,,BVV6CY1,,"77,781","1,665,611",0.00%,
Listed Property,,,,Xior Student Housing NV,,,BZ1NNF8,,"32,322","1,653,734",0.00%,
Listed Property,,,,Xior Student Housing NV,,,,,"7,697",0,0.00%,
Total,,,,,,,,,,"2,322,173,697",0.86%,
Unlisted Property,Externally,,,,Altarea Cogedim,,,,,"48,784,792",0.02%,
Unlisted Property,Externally,,,,Berkshire Property Advisors LLC,,,,,"578,697,765",0.21%,
Unlisted Property,Externally,,,,BlackRock,,,,,"140,268",0.00%,
Unlisted Property,Externally,,,,Blackstone Real Estate,,,,,"514,080,325",0.19%,
Unlisted Property,Externally,,,,Brookfield Asset Management,,,,,"2,780,779,846",1.03%,
Unlisted Property,Externally,,,,Columbia Pacific Advisors,,,,,"243,938,517",0.09%,
Unlisted Property,Externally,,,,CorVal Partners Limited,,,,,"116,976,718",0.04%,
Unlisted Property,Externally,,,,Greystar Equity Partners,,,,,"1,290,915,867",0.48%,
Unlisted Property,Externally,,,,Harbert Management Corporation,,,,,"5,132,720",0.00%,
Unlisted Property,Externally,,,,Hillwood Investment Properties,,,,,"1,703,214,825",0.63%,
Unlisted Property,Externally,,,,ICAMAP Advisory,,,,,"5,897,676",0.00%,
Unlisted Property,Externally,,,,Logistics Property Company,,,,,"170,178,383",0.06%,
Unlisted Property,Externally,,,,Macquarie Asset Management Real Estate,,,,,"380,898,119",0.14%,
Unlisted Property,Externally,,,,Morgan Stanley Real Estate Investing,,,,,"827,092,949",0.31%,
Unlisted Property,Externally,,,,PEET Limited,,,,,"17,363,712",0.01%,
Unlisted Property,Externally,,,,Starlight Investments,,,,,"353,667,835",0.13%,
Total,,,,,,,,,,"9,037,760,317",3.35%,
Listed Infrastructure,,,,Aena S.M.E. SA,,,BTMKJR0,,"3,188,087","133,745,251",0.05%,
Listed Infrastructure,,,,Aéroports de Paris,,,B164FY1,,"205,450","40,308,606",0.01%,
Listed Infrastructure,,,,American Tower Corp.,,,B7FBFL2,,"1,063,599","282,810,531",0.10%,
Listed Infrastructure,,,,Atmos Energy Corp.,,,2315359,,"497,351","125,022,041",0.05%,
Listed Infrastructure,,,,"Boralex, Inc.",,,2099084,,"804,795","22,301,500",0.01%,
Listed Infrastructure,,,,Canadian National Railway Co.,,,2180632,,"280,750","41,693,966",0.02%,
Listed Infrastructure,,,,Cellnex Telecom SA,,,BX90C05,,"6,048,984","292,223,199",0.11%,
Listed Infrastructure,,,,"CenterPoint Energy, Inc.",,,2440637,,"2,055,485","118,178,443",0.04%,
Listed Infrastructure,,,,"Consolidated Edison, Inc.",,,2216850,,"1,404,307","209,156,139",0.08%,
Listed Infrastructure,,,,"Crown Castle, Inc.",,,BTGQCX1,,"1,052,454","140,258,809",0.05%,
Listed Infrastructure,,,,CSX Corp.,,,2160753,,"1,071,864","58,266,582",0.02%,
Listed Infrastructure,,,,"DT Midstream, Inc.",,,BN7L880,,"592,521","107,068,727",0.04%,
Listed Infrastructure,,,,Edison International,,,2829515,,"1,383,308","124,504,980",0.05%,
Listed Infrastructure,,,,Elia Group SA/NV,,,B09M9F4,,"380,913","73,593,400",0.03%,
Listed Infrastructure,,,,"Emera, Inc.",,,B11JS64,,"2,247,340","165,942,898",0.06%,
Listed Infrastructure,,,,"Enbridge, Inc.",,,2466149,,"3,431,193","246,542,559",0.09%,
Listed Infrastructure,,,,Eversource Energy,,,BVVN4Q8,,"726,710","73,373,899",0.03%,
Listed Infrastructure,,,,Exelon Corp.,,,2670519,,"3,032,957","198,255,373",0.07%,
Listed Infrastructure,,,,Fraport AG Frankfurt Airport Services Worldwide,,,7107551,,"484,981","59,747,383",0.02%,
Listed Infrastructure,,,,Getlink SE,,,B292JQ9,,"4,143,311","114,784,356",0.04%,
Listed Infrastructure,,,,H2O America,,,2811932,,"147,551","10,839,804",0.00%,
Listed Infrastructure,,,,Keyera Corp.,,,B3SGMV5,,"1,187,398","57,156,101",0.02%,
Listed Infrastructure,,,,Keyera Corp.,,,BPSNLM4,,"113,960","5,298,525",0.00%,
Listed Infrastructure,,,,"Kinder Morgan, Inc.",,,B3NQ4P8,,"1,220,820","50,326,673",0.02%,
Listed Infrastructure,,,,National Grid Plc,,,BDR05C0,,"14,476,631","338,088,268",0.13%,
Listed Infrastructure,,,,"NiSource, Inc.",,,2645409,,"1,763,050","110,407,090",0.04%,
Listed Infrastructure,,,,Ørsted A/S,,,BYT16L4,,"684,618","19,751,238",0.01%,
Listed Infrastructure,,,,Pennon Group Plc,,,BNNTLN4,,"4,642,567","49,395,904",0.02%,
Listed Infrastructure,,,,PG&E Corp.,,,2689560,,"12,769,018","308,664,372",0.11%,
Listed Infrastructure,,,,Pinnacle West Capital Corp.,,,2048804,,"1,359,300","180,805,144",0.07%,
Listed Infrastructure,,,,"Public Service Enterprise Group, Inc.",,,2707677,,"1,078,952","129,924,039",0.05%,
Listed Infrastructure,,,,Redeia Corporacion SA,,,BD6FXN3,,"2,352,138","62,842,699",0.02%,
Listed Infrastructure,,,,RWE AG,,,4768962,,"1,595,456","127,176,195",0.05%,
Listed Infrastructure,,,,Sacyr SA,,,5504789,,"3,845,749","26,184,798",0.01%,
Listed Infrastructure,,,,SBA Communications Corp.,,,BZ6TS23,,"160,805","46,643,940",0.02%,
Listed Infrastructure,,,,Sempra,,,2138158,,"1,660,188","221,555,656",0.08%,
Listed Infrastructure,,,,SES SA,,,B00ZQQ2,,"11,302,088","110,075,398",0.04%,
Listed Infrastructure,,,,Severn Trent Plc,,,B1FH8J7,,"4,481,360","256,653,214",0.10%,
Listed Infrastructure,,,,Spire Inc.,,,BYXJQG9,,"466,590","58,538,940",0.02%,
Listed Infrastructure,,,,SSE Plc,,,0790873,,"2,567,991","114,189,623",0.04%,
Listed Infrastructure,,,,Targa Resources Corp.,,,B55PZY3,,"188,080","52,036,830",0.02%,
Listed Infrastructure,,,,TC Energy Corp.,,,BJMY6G0,,"2,269,986","189,485,313",0.07%,
Listed Infrastructure,,,,TERNA Rete Elettrica Nazionale SpA,,,B01BN57,,"3,487,506","55,611,153",0.02%,
Listed Infrastructure,,,,"The Williams Cos., Inc.",,,2967181,,"3,806,825","343,148,010",0.13%,
Listed Infrastructure,,,,Transurban Group Ltd.,,,6200882,,"19,166,007","278,865,402",0.10%,
Listed Infrastructure,,,,Union Pacific Corp.,,,2914734,,"373,756","129,650,203",0.05%,
Listed Infrastructure,,,,United Utilities Group Plc,,,B39J2M4,,"8,197,499","200,378,576",0.07%,
Listed Infrastructure,,,,VINCI SA,,,B1XH026,,"807,748","170,782,947",0.06%,
Listed Infrastructure,,,,"Waste Connections, Inc.",,,BYVG1F6,,"155,000","40,759,991",0.02%,
Listed Infrastructure,,,,"Waste Management, Inc.",,,2937667,,"126,070","41,536,837",0.02%,
Listed Infrastructure,,,,"Xcel Energy, Inc.",,,2614807,,0,"175,620",0.00%,
Total,,,,,,,,,,"6,414,727,148",2.38%,
Unlisted Infrastructure,Internally,,,Amplitel,,,,20%,,,,
Unlisted Infrastructure,Internally,,,APAC,,,,20%,,,,
Unlisted Infrastructure,Internally,,,CDC,,,,29%,,,,
Unlisted Infrastructure,Internally,,,Horizon Roads,,,,18%,,,,
Unlisted Infrastructure,Internally,,,OneFortyOne,,,,50%,,,,
Unlisted Infrastructure,Internally,,,Perth Airport,,,,30%,,,,
Unlisted Infrastructure,Internally,,,Port of Melbourne,,,,20%,,,,
Unlisted Infrastructure,Internally,,,TILT,,,,40%,,,,
Unlisted Infrastructure,Internally,,,Transgrid,,,,8%,,,,
Total,,,,,,,,,,"16,215,697,384",6.01%,
Unlisted Infrastructure,Externally,,,,Campbell Global,,,,,"352,940,588",0.13%,
Unlisted Infrastructure,Externally,,,,DWS Alternatives Global Limited,,,,,"102,023,256",0.04%,
Unlisted Infrastructure,Externally,,,,EQT Infrastructure,,,,,"611,468,672",0.23%,
Unlisted Infrastructure,Externally,,,,Global Infrastructure Partners,,,,,"2,503,866,649",0.93%,
Unlisted Infrastructure,Externally,,,,Lotus Infrastructure Partners,,,,,"653,229,653",0.24%,
Unlisted Infrastructure,Externally,,,,Morgan Stanley Infrastructure Partners,,,,,"1,299,856,341",0.48%,
Unlisted Infrastructure,Externally,,,,Oaktree Capital Management,,,,,"7,958,510",0.00%,
Total,,,,,,,,,,"5,531,343,669",2.05%,
Unlisted Alternatives,Externally,,,,Atom Investors LP,,,,,"792,222,933",0.29%,
Unlisted Alternatives,Externally,,,,BlackRock,,,,,"7,497,630,858",2.78%,
Unlisted Alternatives,Externally,,,,Blackstone Alternative Asset Management Limited,,,,,"5,156,764,351",1.91%,
Unlisted Alternatives,Externally,,,,Bridgewater Associates Ltd,,,,,"911,343,411",0.34%,
Unlisted Alternatives,Externally,,,,Citadel Advisors LLC,,,,,"4,426,498,348",1.64%,
Unlisted Alternatives,Externally,,,,Clocktower Group L.P.,,,,,"565,087,396",0.21%,
Unlisted Alternatives,Externally,,,,"D.E. Shaw & Co., LLC",,,,,"249,695,458",0.09%,
Unlisted Alternatives,Externally,,,,Dymon Asia Capital,,,,,"1,386,634,216",0.51%,
Unlisted Alternatives,Externally,,,,Effissimo Capital Management,,,,,"2,029,828,644",0.75%,
Unlisted Alternatives,Externally,,,,Elementum Advisors LLC,,,,,"228,824,318",0.08%,
Unlisted Alternatives,Externally,,,,Hiscox ILS,,,,,"283,937,787",0.11%,
Unlisted Alternatives,Externally,,,,Ionic Capital Management Ltd,,,,,"3,067,146,997",1.14%,
Unlisted Alternatives,Externally,,,,JJJ Capital Management,,,,,"1,139,814,343",0.42%,
Unlisted Alternatives,Externally,,,,Man Group,,,,,"5,307,828,417",1.97%,
Unlisted Alternatives,Externally,,,,Quantix Commodities LP,,,,,"497,174,404",0.18%,
Unlisted Alternatives,Externally,,,,Qube Research and Technologies,,,,,"3,158,591,938",1.17%,
Unlisted Alternatives,Externally,,,,Schonfeld Strategic Advisors LLC,,,,,"2,302,436,341",0.85%,
Unlisted Alternatives,Externally,,,,Squarepoint Capital,,,,,"2,478,289,456",0.92%,
Unlisted Alternatives,Externally,,,,Wellington Investment Management,,,,,"3,160,154,550",1.17%,
Total,,,,,,,,,,"44,639,904,165",16.53%,
Total Investment Items,,,,,,,,,,"266,836,623,026",98.83%,
,,,,,,,,,,,,
,,,,,,,,,,,,
Table 2 -  Derivatives by kind of derivative,,,,,,,,,,,,
Portfolio Holdings Information for:,Future Fund,,,,,,,,,,,
Reporting Date: ,31/12/2025,,,,,,,,,,,
,,,,,,,,,,,,
Kind of Derivative,Value (AUD),Weighting (%),,,,,,,,,,
Swaps," 1,629,326,541 ",0.60%,,,,,,,,,,
Forwards," 688,842,610 ",0.26%,,,,,,,,,,
Futures," 383,664,354 ",0.14%,,,,,,,,,,
Options," 454,107,919 ",0.17%,,,,,,,,,,
Total," 3,155,941,425 ",1.17%,,,,,,,,,,
,,,,,,,,,,,,
,,,,,,,,,,,,
Table 3 -  Derivatives by asset class,,,,,,,,,,,,
Portfolio Holdings Information for:,Future Fund,,,,,,,,,,,
Reporting Date: ,31/12/2025,,,,,,,,,,,
,,,,,,,,,,,,
Asset Class,Actual asset allocation (% of total investments (including derivatives)),Effect of derivatives exposure (% of total investments (including derivatives)),,,,,,,,,,
Cash,12%,-29%,,,,,,,,,,
Fixed Income,9%,19%,,,,,,,,,,
Equities,49%,8%,,,,,,,,,,
Property,4%,0%,,,,,,,,,,
Infrastructure,10%,0%,,,,,,,,,,
Alternatives,17%,2%,,,,,,,,,,
Total,100%,,,,,,,,,,,
,,,,,,,,,,,,
,,,,,,,,,,,,
Table 4 -  Derivatives by currency,,,,,,,,,,,,
Portfolio Holdings Information for:,Future Fund,,,,,,,,,,,
Reporting Date: ,31/12/2025,,,,,,,,,,,
,,,,,,,,,,,,
Currency Exposure,Actual currency exposure (% of investments (including derivatives)),Effect of derivatives exposure (% of investments (including derivatives)),,,,,,,,,,
AUD,56%,19%,,,,,,,,,,
USD,21%,-20%,,,,,,,,,,
Currencies of other developed markets,19%,0%,,,,,,,,,,
Currencies of emerging markets,4%,1%,,,,,,,,,,
,,,,,,,,,,,,
,,,,,,,,,,,,
,,,,,,,,,,,,
,,,,,,,,,,,,
,,,,,,,,,,,,
,,,,,,,,,,,,
,,,,,,,,,,,,
,,,,,,,,,,,,
,,,,,,,,,,,,
,,,,,,,,,,,,
,,,,,,,,,,,,
,,,,,,,,,,,,
,,,,,,,,,,,,
,,,,,,,,,,,,
,,,,,,,,,,,,
,,,,,,,,,,,,
,,,,,,,,,,,,
,,,,,,,,,,,,
,,,,,,,,,,,,
,,,,,,,,,,,,
,,,,,,,,,,,,
,,,,,,,,,,,,
,,,,,,,,,,,,
,,,,,,,,,,,,
,,,,,,,,,,,,
,,,,,,,,,,,,
,,,,,,,,,,,,
,,,,,,,,,,,,
,,,,,,,,,,,,
,,,,,,,,,,,,
,,,,,,,,,,,,
,,,,,,,,,,,,
,,,,,,,,,,,,
,,,,,,,,,,,,
,,,,,,,,,,,,
,,,,,,,,,,,,
,,,,,,,,,,,,
,,,,,,,,,,,,
,,,,,,,,,,,,
,,,,,,,,,,,,
,,,,,,,,,,,,
,,,,,,,,,,,,
,,,,,,,,,,,,
,,,,,,,,,,,,
,,,,,,,,,,,,
,,,,,,,,,,,,
,,,,,,,,,,,,
,,,,,,,,,,,,
,,,,,,,,,,,,
,,,,,,,,,,,,
,,,,,,,,,,,,
,,,,,,,,,,,,
,,,,,,,,,,,,
,,,,,,,,,,,,
,,,,,,,,,,,,
,,,,,,,,,,,,
,,,,,,,,,,,,
,,,,,,,,,,,,
,,,,,,,,,,,,
,,,,,,,,,,,,
,,,,,,,,,,,,
,,,,,,,,,,,,
,,,,,,,,,,,,
,,,,,,,,,,,,
,,,,,,,,,,,,
,,,,,,,,,,,,
,,,,,,,,,,,,
,,,,,,,,,,,,
,,,,,,,,,,,,
,,,,,,,,,,,,
,,,,,,,,,,,,
,,,,,,,,,,,,
,,,,,,,,,,,,
,,,,,,,,,,,,
,,,,,,,,,,,,
,,,,,,,,,,,,
,,,,,,,,,,,,
,,,,,,,,,,,,
,,,,,,,,,,,,
,,,,,,,,,,,,
,,,,,,,,,,,,
,,,,,,,,,,,,
,,,,,,,,,,,,
,,,,,,,,,,,,
,,,,,,,,,,,,
,,,,,,,,,,,,
,,,,,,,,,,,,
,,,,,,,,,,,,
,,,,,,,,,,,,
,,,,,,,,,,,,
,,,,,,,,,,,,
,,,,,,,,,,,,
,,,,,,,,,,,,
,,,,,,,,,,,,
,,,,,,,,,,,,
,,,,,,,,,,,,
,,,,,,,,,,,,
,,,,,,,,,,,,
,,,,,,,,,,,,
,,,,,,,,,,,,
,,,,,,,,,,,,
,,,,,,,,,,,,
,,,,,,,,,,,,
,,,,,,,,,,,,
,,,,,,,,,,,,
,,,,,,,,,,,,
,,,,,,,,,,,,
,,,,,,,,,,,,
,,,,,,,,,,,,
,,,,,,,,,,,,
,,,,,,,,,,,,
,,,,,,,,,,,,
,,,,,,,,,,,,
,,,,,,,,,,,,
,,,,,,,,,,,,
,,,,,,,,,,,,
,,,,,,,,,,,,
,,,,,,,,,,,,
,,,,,,,,,,,,
,,,,,,,,,,,,
,,,,,,,,,,,,
,,,,,,,,,,,,
,,,,,,,,,,,,
,,,,,,,,,,,,
,,,,,,,,,,,,
,,,,,,,,,,,,
,,,,,,,,,,,,
,,,,,,,,,,,,
,,,,,,,,,,,,
,,,,,,,,,,,,
,,,,,,,,,,,,
,,,,,,,,,,,,
,,,,,,,,,,,,
,,,,,,,,,,,,
,,,,,,,,,,,,
,,,,,,,,,,,,
,,,,,,,,,,,,
,,,,,,,,,,,,
,,,,,,,,,,,,
,,,,,,,,,,,,
,,,,,,,,,,,,
,,,,,,,,,,,,
,,,,,,,,,,,,
,,,,,,,,,,,,
,,,,,,,,,,,,
,,,,,,,,,,,,
,,,,,,,,,,,,
,,,,,,,,,,,,
,,,,,,,,,,,,
,,,,,,,,,,,,
,,,,,,,,,,,,
,,,,,,,,,,,,
,,,,,,,,,,,,
,,,,,,,,,,,,
,,,,,,,,,,,,
,,,,,,,,,,,,
,,,,,,,,,,,,
,,,,,,,,,,,,
,,,,,,,,,,,,
,,,,,,,,,,,,
,,,,,,,,,,,,
,,,,,,,,,,,,
,,,,,,,,,,,,
,,,,,,,,,,,,
,,,,,,,,,,,,
,,,,,,,,,,,,
,,,,,,,,,,,,
,,,,,,,,,,,,
,,,,,,,,,,,,
,,,,,,,,,,,,
,,,,,,,,,,,,
,,,,,,,,,,,,
,,,,,,,,,,,,
,,,,,,,,,,,,
,,,,,,,,,,,,
,,,,,,,,,,,,
,,,,,,,,,,,,
,,,,,,,,,,,,
,,,,,,,,,,,,
,,,,,,,,,,,,
,,,,,,,,,,,,
,,,,,,,,,,,,
,,,,,,,,,,,,
,,,,,,,,,,,,
,,,,,,,,,,,,
,,,,,,,,,,,,
,,,,,,,,,,,,
,,,,,,,,,,,,
,,,,,,,,,,,,
,,,,,,,,,,,,
,,,,,,,,,,,,
,,,,,,,,,,,,
,,,,,,,,,,,,
,,,,,,,,,,,,
,,,,,,,,,,,,
,,,,,,,,,,,,
,,,,,,,,,,,,
,,,,,,,,,,,,
,,,,,,,,,,,,
,,,,,,,,,,,,
,,,,,,,,,,,,
,,,,,,,,,,,,
,,,,,,,,,,,,
,,,,,,,,,,,,
,,,,,,,,,,,,
,,,,,,,,,,,,
,,,,,,,,,,,,
,,,,,,,,,,,,
,,,,,,,,,,,,
,,,,,,,,,,,,
,,,,,,,,,,,,
,,,,,,,,,,,,
,,,,,,,,,,,,
,,,,,,,,,,,,
,,,,,,,,,,,,
,,,,,,,,,,,,
,,,,,,,,,,,,
,,,,,,,,,,,,
,,,,,,,,,,,,
,,,,,,,,,,,,
,,,,,,,,,,,,
,,,,,,,,,,,,
,,,,,,,,,,,,
,,,,,,,,,,,,
,,,,,,,,,,,,
,,,,,,,,,,,,
,,,,,,,,,,,,
,,,,,,,,,,,,
,,,,,,,,,,,,
,,,,,,,,,,,,
,,,,,,,,,,,,
,,,,,,,,,,,,
,,,,,,,,,,,,
,,,,,,,,,,,,
,,,,,,,,,,,,
,,,,,,,,,,,,
,,,,,,,,,,,,
,,,,,,,,,,,,
,,,,,,,,,,,,
,,,,,,,,,,,,
,,,,,,,,,,,,
,,,,,,,,,,,,
,,,,,,,,,,,,
,,,,,,,,,,,,
,,,,,,,,,,,,
,,,,,,,,,,,,
,,,,,,,,,,,,
,,,,,,,,,,,,
,,,,,,,,,,,,
,,,,,,,,,,,,
,,,,,,,,,,,,
,,,,,,,,,,,,
,,,,,,,,,,,,
,,,,,,,,,,,,
,,,,,,,,,,,,
,,,,,,,,,,,,
,,,,,,,,,,,,
,,,,,,,,,,,,
,,,,,,,,,,,,
,,,,,,,,,,,,
,,,,,,,,,,,,
,,,,,,,,,,,,
,,,,,,,,,,,,
,,,,,,,,,,,,
,,,,,,,,,,,,
,,,,,,,,,,,,
,,,,,,,,,,,,
,,,,,,,,,,,,
,,,,,,,,,,,,
,,,,,,,,,,,,
,,,,,,,,,,,,
,,,,,,,,,,,,
,,,,,,,,,,,,
,,,,,,,,,,,,
,,,,,,,,,,,,
,,,,,,,,,,,,
,,,,,,,,,,,,
,,,,,,,,,,,,
,,,,,,,,,,,,
,,,,,,,,,,,,
,,,,,,,,,,,,
,,,,,,,,,,,,
,,,,,,,,,,,,
,,,,,,,,,,,,
,,,,,,,,,,,,
,,,,,,,,,,,,
,,,,,,,,,,,,
,,,,,,,,,,,,
,,,,,,,,,,,,
,,,,,,,,,,,,
,,,,,,,,,,,,
,,,,,,,,,,,,
,,,,,,,,,,,,
,,,,,,,,,,,,
,,,,,,,,,,,,
,,,,,,,,,,,,
,,,,,,,,,,,,
,,,,,,,,,,,,
,,,,,,,,,,,,
,,,,,,,,,,,,
,,,,,,,,,,,,
,,,,,,,,,,,,
,,,,,,,,,,,,
,,,,,,,,,,,,
,,,,,,,,,,,,
,,,,,,,,,,,,
,,,,,,,,,,,,
,,,,,,,,,,,,
,,,,,,,,,,,,
,,,,,,,,,,,,
,,,,,,,,,,,,
,,,,,,,,,,,,
,,,,,,,,,,,,
,,,,,,,,,,,,
,,,,,,,,,,,,
,,,,,,,,,,,,
,,,,,,,,,,,,
,,,,,,,,,,,,
,,,,,,,,,,,,
,,,,,,,,,,,,
,,,,,,,,,,,,
,,,,,,,,,,,,
,,,,,,,,,,,,
,,,,,,,,,,,,
,,,,,,,,,,,,
,,,,,,,,,,,,
,,,,,,,,,,,,
,,,,,,,,,,,,
,,,,,,,,,,,,
,,,,,,,,,,,,
,,,,,,,,,,,,
,,,,,,,,,,,,
,,,,,,,,,,,,
,,,,,,,,,,,,
,,,,,,,,,,,,
,,,,,,,,,,,,
,,,,,,,,,,,,
,,,,,,,,,,,,
,,,,,,,,,,,,
,,,,,,,,,,,,
,,,,,,,,,,,,
,,,,,,,,,,,,
,,,,,,,,,,,,
,,,,,,,,,,,,
,,,,,,,,,,,,
,,,,,,,,,,,,
,,,,,,,,,,,,
,,,,,,,,,,,,
,,,,,,,,,,,,
,,,,,,,,,,,,
,,,,,,,,,,,,
,,,,,,,,,,,,
,,,,,,,,,,,,
,,,,,,,,,,,,
,,,,,,,,,,,,
,,,,,,,,,,,,
,,,,,,,,,,,,
,,,,,,,,,,,,
,,,,,,,,,,,,
,,,,,,,,,,,,
,,,,,,,,,,,,
,,,,,,,,,,,,
,,,,,,,,,,,,
,,,,,,,,,,,,
,,,,,,,,,,,,
,,,,,,,,,,,,
,,,,,,,,,,,,
,,,,,,,,,,,,
,,,,,,,,,,,,
,,,,,,,,,,,,
,,,,,,,,,,,,
,,,,,,,,,,,,
,,,,,,,,,,,,
,,,,,,,,,,,,
,,,,,,,,,,,,
,,,,,,,,,,,,
,,,,,,,,,,,,
,,,,,,,,,,,,
,,,,,,,,,,,,
,,,,,,,,,,,,
,,,,,,,,,,,,
,,,,,,,,,,,,
,,,,,,,,,,,,
,,,,,,,,,,,,
,,,,,,,,,,,,
,,,,,,,,,,,,
,,,,,,,,,,,,
,,,,,,,,,,,,
,,,,,,,,,,,,
,,,,,,,,,,,,
,,,,,,,,,,,,
,,,,,,,,,,,,
,,,,,,,,,,,,
,,,,,,,,,,,,
,,,,,,,,,,,,
,,,,,,,,,,,,
,,,,,,,,,,,,
,,,,,,,,,,,,
,,,,,,,,,,,,
,,,,,,,,,,,,
,,,,,,,,,,,,
,,,,,,,,,,,,
,,,,,,,,,,,,
,,,,,,,,,,,,
,,,,,,,,,,,,
,,,,,,,,,,,,
,,,,,,,,,,,,
,,,,,,,,,,,,
,,,,,,,,,,,,
,,,,,,,,,,,,
,,,,,,,,,,,,
,,,,,,,,,,,,
,,,,,,,,,,,,
,,,,,,,,,,,,
,,,,,,,,,,,,
,,,,,,,,,,,,
,,,,,,,,,,,,
,,,,,,,,,,,,
,,,,,,,,,,,,
,,,,,,,,,,,,
,,,,,,,,,,,,
,,,,,,,,,,,,
,,,,,,,,,,,,
,,,,,,,,,,,,
,,,,,,,,,,,,
,,,,,,,,,,,,
,,,,,,,,,,,,
,,,,,,,,,,,,
,,,,,,,,,,,,
,,,,,,,,,,,,
,,,,,,,,,,,,
,,,,,,,,,,,,
,,,,,,,,,,,,
,,,,,,,,,,,,
,,,,,,,,,,,,
,,,,,,,,,,,,
,,,,,,,,,,,,
,,,,,,,,,,,,
,,,,,,,,,,,,
,,,,,,,,,,,,
,,,,,,,,,,,,
,,,,,,,,,,,,
,,,,,,,,,,,,
,,,,,,,,,,,,
,,,,,,,,,,,,
,,,,,,,,,,,,
,,,,,,,,,,,,
,,,,,,,,,,,,
,,,,,,,,,,,,
,,,,,,,,,,,,
,,,,,,,,,,,,
,,,,,,,,,,,,
,,,,,,,,,,,,
,,,,,,,,,,,,
,,,,,,,,,,,,
,,,,,,,,,,,,
,,,,,,,,,,,,
,,,,,,,,,,,,
,,,,,,,,,,,,
,,,,,,,,,,,,
,,,,,,,,,,,,
,,,,,,,,,,,,
,,,,,,,,,,,,
,,,,,,,,,,,,
,,,,,,,,,,,,
,,,,,,,,,,,,
,,,,,,,,,,,,
,,,,,,,,,,,,
,,,,,,,,,,,,
,,,,,,,,,,,,
,,,,,,,,,,,,
,,,,,,,,,,,,
,,,,,,,,,,,,
,,,,,,,,,,,,
,,,,,,,,,,,,
,,,,,,,,,,,,
,,,,,,,,,,,,
,,,,,,,,,,,,
,,,,,,,,,,,,
,,,,,,,,,,,,
,,,,,,,,,,,,
,,,,,,,,,,,,
,,,,,,,,,,,,
,,,,,,,,,,,,
,,,,,,,,,,,,
,,,,,,,,,,,,
,,,,,,,,,,,,
,,,,,,,,,,,,
,,,,,,,,,,,,
,,,,,,,,,,,,
,,,,,,,,,,,,
,,,,,,,,,,,,
,,,,,,,,,,,,
